# 3ds Max Wavefront OBJ Exporter v0.97b - (c)2007 guruware
# File Created: 05.11.2018 10:00:42

#
# object chainsaw_chainlink_LP_UV
#

v  -4.2442 -25.2599 -1.7544
v  -4.2442 -25.3901 -1.7914
v  -4.2442 -25.4037 -1.6872
v  -4.2442 -25.2638 -1.6514
v  -4.2142 -25.4037 -1.6872
v  -4.2142 -25.3901 -1.7645
v  -4.2142 -25.2599 -1.7324
v  -4.2142 -25.2638 -1.6514
v  -3.9939 -25.2599 -1.7544
v  -3.9939 -25.3901 -1.7914
v  -4.0115 -25.2599 -1.7324
v  -4.0115 -25.3901 -1.7645
v  -4.0115 -25.3944 -1.7192
v  -3.9939 -25.3944 -1.7192
v  -3.9939 -25.2642 -1.6870
v  -4.0115 -25.2642 -1.6870
v  -4.2442 -25.7492 -1.8318
v  -4.2442 -26.0527 -1.8526
v  -4.2442 -26.0527 -1.6459
v  -4.2442 -25.7492 -1.6448
v  -4.2142 -26.0527 -1.6459
v  -4.2142 -26.0527 -1.8257
v  -4.2142 -25.7492 -1.8098
v  -4.2142 -25.7492 -1.6448
v  -3.9939 -25.7492 -1.8318
v  -3.9939 -26.0527 -1.8526
v  -4.0231 -25.7492 -1.8098
v  -4.0231 -26.0527 -1.8257
v  -4.0231 -26.0570 -1.7804
v  -3.9939 -26.0570 -1.7804
v  -3.9939 -25.7535 -1.7645
v  -4.0231 -25.7535 -1.7645
v  -4.2602 -24.2384 -1.6481
v  -4.2602 -24.4045 -1.6999
v  -4.2602 -24.4045 -1.3642
v  -4.2602 -24.2384 -1.4160
v  -4.2602 -24.5708 -1.6481
v  -4.2602 -24.5708 -1.4160
v  -4.2602 -24.7371 -1.6481
v  -4.2602 -24.7371 -1.4160
v  -4.2602 -24.9034 -1.6999
v  -4.2602 -24.9034 -1.3642
v  -4.2602 -25.0699 -1.6481
v  -4.2602 -25.0699 -1.4160
v  -4.2602 -25.2365 -1.6481
v  -4.2602 -25.2365 -1.4160
v  -4.2602 -25.4032 -1.6999
v  -4.2602 -25.4032 -1.3642
v  -4.2602 -25.5700 -1.6481
v  -4.2602 -25.5700 -1.4160
v  -4.2602 -25.7368 -1.6481
v  -4.2602 -25.7368 -1.4160
v  -4.2602 -25.9039 -1.6999
v  -4.2602 -25.9039 -1.3642
v  -4.2602 -26.0712 -1.6481
v  -4.2602 -26.0712 -1.4160
v  -3.9861 -24.4045 -1.3642
v  -3.9861 -24.4045 -1.6999
v  -3.9861 -24.2384 -1.6481
v  -3.9861 -24.2384 -1.4160
v  -3.9861 -24.5708 -1.4160
v  -3.9861 -24.5708 -1.6481
v  -3.9861 -24.7371 -1.4160
v  -3.9861 -24.7371 -1.6481
v  -3.9861 -24.9034 -1.3642
v  -3.9861 -24.9034 -1.6999
v  -3.9861 -25.0699 -1.4160
v  -3.9861 -25.0699 -1.6481
v  -3.9861 -25.2365 -1.4160
v  -3.9861 -25.2365 -1.6481
v  -3.9861 -25.4032 -1.3642
v  -3.9861 -25.4032 -1.6999
v  -3.9861 -25.5700 -1.4160
v  -3.9861 -25.5700 -1.6481
v  -3.9861 -25.7368 -1.4160
v  -3.9861 -25.7368 -1.6481
v  -3.9861 -25.9039 -1.3642
v  -3.9861 -25.9039 -1.6999
v  -3.9861 -26.0712 -1.4160
v  -3.9861 -26.0712 -1.6481
v  -4.2027 -25.2135 -1.7381
v  -4.2027 -25.0845 -1.6409
v  -4.0422 -25.0845 -1.6409
v  -4.0422 -25.2135 -1.7381
v  -4.2027 -25.2401 -1.6409
v  -4.0422 -25.2401 -1.6409
v  -4.2602 -24.0660 -1.4160
v  -4.2602 -24.0660 -1.6481
v  -3.9861 -24.0660 -1.6481
v  -3.9861 -24.0660 -1.4160
v  -4.2442 -23.2591 -1.7544
v  -4.2442 -23.3888 -1.7914
v  -4.2442 -23.4023 -1.6872
v  -4.2442 -23.2631 -1.6514
v  -4.2142 -23.4023 -1.6872
v  -4.2142 -23.3888 -1.7645
v  -4.2142 -23.2591 -1.7324
v  -4.2142 -23.2631 -1.6514
v  -3.9939 -23.2591 -1.7544
v  -3.9939 -23.3888 -1.7914
v  -4.0115 -23.2591 -1.7324
v  -4.0115 -23.3888 -1.7645
v  -4.0115 -23.3932 -1.7192
v  -3.9939 -23.3932 -1.7192
v  -3.9939 -23.2635 -1.6870
v  -4.0115 -23.2635 -1.6870
v  -4.2442 -23.7461 -1.8318
v  -4.2442 -24.0476 -1.8526
v  -4.2442 -24.0476 -1.6459
v  -4.2442 -23.7461 -1.6448
v  -4.2142 -24.0476 -1.6459
v  -4.2142 -24.0476 -1.8257
v  -4.2142 -23.7461 -1.8098
v  -4.2142 -23.7461 -1.6448
v  -3.9939 -23.7461 -1.8318
v  -3.9939 -24.0476 -1.8526
v  -4.0231 -23.7461 -1.8098
v  -4.0231 -24.0476 -1.8257
v  -4.0231 -24.0520 -1.7804
v  -3.9939 -24.0520 -1.7804
v  -3.9939 -23.7504 -1.7645
v  -4.0231 -23.7504 -1.7645
v  -4.2602 -22.2390 -1.6481
v  -4.2602 -22.4053 -1.6999
v  -4.2602 -22.4053 -1.3642
v  -4.2602 -22.2390 -1.4160
v  -4.2602 -22.5715 -1.6481
v  -4.2602 -22.5715 -1.4160
v  -4.2602 -22.7376 -1.6481
v  -4.2602 -22.7376 -1.4160
v  -4.2602 -22.9037 -1.6999
v  -4.2602 -22.9037 -1.3642
v  -4.2602 -23.0697 -1.6481
v  -4.2602 -23.0697 -1.4160
v  -4.2602 -23.2358 -1.6481
v  -4.2602 -23.2358 -1.4160
v  -4.2602 -23.4018 -1.6999
v  -4.2602 -23.4018 -1.3642
v  -4.2602 -23.5679 -1.6481
v  -4.2602 -23.5679 -1.4160
v  -4.2602 -23.7338 -1.6481
v  -4.2602 -23.7338 -1.4160
v  -4.2602 -23.8999 -1.6999
v  -4.2602 -23.8999 -1.3642
v  -3.9861 -22.4053 -1.3642
v  -3.9861 -22.4053 -1.6999
v  -3.9861 -22.2390 -1.6481
v  -3.9861 -22.2390 -1.4160
v  -3.9861 -22.5715 -1.4160
v  -3.9861 -22.5715 -1.6481
v  -3.9861 -22.7376 -1.4160
v  -3.9861 -22.7376 -1.6481
v  -3.9861 -22.9037 -1.3642
v  -3.9861 -22.9037 -1.6999
v  -3.9861 -23.0697 -1.4160
v  -3.9861 -23.0697 -1.6481
v  -3.9861 -23.2358 -1.4160
v  -3.9861 -23.2358 -1.6481
v  -3.9861 -23.4018 -1.3642
v  -3.9861 -23.4018 -1.6999
v  -3.9861 -23.5679 -1.4160
v  -3.9861 -23.5679 -1.6481
v  -3.9861 -23.7338 -1.4160
v  -3.9861 -23.7338 -1.6481
v  -3.9861 -23.8999 -1.3642
v  -3.9861 -23.8999 -1.6999
v  -4.2027 -23.2129 -1.7381
v  -4.2027 -23.0844 -1.6409
v  -4.0422 -23.0844 -1.6409
v  -4.0422 -23.2129 -1.7381
v  -4.2027 -23.2395 -1.6409
v  -4.0422 -23.2395 -1.6409
v  -4.2602 -22.0664 -1.4160
v  -4.2602 -22.0664 -1.6481
v  -3.9861 -22.0664 -1.6481
v  -3.9861 -22.0664 -1.4160
v  -4.2442 -21.2567 -1.7544
v  -4.2442 -21.3871 -1.7914
v  -4.2442 -21.4007 -1.6872
v  -4.2442 -21.2607 -1.6514
v  -4.2142 -21.4007 -1.6872
v  -4.2142 -21.3871 -1.7645
v  -4.2142 -21.2567 -1.7324
v  -4.2142 -21.2607 -1.6514
v  -3.9939 -21.2567 -1.7544
v  -3.9939 -21.3871 -1.7914
v  -4.0115 -21.2567 -1.7324
v  -4.0115 -21.3871 -1.7645
v  -4.0115 -21.3914 -1.7192
v  -3.9939 -21.3914 -1.7192
v  -3.9939 -21.2611 -1.6870
v  -4.0115 -21.2611 -1.6870
v  -4.2442 -21.7458 -1.8318
v  -4.2442 -22.0480 -1.8526
v  -4.2442 -22.0480 -1.6459
v  -4.2442 -21.7458 -1.6448
v  -4.2142 -22.0480 -1.6459
v  -4.2142 -22.0480 -1.8257
v  -4.2142 -21.7458 -1.8098
v  -4.2142 -21.7458 -1.6448
v  -3.9939 -21.7458 -1.8318
v  -3.9939 -22.0480 -1.8526
v  -4.0231 -21.7458 -1.8098
v  -4.0231 -22.0480 -1.8257
v  -4.0231 -22.0524 -1.7804
v  -3.9939 -22.0524 -1.7804
v  -3.9939 -21.7501 -1.7645
v  -4.0231 -21.7501 -1.7645
v  -4.2602 -20.2289 -1.6481
v  -4.2602 -20.3967 -1.6999
v  -4.2602 -20.3967 -1.3642
v  -4.2602 -20.2289 -1.4160
v  -4.2602 -20.5644 -1.6481
v  -4.2602 -20.5644 -1.4160
v  -4.2602 -20.7319 -1.6481
v  -4.2602 -20.7319 -1.4160
v  -4.2602 -20.8991 -1.6999
v  -4.2602 -20.8991 -1.3642
v  -4.2602 -21.0663 -1.6481
v  -4.2602 -21.0663 -1.4160
v  -4.2602 -21.2333 -1.6481
v  -4.2602 -21.2333 -1.4160
v  -4.2602 -21.4002 -1.6999
v  -4.2602 -21.4002 -1.3642
v  -4.2602 -21.5669 -1.6481
v  -4.2602 -21.5669 -1.4160
v  -4.2602 -21.7335 -1.6481
v  -4.2602 -21.7335 -1.4160
v  -4.2602 -21.9000 -1.6999
v  -4.2602 -21.9000 -1.3642
v  -3.9861 -20.3967 -1.3642
v  -3.9861 -20.3967 -1.6999
v  -3.9861 -20.2289 -1.6481
v  -3.9861 -20.2289 -1.4160
v  -3.9861 -20.5644 -1.4160
v  -3.9861 -20.5644 -1.6481
v  -3.9861 -20.7319 -1.4160
v  -3.9861 -20.7319 -1.6481
v  -3.9861 -20.8991 -1.3642
v  -3.9861 -20.8991 -1.6999
v  -3.9861 -21.0663 -1.4160
v  -3.9861 -21.0663 -1.6481
v  -3.9861 -21.2333 -1.4160
v  -3.9861 -21.2333 -1.6481
v  -3.9861 -21.4002 -1.3642
v  -3.9861 -21.4002 -1.6999
v  -3.9861 -21.5669 -1.4160
v  -3.9861 -21.5669 -1.6481
v  -3.9861 -21.7335 -1.4160
v  -3.9861 -21.7335 -1.6481
v  -3.9861 -21.9000 -1.3642
v  -3.9861 -21.9000 -1.6999
v  -4.2027 -21.2102 -1.7381
v  -4.2027 -21.0810 -1.6409
v  -4.0422 -21.0810 -1.6409
v  -4.0422 -21.2102 -1.7381
v  -4.2027 -21.2370 -1.6409
v  -4.0422 -21.2370 -1.6409
v  -4.2602 -20.0545 -1.4160
v  -4.2602 -20.0545 -1.6481
v  -3.9861 -20.0545 -1.6481
v  -3.9861 -20.0545 -1.4160
v  -4.2442 -19.2347 -1.7544
v  -4.2442 -19.3669 -1.7914
v  -4.2442 -19.3807 -1.6872
v  -4.2442 -19.2388 -1.6514
v  -4.2142 -19.3807 -1.6872
v  -4.2142 -19.3669 -1.7645
v  -4.2142 -19.2347 -1.7324
v  -4.2142 -19.2388 -1.6514
v  -3.9939 -19.2347 -1.7544
v  -3.9939 -19.3669 -1.7914
v  -4.0115 -19.2347 -1.7324
v  -4.0115 -19.3669 -1.7645
v  -4.0115 -19.3713 -1.7192
v  -3.9939 -19.3713 -1.7192
v  -3.9939 -19.2392 -1.6870
v  -4.0115 -19.2392 -1.6870
v  -4.2442 -19.7302 -1.8318
v  -4.2442 -20.0359 -1.8526
v  -4.2442 -20.0359 -1.6459
v  -4.2442 -19.7302 -1.6448
v  -4.2142 -20.0359 -1.6459
v  -4.2142 -20.0359 -1.8257
v  -4.2142 -19.7302 -1.8098
v  -4.2142 -19.7302 -1.6448
v  -3.9939 -19.7302 -1.8318
v  -3.9939 -20.0359 -1.8526
v  -4.0231 -19.7302 -1.8098
v  -4.0231 -20.0359 -1.8257
v  -4.0231 -20.0403 -1.7804
v  -3.9939 -20.0403 -1.7804
v  -3.9939 -19.7346 -1.7645
v  -4.0231 -19.7346 -1.7645
v  -4.2602 -18.1900 -1.6481
v  -4.2602 -18.3609 -1.6999
v  -4.2602 -18.3609 -1.3642
v  -4.2602 -18.1900 -1.4160
v  -4.2602 -18.5315 -1.6481
v  -4.2602 -18.5315 -1.4160
v  -4.2602 -18.7018 -1.6481
v  -4.2602 -18.7018 -1.4160
v  -4.2602 -18.8718 -1.6999
v  -4.2602 -18.8718 -1.3642
v  -4.2602 -19.0415 -1.6481
v  -4.2602 -19.0415 -1.4160
v  -4.2602 -19.2110 -1.6481
v  -4.2602 -19.2110 -1.4160
v  -4.2602 -19.3802 -1.6999
v  -4.2602 -19.3802 -1.3642
v  -4.2602 -19.5491 -1.6481
v  -4.2602 -19.5491 -1.4160
v  -4.2602 -19.7178 -1.6481
v  -4.2602 -19.7178 -1.4160
v  -4.2602 -19.8863 -1.6999
v  -4.2602 -19.8863 -1.3642
v  -3.9861 -18.3609 -1.3642
v  -3.9861 -18.3609 -1.6999
v  -3.9861 -18.1900 -1.6481
v  -3.9861 -18.1900 -1.4160
v  -3.9861 -18.5315 -1.4160
v  -3.9861 -18.5315 -1.6481
v  -3.9861 -18.7018 -1.4160
v  -3.9861 -18.7018 -1.6481
v  -3.9861 -18.8718 -1.3642
v  -3.9861 -18.8718 -1.6999
v  -3.9861 -19.0415 -1.4160
v  -3.9861 -19.0415 -1.6481
v  -3.9861 -19.2110 -1.4160
v  -3.9861 -19.2110 -1.6481
v  -3.9861 -19.3802 -1.3642
v  -3.9861 -19.3802 -1.6999
v  -3.9861 -19.5491 -1.4160
v  -3.9861 -19.5491 -1.6481
v  -3.9861 -19.7178 -1.4160
v  -3.9861 -19.7178 -1.6481
v  -3.9861 -19.8863 -1.3642
v  -3.9861 -19.8863 -1.6999
v  -4.2027 -19.1876 -1.7381
v  -4.2027 -19.0564 -1.6409
v  -4.0422 -19.0564 -1.6409
v  -4.0422 -19.1876 -1.7381
v  -4.2027 -19.2147 -1.6409
v  -4.0422 -19.2147 -1.6409
v  -4.2602 -18.0123 -1.4160
v  -4.2602 -18.0123 -1.6481
v  -3.9861 -18.0123 -1.6481
v  -3.9861 -18.0123 -1.4160
v  -4.2442 -17.1751 -1.7544
v  -4.2442 -17.3103 -1.7914
v  -4.2442 -17.3244 -1.6872
v  -4.2442 -17.1793 -1.6514
v  -4.2142 -17.3244 -1.6872
v  -4.2142 -17.3103 -1.7645
v  -4.2142 -17.1751 -1.7324
v  -4.2142 -17.1793 -1.6514
v  -3.9939 -17.1751 -1.7544
v  -3.9939 -17.3103 -1.7914
v  -4.0115 -17.1751 -1.7324
v  -4.0115 -17.3103 -1.7645
v  -4.0115 -17.3148 -1.7192
v  -3.9939 -17.3148 -1.7192
v  -3.9939 -17.1797 -1.6870
v  -4.0115 -17.1797 -1.6870
v  -4.2442 -17.6814 -1.8318
v  -4.2442 -17.9933 -1.8526
v  -4.2442 -17.9933 -1.6459
v  -4.2442 -17.6814 -1.6448
v  -4.2142 -17.9933 -1.6459
v  -4.2142 -17.9933 -1.8257
v  -4.2142 -17.6814 -1.8098
v  -4.2142 -17.6814 -1.6448
v  -3.9939 -17.6814 -1.8318
v  -3.9939 -17.9933 -1.8526
v  -4.0231 -17.6814 -1.8098
v  -4.0231 -17.9933 -1.8257
v  -4.0231 -17.9978 -1.7804
v  -3.9939 -17.9978 -1.7804
v  -3.9939 -17.6859 -1.7645
v  -4.0231 -17.6859 -1.7645
v  -4.2602 -16.1043 -1.6481
v  -4.2602 -16.2798 -1.6999
v  -4.2602 -16.2798 -1.3642
v  -4.2602 -16.1043 -1.4160
v  -4.2602 -16.4548 -1.6481
v  -4.2602 -16.4548 -1.4160
v  -4.2602 -16.6295 -1.6481
v  -4.2602 -16.6295 -1.4160
v  -4.2602 -16.8036 -1.6999
v  -4.2602 -16.8036 -1.3642
v  -4.2602 -16.9774 -1.6481
v  -4.2602 -16.9774 -1.4160
v  -4.2602 -17.1508 -1.6481
v  -4.2602 -17.1508 -1.4160
v  -4.2602 -17.3239 -1.6999
v  -4.2602 -17.3239 -1.3642
v  -4.2602 -17.4965 -1.6481
v  -4.2602 -17.4965 -1.4160
v  -4.2602 -17.6687 -1.6481
v  -4.2602 -17.6687 -1.4160
v  -4.2602 -17.8407 -1.6999
v  -4.2602 -17.8407 -1.3642
v  -3.9861 -16.2798 -1.3642
v  -3.9861 -16.2798 -1.6999
v  -3.9861 -16.1043 -1.6481
v  -3.9861 -16.1043 -1.4160
v  -3.9861 -16.4548 -1.4160
v  -3.9861 -16.4548 -1.6481
v  -3.9861 -16.6295 -1.4160
v  -3.9861 -16.6295 -1.6481
v  -3.9861 -16.8036 -1.3642
v  -3.9861 -16.8036 -1.6999
v  -3.9861 -16.9774 -1.4160
v  -3.9861 -16.9774 -1.6481
v  -3.9861 -17.1508 -1.4160
v  -3.9861 -17.1508 -1.6481
v  -3.9861 -17.3239 -1.3642
v  -3.9861 -17.3239 -1.6999
v  -3.9861 -17.4965 -1.4160
v  -3.9861 -17.4965 -1.6481
v  -3.9861 -17.6687 -1.4160
v  -3.9861 -17.6687 -1.6481
v  -3.9861 -17.8407 -1.3642
v  -3.9861 -17.8407 -1.6999
v  -4.2027 -17.1269 -1.7381
v  -4.2027 -16.9927 -1.6409
v  -4.0422 -16.9927 -1.6409
v  -4.0422 -17.1269 -1.7381
v  -4.2027 -17.1546 -1.6409
v  -4.0422 -17.1546 -1.6409
v  -4.2602 -15.9217 -1.4160
v  -4.2602 -15.9217 -1.6481
v  -3.9861 -15.9217 -1.6481
v  -3.9861 -15.9217 -1.4160
v  -4.2442 -15.0600 -1.7544
v  -4.2442 -15.1993 -1.7914
v  -4.2442 -15.2138 -1.6872
v  -4.2442 -15.0642 -1.6514
v  -4.2142 -15.2138 -1.6872
v  -4.2142 -15.1993 -1.7645
v  -4.2142 -15.0600 -1.7324
v  -4.2142 -15.0642 -1.6514
v  -3.9939 -15.0600 -1.7544
v  -3.9939 -15.1993 -1.7914
v  -4.0115 -15.0600 -1.7324
v  -4.0115 -15.1993 -1.7645
v  -4.0115 -15.2039 -1.7192
v  -3.9939 -15.2039 -1.7192
v  -3.9939 -15.0647 -1.6870
v  -4.0115 -15.0647 -1.6870
v  -4.2442 -15.5815 -1.8318
v  -4.2442 -15.9022 -1.8526
v  -4.2442 -15.9022 -1.6459
v  -4.2442 -15.5815 -1.6448
v  -4.2142 -15.9022 -1.6459
v  -4.2142 -15.9022 -1.8257
v  -4.2142 -15.5815 -1.8098
v  -4.2142 -15.5815 -1.6448
v  -3.9939 -15.5815 -1.8318
v  -3.9939 -15.9022 -1.8526
v  -4.0231 -15.5815 -1.8098
v  -4.0231 -15.9022 -1.8257
v  -4.0231 -15.9068 -1.7804
v  -3.9939 -15.9068 -1.7804
v  -3.9939 -15.5861 -1.7645
v  -4.0231 -15.5861 -1.7645
v  -4.2602 -13.9538 -1.6481
v  -4.2602 -14.1354 -1.6999
v  -4.2602 -14.1354 -1.3642
v  -4.2602 -13.9538 -1.4160
v  -4.2602 -14.3164 -1.6481
v  -4.2602 -14.3164 -1.4160
v  -4.2602 -14.4968 -1.6481
v  -4.2602 -14.4968 -1.4160
v  -4.2602 -14.6767 -1.6999
v  -4.2602 -14.6767 -1.3642
v  -4.2602 -14.8560 -1.6481
v  -4.2602 -14.8560 -1.4160
v  -4.2602 -15.0349 -1.6481
v  -4.2602 -15.0349 -1.4160
v  -4.2602 -15.2133 -1.6999
v  -4.2602 -15.2133 -1.3642
v  -4.2602 -15.3911 -1.6481
v  -4.2602 -15.3911 -1.4160
v  -4.2602 -15.5684 -1.6481
v  -4.2602 -15.5684 -1.4160
v  -4.2602 -15.7453 -1.6999
v  -4.2602 -15.7453 -1.3642
v  -3.9861 -14.1354 -1.3642
v  -3.9861 -14.1354 -1.6999
v  -3.9861 -13.9538 -1.6481
v  -3.9861 -13.9538 -1.4160
v  -3.9861 -14.3164 -1.4160
v  -3.9861 -14.3164 -1.6481
v  -3.9861 -14.4968 -1.4160
v  -3.9861 -14.4968 -1.6481
v  -3.9861 -14.6767 -1.3642
v  -3.9861 -14.6767 -1.6999
v  -3.9861 -14.8560 -1.4160
v  -3.9861 -14.8560 -1.6481
v  -3.9861 -15.0349 -1.4160
v  -3.9861 -15.0349 -1.6481
v  -3.9861 -15.2133 -1.3642
v  -3.9861 -15.2133 -1.6999
v  -3.9861 -15.3911 -1.4160
v  -3.9861 -15.3911 -1.6481
v  -3.9861 -15.5684 -1.4160
v  -3.9861 -15.5684 -1.6481
v  -3.9861 -15.7453 -1.3642
v  -3.9861 -15.7453 -1.6999
v  -4.2027 -15.0103 -1.7381
v  -4.2027 -14.8718 -1.6409
v  -4.0422 -14.8718 -1.6409
v  -4.0422 -15.0103 -1.7381
v  -4.2027 -15.0388 -1.6409
v  -4.0422 -15.0388 -1.6409
v  -4.2602 -13.7648 -1.4160
v  -4.2602 -13.7648 -1.6481
v  -3.9861 -13.7648 -1.6481
v  -3.9861 -13.7648 -1.4160
v  -4.2441 -12.8713 -1.7544
v  -4.2441 -13.0159 -1.7914
v  -4.2441 -13.0309 -1.6872
v  -4.2441 -12.8757 -1.6514
v  -4.2141 -13.0309 -1.6872
v  -4.2141 -13.0159 -1.7645
v  -4.2141 -12.8713 -1.7324
v  -4.2141 -12.8757 -1.6514
v  -3.9938 -12.8713 -1.7544
v  -3.9938 -13.0159 -1.7914
v  -4.0114 -12.8713 -1.7324
v  -4.0114 -13.0159 -1.7645
v  -4.0114 -13.0207 -1.7192
v  -3.9938 -13.0207 -1.7192
v  -3.9938 -12.8761 -1.6870
v  -4.0114 -12.8761 -1.6870
v  -4.2441 -13.4123 -1.8318
v  -4.2441 -13.7447 -1.8526
v  -4.2441 -13.7447 -1.6459
v  -4.2441 -13.4123 -1.6448
v  -4.2141 -13.7447 -1.6459
v  -4.2141 -13.7447 -1.8257
v  -4.2141 -13.4123 -1.8098
v  -4.2141 -13.4123 -1.6448
v  -3.9938 -13.4123 -1.8318
v  -3.9938 -13.7447 -1.8526
v  -4.0230 -13.4123 -1.8098
v  -4.0230 -13.7447 -1.8257
v  -4.0230 -13.7494 -1.7804
v  -3.9938 -13.7494 -1.7804
v  -3.9938 -13.4171 -1.7645
v  -4.0230 -13.4171 -1.7645
v  -4.2601 -11.7342 -1.3469
v  -4.2601 -11.8791 -1.4830
v  -4.2601 -12.0242 -1.1803
v  -4.2601 -11.8524 -1.1472
v  -4.2601 -12.0771 -1.5111
v  -4.2601 -12.1585 -1.2937
v  -4.2601 -12.2603 -1.5705
v  -4.2601 -12.3219 -1.3467
v  -4.2601 -12.4408 -1.6646
v  -4.2601 -12.5004 -1.3342
v  -4.2601 -12.6456 -1.6398
v  -4.2601 -12.6658 -1.4085
v  -4.2601 -12.8452 -1.6481
v  -4.2601 -12.8452 -1.4160
v  -4.2601 -13.0304 -1.6999
v  -4.2601 -13.0304 -1.3642
v  -4.2601 -13.2149 -1.6481
v  -4.2601 -13.2149 -1.4160
v  -4.2601 -13.3988 -1.6481
v  -4.2601 -13.3988 -1.4160
v  -4.2601 -13.5821 -1.6999
v  -4.2601 -13.5821 -1.3642
v  -4.2601 -13.7648 -1.6481
v  -4.2601 -13.7648 -1.4160
v  -3.9860 -12.0242 -1.1803
v  -3.9860 -11.8791 -1.4830
v  -3.9860 -11.7342 -1.3469
v  -3.9860 -11.8524 -1.1472
v  -3.9860 -12.1585 -1.2937
v  -3.9860 -12.0771 -1.5111
v  -3.9860 -12.3219 -1.3467
v  -3.9860 -12.2603 -1.5705
v  -3.9860 -12.5004 -1.3342
v  -3.9860 -12.4408 -1.6646
v  -3.9860 -12.6658 -1.4085
v  -3.9860 -12.6456 -1.6398
v  -3.9860 -12.8452 -1.4160
v  -3.9860 -12.8452 -1.6481
v  -3.9860 -13.0304 -1.3642
v  -3.9860 -13.0304 -1.6999
v  -3.9860 -13.2149 -1.4160
v  -3.9860 -13.2149 -1.6481
v  -3.9860 -13.3988 -1.4160
v  -3.9860 -13.3988 -1.6481
v  -3.9860 -13.5821 -1.3642
v  -3.9860 -13.5821 -1.6999
v  -3.9860 -13.7648 -1.4160
v  -3.9860 -13.7648 -1.6481
v  -4.2026 -12.8174 -1.7380
v  -4.2026 -12.6636 -1.6340
v  -4.0421 -12.6636 -1.6340
v  -4.0421 -12.8174 -1.7380
v  -4.2026 -12.8493 -1.6409
v  -4.0421 -12.8493 -1.6409
v  -4.2601 -11.7061 -1.0514
v  -4.2601 -11.5704 -1.2397
v  -3.9860 -11.5704 -1.2397
v  -3.9860 -11.7061 -1.0514
v  -4.2441 -10.8684 -0.6204
v  -4.2441 -10.9200 -0.7722
v  -4.2441 -11.0152 -0.7268
v  -4.2441 -10.9597 -0.5725
v  -4.2141 -11.0152 -0.7268
v  -4.2141 -10.9423 -0.7571
v  -4.2141 -10.8874 -0.6093
v  -4.2141 -10.9597 -0.5725
v  -3.9938 -10.8684 -0.6204
v  -3.9938 -10.9200 -0.7722
v  -4.0114 -10.8874 -0.6093
v  -4.0114 -10.9423 -0.7571
v  -4.0114 -10.9827 -0.7360
v  -3.9938 -10.9827 -0.7360
v  -3.9938 -10.9292 -0.5909
v  -4.0114 -10.9292 -0.5909
v  -4.2441 -11.1648 -1.1337
v  -4.2441 -11.4324 -1.3922
v  -4.2441 -11.5548 -1.2257
v  -4.2441 -11.2977 -1.0021
v  -4.2141 -11.5548 -1.2257
v  -4.2141 -11.4483 -1.3705
v  -4.2141 -11.1804 -1.1182
v  -4.2141 -11.2977 -1.0021
v  -3.9938 -11.1648 -1.1337
v  -3.9938 -11.4324 -1.3922
v  -4.0230 -11.1804 -1.1182
v  -4.0230 -11.4483 -1.3705
v  -4.0230 -11.4794 -1.3371
v  -3.9938 -11.4794 -1.3371
v  -3.9938 -11.2162 -1.0900
v  -4.0230 -11.2162 -1.0900
v  -4.2601 -10.6678 0.5831
v  -4.2601 -10.6209 0.3721
v  -4.2601 -10.9558 0.3943
v  -4.2601 -10.8999 0.5831
v  -4.2601 -10.6947 0.1787
v  -4.2601 -10.9239 0.2151
v  -4.2601 -10.7340 -0.0125
v  -4.2601 -10.9590 0.0445
v  -4.2601 -10.7408 -0.2144
v  -4.2601 -11.0575 -0.1031
v  -4.2601 -10.8610 -0.3746
v  -4.2601 -11.0723 -0.2786
v  -4.2601 -10.9471 -0.5439
v  -4.2601 -11.1491 -0.4297
v  -4.2601 -11.0044 -0.7335
v  -4.2601 -11.2812 -0.5436
v  -4.2601 -11.1602 -0.8547
v  -4.2601 -11.3396 -0.7073
v  -4.2601 -11.2856 -0.9946
v  -4.2601 -11.4516 -0.8323
v  -4.2601 -11.3888 -1.1625
v  -4.2601 -11.6079 -0.9081
v  -3.9860 -10.9558 0.3943
v  -3.9860 -10.6209 0.3721
v  -3.9860 -10.6678 0.5831
v  -3.9860 -10.8999 0.5831
v  -3.9860 -10.9239 0.2151
v  -3.9860 -10.6947 0.1787
v  -3.9860 -10.9590 0.0445
v  -3.9860 -10.7340 -0.0125
v  -3.9860 -11.0575 -0.1031
v  -3.9860 -10.7408 -0.2144
v  -3.9860 -11.0723 -0.2786
v  -3.9860 -10.8610 -0.3746
v  -3.9860 -11.1491 -0.4297
v  -3.9860 -10.9471 -0.5439
v  -3.9860 -11.2812 -0.5436
v  -3.9860 -11.0044 -0.7335
v  -3.9860 -11.3396 -0.7073
v  -3.9860 -11.1602 -0.8547
v  -3.9860 -11.4516 -0.8323
v  -3.9860 -11.2856 -0.9946
v  -3.9860 -11.6079 -0.9081
v  -3.9860 -11.3888 -1.1625
v  -4.2026 -10.8555 -0.5644
v  -4.2026 -10.8745 -0.3868
v  -4.0421 -10.8745 -0.3868
v  -4.0421 -10.8555 -0.5644
v  -4.2026 -10.9554 -0.5440
v  -4.0421 -10.9554 -0.5440
v  -4.2601 -10.8999 0.7530
v  -4.2601 -10.6678 0.7530
v  -3.9860 -10.6678 0.7530
v  -3.9860 -10.8999 0.7530
v  -4.2441 -10.7359 1.7099
v  -4.2441 -10.6454 1.5747
v  -4.2441 -10.7391 1.5262
v  -4.2441 -10.8292 1.6660
v  -4.2141 -10.7391 1.5262
v  -4.2141 -10.6709 1.5661
v  -4.2141 -10.7562 1.7014
v  -4.2141 -10.8292 1.6660
v  -3.9938 -10.7359 1.7099
v  -3.9938 -10.6454 1.5747
v  -4.0114 -10.7562 1.7014
v  -4.0114 -10.6709 1.5661
v  -4.0114 -10.7122 1.5467
v  -3.9938 -10.7122 1.5467
v  -3.9938 -10.7961 1.6792
v  -4.0114 -10.7961 1.6792
v  -4.2441 -10.5044 1.1455
v  -4.2441 -10.4633 0.7702
v  -4.2441 -10.6700 0.7702
v  -4.2441 -10.6898 1.1211
v  -4.2141 -10.6700 0.7702
v  -4.2141 -10.4902 0.7702
v  -4.2141 -10.5262 1.1427
v  -4.2141 -10.6898 1.1211
v  -3.9938 -10.5044 1.1455
v  -3.9938 -10.4633 0.7702
v  -4.0230 -10.5262 1.1427
v  -4.0230 -10.4902 0.7702
v  -4.0230 -10.5355 0.7661
v  -3.9938 -10.5355 0.7661
v  -3.9938 -10.5704 1.1313
v  -4.0230 -10.5704 1.1313
v  -4.2601 -11.5379 2.5721
v  -4.2601 -11.3579 2.4916
v  -4.2601 -11.5815 2.2413
v  -4.2601 -11.6771 2.3864
v  -4.2601 -11.2578 2.3218
v  -4.2601 -11.4267 2.1627
v  -4.2601 -11.1349 2.1796
v  -4.2601 -11.3169 2.0356
v  -4.2601 -10.9813 2.0555
v  -4.2601 -11.2616 1.8707
v  -4.2601 -10.9275 1.8647
v  -4.2601 -11.1316 1.7543
v  -4.2601 -10.8445 1.6936
v  -4.2601 -11.0576 1.6016
v  -4.2601 -10.7272 1.5308
v  -4.2601 -11.0460 1.4256
v  -4.2601 -10.7241 1.3283
v  -4.2601 -10.9502 1.2757
v  -4.2601 -10.6885 1.1359
v  -4.2601 -10.9183 1.1040
v  -4.2601 -10.6184 0.9405
v  -4.2601 -10.9537 0.9248
v  -3.9860 -11.5815 2.2413
v  -3.9860 -11.3579 2.4916
v  -3.9860 -11.5379 2.5721
v  -3.9860 -11.6771 2.3864
v  -3.9860 -11.4267 2.1627
v  -3.9860 -11.2578 2.3218
v  -3.9860 -11.3169 2.0356
v  -3.9860 -11.1349 2.1796
v  -3.9860 -11.2616 1.8707
v  -3.9860 -10.9813 2.0555
v  -3.9860 -11.1316 1.7543
v  -3.9860 -10.9275 1.8647
v  -3.9860 -11.0576 1.6016
v  -3.9860 -10.8445 1.6936
v  -3.9860 -11.0460 1.4256
v  -3.9860 -10.7272 1.5308
v  -3.9860 -10.9502 1.2757
v  -3.9860 -10.7241 1.3283
v  -3.9860 -10.9183 1.1040
v  -3.9860 -10.6885 1.1359
v  -3.9860 -10.9537 0.9248
v  -3.9860 -10.6184 0.9405
v  -4.2026 -10.7729 1.7544
v  -4.2026 -10.9259 1.8466
v  -4.0421 -10.9259 1.8466
v  -4.0421 -10.7729 1.7544
v  -4.2026 -10.8494 1.6869
v  -4.0421 -10.8494 1.6869
v  -4.2601 -11.8215 2.4848
v  -4.2601 -11.6996 2.6823
v  -3.9860 -11.6996 2.6823
v  -3.9860 -11.8215 2.4848
v  -4.2441 -12.5630 3.0943
v  -4.2441 -12.3968 3.1058
v  -4.2441 -12.4006 3.0003
v  -4.2441 -12.5706 2.9915
v  -4.2141 -12.4006 3.0003
v  -4.2141 -12.4019 3.0793
v  -4.2141 -12.5656 3.0725
v  -4.2141 -12.5706 2.9915
v  -3.9938 -12.5630 3.0943
v  -3.9938 -12.3968 3.1058
v  -4.0114 -12.5656 3.0725
v  -4.0114 -12.4019 3.0793
v  -4.0114 -12.4052 3.0339
v  -3.9938 -12.4052 3.0339
v  -3.9938 -12.5658 3.0268
v  -4.0114 -12.5658 3.0268
v  -4.2441 -11.9570 3.0177
v  -4.2441 -11.6117 2.8683
v  -4.2441 -11.7186 2.6913
v  -4.2441 -12.0270 2.8444
v  -4.2141 -11.7186 2.6913
v  -4.2141 -11.6256 2.8452
v  -4.2141 -11.9652 2.9973
v  -4.2141 -12.0270 2.8444
v  -3.9938 -11.9570 3.0177
v  -3.9938 -11.6117 2.8683
v  -4.0230 -11.9652 2.9973
v  -4.0230 -11.6256 2.8452
v  -4.0230 -11.6445 2.8037
v  -3.9938 -11.6445 2.8037
v  -3.9938 -11.9773 2.9534
v  -4.0230 -11.9773 2.9534
v  -4.2601 -13.8106 3.0044
v  -4.2601 -13.6113 3.0562
v  -4.2601 -13.6113 2.7205
v  -4.2601 -13.8106 2.7723
v  -4.2601 -13.4108 3.0044
v  -4.2601 -13.4108 2.7723
v  -4.2601 -13.2092 3.0044
v  -4.2601 -13.2092 2.7723
v  -4.2601 -13.0064 3.0562
v  -4.2601 -13.0064 2.7205
v  -4.2601 -12.8028 3.0041
v  -4.2601 -12.8063 2.7720
v  -4.2601 -12.6033 2.9919
v  -4.2601 -12.6280 2.7612
v  -4.2601 -12.3987 3.0129
v  -4.2601 -12.4647 2.6837
v  -4.2601 -12.2204 2.9154
v  -4.2601 -12.2863 2.6928
v  -4.2601 -12.0389 2.8527
v  -4.2601 -12.1244 2.6369
v  -4.2601 -11.8417 2.8210
v  -4.2601 -11.9924 2.5210
v  -3.9860 -13.6113 2.7205
v  -3.9860 -13.6113 3.0562
v  -3.9860 -13.8106 3.0044
v  -3.9860 -13.8106 2.7723
v  -3.9860 -13.4108 2.7723
v  -3.9860 -13.4108 3.0044
v  -3.9860 -13.2092 2.7723
v  -3.9860 -13.2092 3.0044
v  -3.9860 -13.0064 2.7205
v  -3.9860 -13.0064 3.0562
v  -3.9860 -12.8063 2.7720
v  -3.9860 -12.8028 3.0041
v  -3.9860 -12.6280 2.7612
v  -3.9860 -12.6033 2.9919
v  -3.9860 -12.4647 2.6837
v  -3.9860 -12.3987 3.0129
v  -3.9860 -12.2863 2.6928
v  -3.9860 -12.2204 2.9154
v  -3.9860 -12.1244 2.6369
v  -3.9860 -12.0389 2.8527
v  -3.9860 -11.9924 2.5210
v  -3.9860 -11.8417 2.8210
v  -4.2026 -12.6221 3.0843
v  -4.2026 -12.7852 2.9966
v  -4.0421 -12.7852 2.9966
v  -4.0421 -12.6221 3.0843
v  -4.2026 -12.5997 2.9843
v  -4.0421 -12.5997 2.9843
v  -4.2601 -14.0161 2.7723
v  -4.2601 -14.0161 3.0044
v  -3.9860 -14.0161 3.0044
v  -3.9860 -14.0161 2.7723
v  -4.2441 -14.9626 3.1107
v  -4.2441 -14.8122 3.1477
v  -4.2441 -14.7964 3.0435
v  -4.2441 -14.9580 3.0077
v  -4.2141 -14.7964 3.0435
v  -4.2141 -14.8122 3.1208
v  -4.2141 -14.9626 3.0887
v  -4.2141 -14.9580 3.0077
v  -3.9938 -14.9626 3.1107
v  -3.9938 -14.8122 3.1477
v  -4.0114 -14.9626 3.0887
v  -4.0114 -14.8122 3.1208
v  -4.0114 -14.8071 3.0755
v  -3.9938 -14.8071 3.0755
v  -3.9938 -14.9576 3.0433
v  -4.0114 -14.9576 3.0433
v  -4.2441 -14.3944 3.1881
v  -4.2441 -14.0379 3.2089
v  -4.2441 -14.0379 3.0022
v  -4.2441 -14.3944 3.0011
v  -4.2141 -14.0379 3.0022
v  -4.2141 -14.0379 3.1820
v  -4.2141 -14.3944 3.1661
v  -4.2141 -14.3944 3.0011
v  -3.9938 -14.3944 3.1881
v  -3.9938 -14.0379 3.2089
v  -4.0230 -14.3944 3.1661
v  -4.0230 -14.0379 3.1820
v  -4.0230 -14.0328 3.1367
v  -3.9938 -14.0328 3.1367
v  -3.9938 -14.3893 3.1208
v  -4.0230 -14.3893 3.1208
v  -4.2601 -16.1232 3.0044
v  -4.2601 -15.9367 3.0562
v  -4.2601 -15.9367 2.7205
v  -4.2601 -16.1232 2.7723
v  -4.2601 -15.7493 3.0044
v  -4.2601 -15.7493 2.7723
v  -4.2601 -15.5608 3.0044
v  -4.2601 -15.5608 2.7723
v  -4.2601 -15.3715 3.0562
v  -4.2601 -15.3715 2.7205
v  -4.2601 -15.1811 3.0044
v  -4.2601 -15.1811 2.7723
v  -4.2601 -14.9896 3.0044
v  -4.2601 -14.9896 2.7723
v  -4.2601 -14.7970 3.0562
v  -4.2601 -14.7970 2.7205
v  -4.2601 -14.6034 3.0044
v  -4.2601 -14.6034 2.7723
v  -4.2601 -14.4088 3.0044
v  -4.2601 -14.4088 2.7723
v  -4.2601 -14.2130 3.0562
v  -4.2601 -14.2130 2.7205
v  -3.9860 -15.9367 2.7205
v  -3.9860 -15.9367 3.0562
v  -3.9860 -16.1232 3.0044
v  -3.9860 -16.1232 2.7723
v  -3.9860 -15.7493 2.7723
v  -3.9860 -15.7493 3.0044
v  -3.9860 -15.5608 2.7723
v  -3.9860 -15.5608 3.0044
v  -3.9860 -15.3715 2.7205
v  -3.9860 -15.3715 3.0562
v  -3.9860 -15.1811 2.7723
v  -3.9860 -15.1811 3.0044
v  -3.9860 -14.9896 2.7723
v  -3.9860 -14.9896 3.0044
v  -3.9860 -14.7970 2.7205
v  -3.9860 -14.7970 3.0562
v  -3.9860 -14.6034 2.7723
v  -3.9860 -14.6034 3.0044
v  -3.9860 -14.4088 2.7723
v  -3.9860 -14.4088 3.0044
v  -3.9860 -14.2130 2.7205
v  -3.9860 -14.2130 3.0562
v  -4.2026 -15.0161 3.0944
v  -4.2026 -15.1642 2.9972
v  -4.0421 -15.1642 2.9972
v  -4.0421 -15.0161 3.0944
v  -4.2026 -14.9853 2.9972
v  -4.0421 -14.9853 2.9972
v  -4.2601 -16.3157 2.7723
v  -4.2601 -16.3157 3.0044
v  -3.9860 -16.3157 3.0044
v  -3.9860 -16.3157 2.7723
v  -4.2441 -17.2042 3.1107
v  -4.2441 -17.0628 3.1477
v  -4.2441 -17.0480 3.0435
v  -4.2441 -17.1999 3.0077
v  -4.2141 -17.0480 3.0435
v  -4.2141 -17.0628 3.1208
v  -4.2141 -17.2042 3.0887
v  -4.2141 -17.1999 3.0077
v  -3.9938 -17.2042 3.1107
v  -3.9938 -17.0628 3.1477
v  -4.0114 -17.2042 3.0887
v  -4.0114 -17.0628 3.1208
v  -4.0114 -17.0580 3.0755
v  -3.9938 -17.0580 3.0755
v  -3.9938 -17.1995 3.0433
v  -4.0114 -17.1995 3.0433
v  -4.2441 -16.6704 3.1881
v  -4.2441 -16.3362 3.2089
v  -4.2441 -16.3362 3.0022
v  -4.2441 -16.6704 3.0011
v  -4.2141 -16.3362 3.0022
v  -4.2141 -16.3362 3.1820
v  -4.2141 -16.6704 3.1661
v  -4.2141 -16.6704 3.0011
v  -3.9938 -16.6704 3.1881
v  -3.9938 -16.3362 3.2089
v  -4.0230 -16.6704 3.1661
v  -4.0230 -16.3362 3.1820
v  -4.0230 -16.3313 3.1367
v  -3.9938 -16.3313 3.1367
v  -3.9938 -16.6656 3.1208
v  -4.0230 -16.6656 3.1208
v  -4.2601 -18.2986 3.0044
v  -4.2601 -18.1224 3.0562
v  -4.2601 -18.1224 2.7205
v  -4.2601 -18.2986 2.7723
v  -4.2601 -17.9454 3.0044
v  -4.2601 -17.9454 2.7723
v  -4.2601 -17.7676 3.0044
v  -4.2601 -17.7676 2.7723
v  -4.2601 -17.5891 3.0562
v  -4.2601 -17.5891 2.7205
v  -4.2601 -17.4098 3.0044
v  -4.2601 -17.4098 2.7723
v  -4.2601 -17.2296 3.0044
v  -4.2601 -17.2296 2.7723
v  -4.2601 -17.0485 3.0562
v  -4.2601 -17.0485 2.7205
v  -4.2601 -16.8666 3.0044
v  -4.2601 -16.8666 2.7723
v  -4.2601 -16.6840 3.0044
v  -4.2601 -16.6840 2.7723
v  -4.2601 -16.5003 3.0562
v  -4.2601 -16.5003 2.7205
v  -3.9860 -18.1224 2.7205
v  -3.9860 -18.1224 3.0562
v  -3.9860 -18.2986 3.0044
v  -3.9860 -18.2986 2.7723
v  -3.9860 -17.9454 2.7723
v  -3.9860 -17.9454 3.0044
v  -3.9860 -17.7676 2.7723
v  -3.9860 -17.7676 3.0044
v  -3.9860 -17.5891 2.7205
v  -3.9860 -17.5891 3.0562
v  -3.9860 -17.4098 2.7723
v  -3.9860 -17.4098 3.0044
v  -3.9860 -17.2296 2.7723
v  -3.9860 -17.2296 3.0044
v  -3.9860 -17.0485 2.7205
v  -3.9860 -17.0485 3.0562
v  -3.9860 -16.8666 2.7723
v  -3.9860 -16.8666 3.0044
v  -3.9860 -16.6840 2.7723
v  -3.9860 -16.6840 3.0044
v  -3.9860 -16.5003 2.7205
v  -3.9860 -16.5003 3.0562
v  -4.2026 -17.2545 3.0944
v  -4.2026 -17.3939 2.9972
v  -4.0421 -17.3939 2.9972
v  -4.0421 -17.2545 3.0944
v  -4.2026 -17.2256 2.9972
v  -4.0421 -17.2256 2.9972
v  -4.2601 -18.4807 2.7723
v  -4.2601 -18.4807 3.0044
v  -3.9860 -18.4807 3.0044
v  -3.9860 -18.4807 2.7723
v  -4.2441 -19.3236 3.1107
v  -4.2441 -19.1891 3.1477
v  -4.2441 -19.1751 3.0435
v  -4.2441 -19.3195 3.0077
v  -4.2141 -19.1751 3.0435
v  -4.2141 -19.1891 3.1208
v  -4.2141 -19.3236 3.0887
v  -4.2141 -19.3195 3.0077
v  -3.9938 -19.3236 3.1107
v  -3.9938 -19.1891 3.1477
v  -4.0114 -19.3236 3.0887
v  -4.0114 -19.1891 3.1208
v  -4.0114 -19.1846 3.0755
v  -3.9938 -19.1846 3.0755
v  -3.9938 -19.3191 3.0433
v  -4.0114 -19.3191 3.0433
v  -4.2441 -18.8168 3.1881
v  -4.2441 -18.5001 3.2089
v  -4.2441 -18.5001 3.0022
v  -4.2441 -18.8168 3.0011
v  -4.2141 -18.5001 3.0022
v  -4.2141 -18.5001 3.1820
v  -4.2141 -18.8168 3.1661
v  -4.2141 -18.8168 3.0011
v  -3.9938 -18.8168 3.1881
v  -3.9938 -18.5001 3.2089
v  -4.0230 -18.8168 3.1661
v  -4.0230 -18.5001 3.1820
v  -4.0230 -18.4955 3.1367
v  -3.9938 -18.4955 3.1367
v  -3.9938 -18.8122 3.1208
v  -4.0230 -18.8122 3.1208
v  -4.2601 -20.3675 3.0044
v  -4.2601 -20.1989 3.0562
v  -4.2601 -20.1989 2.7205
v  -4.2601 -20.3675 2.7723
v  -4.2601 -20.0298 3.0044
v  -4.2601 -20.0298 2.7723
v  -4.2601 -19.8601 3.0044
v  -4.2601 -19.8601 2.7723
v  -4.2601 -19.6900 3.0562
v  -4.2601 -19.6900 2.7205
v  -4.2601 -19.5191 3.0044
v  -4.2601 -19.5191 2.7723
v  -4.2601 -19.3477 3.0044
v  -4.2601 -19.3477 2.7723
v  -4.2601 -19.1756 3.0562
v  -4.2601 -19.1756 2.7205
v  -4.2601 -19.0029 3.0044
v  -4.2601 -19.0029 2.7723
v  -4.2601 -18.8296 3.0044
v  -4.2601 -18.8296 2.7723
v  -4.2601 -18.6555 3.0562
v  -4.2601 -18.6555 2.7205
v  -3.9860 -20.1989 2.7205
v  -3.9860 -20.1989 3.0562
v  -3.9860 -20.3675 3.0044
v  -3.9860 -20.3675 2.7723
v  -3.9860 -20.0298 2.7723
v  -3.9860 -20.0298 3.0044
v  -3.9860 -19.8601 2.7723
v  -3.9860 -19.8601 3.0044
v  -3.9860 -19.6900 2.7205
v  -3.9860 -19.6900 3.0562
v  -3.9860 -19.5191 2.7723
v  -3.9860 -19.5191 3.0044
v  -3.9860 -19.3477 2.7723
v  -3.9860 -19.3477 3.0044
v  -3.9860 -19.1756 2.7205
v  -3.9860 -19.1756 3.0562
v  -3.9860 -19.0029 2.7723
v  -3.9860 -19.0029 3.0044
v  -3.9860 -18.8296 2.7723
v  -3.9860 -18.8296 3.0044
v  -3.9860 -18.6555 2.7205
v  -3.9860 -18.6555 3.0562
v  -4.2026 -19.3714 3.0944
v  -4.2026 -19.5041 2.9972
v  -4.0421 -19.5041 2.9972
v  -4.0421 -19.3714 3.0944
v  -4.2026 -19.3439 2.9972
v  -4.0421 -19.3439 2.9972
v  -4.2601 -20.5418 2.7723
v  -4.2601 -20.5418 3.0044
v  -3.9860 -20.5418 3.0044
v  -3.9860 -20.5418 2.7723
v  -4.2441 -21.3514 3.1107
v  -4.2441 -21.2220 3.1477
v  -4.2441 -21.2085 3.0435
v  -4.2441 -21.3475 3.0077
v  -4.2141 -21.2085 3.0435
v  -4.2141 -21.2220 3.1208
v  -4.2141 -21.3514 3.0887
v  -4.2141 -21.3475 3.0077
v  -3.9938 -21.3514 3.1107
v  -3.9938 -21.2220 3.1477
v  -4.0114 -21.3514 3.0887
v  -4.0114 -21.2220 3.1208
v  -4.0114 -21.2177 3.0755
v  -3.9938 -21.2177 3.0755
v  -3.9938 -21.3471 3.0433
v  -4.0114 -21.3471 3.0433
v  -4.2441 -20.8641 3.1881
v  -4.2441 -20.5604 3.2089
v  -4.2441 -20.5604 3.0022
v  -4.2441 -20.8641 3.0011
v  -4.2141 -20.5604 3.0022
v  -4.2141 -20.5604 3.1820
v  -4.2141 -20.8641 3.1661
v  -4.2141 -20.8641 3.0011
v  -3.9938 -20.8641 3.1881
v  -3.9938 -20.5604 3.2089
v  -4.0230 -20.8641 3.1661
v  -4.0230 -20.5604 3.1820
v  -4.0230 -20.5560 3.1367
v  -3.9938 -20.5560 3.1367
v  -3.9938 -20.8597 3.1208
v  -4.0230 -20.8597 3.1208
v  -4.2601 -22.3605 3.0044
v  -4.2601 -22.1971 3.0562
v  -4.2601 -22.1971 2.7205
v  -4.2601 -22.3605 2.7723
v  -4.2601 -22.0333 3.0044
v  -4.2601 -22.0333 2.7723
v  -4.2601 -21.8692 3.0044
v  -4.2601 -21.8692 2.7723
v  -4.2601 -21.7048 3.0562
v  -4.2601 -21.7048 2.7205
v  -4.2601 -21.5399 3.0044
v  -4.2601 -21.5399 2.7723
v  -4.2601 -21.3747 3.0044
v  -4.2601 -21.3747 2.7723
v  -4.2601 -21.2090 3.0562
v  -4.2601 -21.2090 2.7205
v  -4.2601 -21.0429 3.0044
v  -4.2601 -21.0429 2.7723
v  -4.2601 -20.8764 3.0044
v  -4.2601 -20.8764 2.7723
v  -4.2601 -20.7094 3.0562
v  -4.2601 -20.7094 2.7205
v  -3.9860 -22.1971 2.7205
v  -3.9860 -22.1971 3.0562
v  -3.9860 -22.3605 3.0044
v  -3.9860 -22.3605 2.7723
v  -3.9860 -22.0333 2.7723
v  -3.9860 -22.0333 3.0044
v  -3.9860 -21.8692 2.7723
v  -3.9860 -21.8692 3.0044
v  -3.9860 -21.7048 2.7205
v  -3.9860 -21.7048 3.0562
v  -3.9860 -21.5399 2.7723
v  -3.9860 -21.5399 3.0044
v  -3.9860 -21.3747 2.7723
v  -3.9860 -21.3747 3.0044
v  -3.9860 -21.2090 2.7205
v  -3.9860 -21.2090 3.0562
v  -3.9860 -21.0429 2.7723
v  -3.9860 -21.0429 3.0044
v  -3.9860 -20.8764 2.7723
v  -3.9860 -20.8764 3.0044
v  -3.9860 -20.7094 2.7205
v  -3.9860 -20.7094 3.0562
v  -4.2026 -21.3975 3.0944
v  -4.2026 -21.5254 2.9972
v  -4.0421 -21.5254 2.9972
v  -4.0421 -21.3975 3.0944
v  -4.2026 -21.3710 2.9972
v  -4.0421 -21.3710 2.9972
v  -4.2601 -22.5298 2.7723
v  -4.2601 -22.5298 3.0044
v  -3.9860 -22.5298 3.0044
v  -3.9860 -22.5298 2.7723
v  -4.2441 -23.3185 3.1107
v  -4.2441 -23.1921 3.1477
v  -4.2441 -23.1789 3.0435
v  -4.2441 -23.3147 3.0077
v  -4.2141 -23.1789 3.0435
v  -4.2141 -23.1921 3.1208
v  -4.2141 -23.3185 3.0887
v  -4.2141 -23.3147 3.0077
v  -3.9938 -23.3185 3.1107
v  -3.9938 -23.1921 3.1477
v  -4.0114 -23.3185 3.0887
v  -4.0114 -23.1921 3.1208
v  -4.0114 -23.1879 3.0755
v  -3.9938 -23.1879 3.0755
v  -3.9938 -23.3143 3.0433
v  -4.0114 -23.3143 3.0433
v  -4.2441 -22.8432 3.1881
v  -4.2441 -22.5478 3.2089
v  -4.2441 -22.5478 3.0022
v  -4.2441 -22.8432 3.0011
v  -4.2141 -22.5478 3.0022
v  -4.2141 -22.5478 3.1820
v  -4.2141 -22.8432 3.1661
v  -4.2141 -22.8432 3.0011
v  -3.9938 -22.8432 3.1881
v  -3.9938 -22.5478 3.2089
v  -4.0230 -22.8432 3.1661
v  -4.0230 -22.5478 3.1820
v  -4.0230 -22.5435 3.1367
v  -3.9938 -22.5435 3.1367
v  -3.9938 -22.8389 3.1208
v  -4.0230 -22.8389 3.1208
v  -4.2601 -24.3084 3.0044
v  -4.2601 -24.1476 3.0562
v  -4.2601 -24.1476 2.7205
v  -4.2601 -24.3084 2.7723
v  -4.2601 -23.9866 3.0044
v  -4.2601 -23.9866 2.7723
v  -4.2601 -23.8255 3.0044
v  -4.2601 -23.8255 2.7723
v  -4.2601 -23.6643 3.0562
v  -4.2601 -23.6643 2.7205
v  -4.2601 -23.5028 3.0044
v  -4.2601 -23.5028 2.7723
v  -4.2601 -23.3412 3.0044
v  -4.2601 -23.3412 2.7723
v  -4.2601 -23.1794 3.0562
v  -4.2601 -23.1794 2.7205
v  -4.2601 -23.0173 3.0044
v  -4.2601 -23.0173 2.7723
v  -4.2601 -22.8551 3.0044
v  -4.2601 -22.8551 2.7723
v  -4.2601 -22.6926 3.0562
v  -4.2601 -22.6926 2.7205
v  -3.9860 -24.1476 2.7205
v  -3.9860 -24.1476 3.0562
v  -3.9860 -24.3084 3.0044
v  -3.9860 -24.3084 2.7723
v  -3.9860 -23.9866 2.7723
v  -3.9860 -23.9866 3.0044
v  -3.9860 -23.8255 2.7723
v  -3.9860 -23.8255 3.0044
v  -3.9860 -23.6643 2.7205
v  -3.9860 -23.6643 3.0562
v  -3.9860 -23.5028 2.7723
v  -3.9860 -23.5028 3.0044
v  -3.9860 -23.3412 2.7723
v  -3.9860 -23.3412 3.0044
v  -3.9860 -23.1794 2.7205
v  -3.9860 -23.1794 3.0562
v  -3.9860 -23.0173 2.7723
v  -3.9860 -23.0173 3.0044
v  -3.9860 -22.8551 2.7723
v  -3.9860 -22.8551 3.0044
v  -3.9860 -22.6926 2.7205
v  -3.9860 -22.6926 3.0562
v  -4.2026 -23.3635 3.0944
v  -4.2026 -23.4886 2.9972
v  -4.0421 -23.4886 2.9972
v  -4.0421 -23.3635 3.0944
v  -4.2026 -23.3377 2.9972
v  -4.0421 -23.3377 2.9972
v  -4.2601 -24.4752 2.7723
v  -4.2601 -24.4752 3.0044
v  -3.9860 -24.4752 3.0044
v  -3.9860 -24.4752 2.7723
v  -4.2441 -25.2555 3.1107
v  -4.2441 -25.1301 3.1477
v  -4.2441 -25.1171 3.0435
v  -4.2441 -25.2517 3.0077
v  -4.2141 -25.1171 3.0435
v  -4.2141 -25.1301 3.1208
v  -4.2141 -25.2555 3.0887
v  -4.2141 -25.2517 3.0077
v  -3.9938 -25.2555 3.1107
v  -3.9938 -25.1301 3.1477
v  -4.0114 -25.2555 3.0887
v  -4.0114 -25.1301 3.1208
v  -4.0114 -25.1259 3.0755
v  -3.9938 -25.1259 3.0755
v  -3.9938 -25.2513 3.0433
v  -4.0114 -25.2513 3.0433
v  -4.2441 -24.7847 3.1881
v  -4.2441 -24.4930 3.2089
v  -4.2441 -24.4930 3.0022
v  -4.2441 -24.7847 3.0011
v  -4.2141 -24.4930 3.0022
v  -4.2141 -24.4930 3.1820
v  -4.2141 -24.7847 3.1661
v  -4.2141 -24.7847 3.0011
v  -3.9938 -24.7847 3.1881
v  -3.9938 -24.4930 3.2089
v  -4.0230 -24.7847 3.1661
v  -4.0230 -24.4930 3.1820
v  -4.0230 -24.4888 3.1367
v  -3.9938 -24.4888 3.1367
v  -3.9938 -24.7805 3.1208
v  -4.0230 -24.7805 3.1208
v  -4.2601 -26.2419 3.0044
v  -4.2601 -26.0811 3.0562
v  -4.2601 -26.0811 2.7205
v  -4.2601 -26.2419 2.7723
v  -4.2601 -25.9204 3.0044
v  -4.2601 -25.9204 2.7723
v  -4.2601 -25.7597 3.0044
v  -4.2601 -25.7597 2.7723
v  -4.2601 -25.5992 3.0562
v  -4.2601 -25.5992 2.7205
v  -4.2601 -25.4386 3.0044
v  -4.2601 -25.4386 2.7723
v  -4.2601 -25.2781 3.0044
v  -4.2601 -25.2781 2.7723
v  -4.2601 -25.1175 3.0562
v  -4.2601 -25.1175 2.7205
v  -4.2601 -24.9570 3.0044
v  -4.2601 -24.9570 2.7723
v  -4.2601 -24.7965 3.0044
v  -4.2601 -24.7965 2.7723
v  -4.2601 -24.6359 3.0562
v  -4.2601 -24.6359 2.7205
v  -3.9860 -26.0811 2.7205
v  -3.9860 -26.0811 3.0562
v  -3.9860 -26.2419 3.0044
v  -3.9860 -26.2419 2.7723
v  -3.9860 -25.9204 2.7723
v  -3.9860 -25.9204 3.0044
v  -3.9860 -25.7597 2.7723
v  -3.9860 -25.7597 3.0044
v  -3.9860 -25.5992 2.7205
v  -3.9860 -25.5992 3.0562
v  -3.9860 -25.4386 2.7723
v  -3.9860 -25.4386 3.0044
v  -3.9860 -25.2781 2.7723
v  -3.9860 -25.2781 3.0044
v  -3.9860 -25.1175 2.7205
v  -3.9860 -25.1175 3.0562
v  -3.9860 -24.9570 2.7723
v  -3.9860 -24.9570 3.0044
v  -3.9860 -24.7965 2.7723
v  -3.9860 -24.7965 3.0044
v  -3.9860 -24.6359 2.7205
v  -3.9860 -24.6359 3.0562
v  -4.2026 -25.3002 3.0944
v  -4.2026 -25.4245 2.9972
v  -4.0421 -25.4245 2.9972
v  -4.0421 -25.3002 3.0944
v  -4.2026 -25.2745 2.9972
v  -4.0421 -25.2745 2.9972
v  -4.2601 -26.4089 2.7723
v  -4.2601 -26.4089 3.0044
v  -3.9860 -26.4089 3.0044
v  -3.9860 -26.4089 2.7723
v  -4.2441 -27.1932 3.1107
v  -4.2441 -27.0668 3.1477
v  -4.2441 -27.0536 3.0435
v  -4.2441 -27.1893 3.0077
v  -4.2141 -27.0536 3.0435
v  -4.2141 -27.0668 3.1208
v  -4.2141 -27.1932 3.0887
v  -4.2141 -27.1893 3.0077
v  -3.9938 -27.1932 3.1107
v  -3.9938 -27.0668 3.1477
v  -4.0114 -27.1932 3.0887
v  -4.0114 -27.0668 3.1208
v  -4.0114 -27.0626 3.0755
v  -3.9938 -27.0626 3.0755
v  -3.9938 -27.1890 3.0433
v  -4.0114 -27.1890 3.0433
v  -4.2441 -26.7193 3.1881
v  -4.2441 -26.4267 3.2089
v  -4.2441 -26.4267 3.0022
v  -4.2441 -26.7193 3.0011
v  -4.2141 -26.4267 3.0022
v  -4.2141 -26.4267 3.1820
v  -4.2141 -26.7193 3.1661
v  -4.2141 -26.7193 3.0011
v  -3.9938 -26.7193 3.1881
v  -3.9938 -26.4267 3.2089
v  -4.0230 -26.7193 3.1661
v  -4.0230 -26.4267 3.1820
v  -4.0230 -26.4225 3.1367
v  -3.9938 -26.4225 3.1367
v  -3.9938 -26.7151 3.1208
v  -4.0230 -26.7151 3.1208
v  -4.2601 -28.1918 3.0044
v  -4.2601 -28.0284 3.0562
v  -4.2601 -28.0284 2.7205
v  -4.2601 -28.1918 2.7723
v  -4.2601 -27.8653 3.0044
v  -4.2601 -27.8653 2.7723
v  -4.2601 -27.7026 3.0044
v  -4.2601 -27.7026 2.7723
v  -4.2601 -27.5402 3.0562
v  -4.2601 -27.5402 2.7205
v  -4.2601 -27.3779 3.0044
v  -4.2601 -27.3779 2.7723
v  -4.2601 -27.2159 3.0044
v  -4.2601 -27.2159 2.7723
v  -4.2601 -27.0541 3.0562
v  -4.2601 -27.0541 2.7205
v  -4.2601 -26.8926 3.0044
v  -4.2601 -26.8926 2.7723
v  -4.2601 -26.7312 3.0044
v  -4.2601 -26.7312 2.7723
v  -4.2601 -26.5700 3.0562
v  -4.2601 -26.5700 2.7205
v  -3.9860 -28.0284 2.7205
v  -3.9860 -28.0284 3.0562
v  -3.9860 -28.1918 3.0044
v  -3.9860 -28.1918 2.7723
v  -3.9860 -27.8653 2.7723
v  -3.9860 -27.8653 3.0044
v  -3.9860 -27.7026 2.7723
v  -3.9860 -27.7026 3.0044
v  -3.9860 -27.5402 2.7205
v  -3.9860 -27.5402 3.0562
v  -3.9860 -27.3779 2.7723
v  -3.9860 -27.3779 3.0044
v  -3.9860 -27.2159 2.7723
v  -3.9860 -27.2159 3.0044
v  -3.9860 -27.0541 2.7205
v  -3.9860 -27.0541 3.0562
v  -3.9860 -26.8926 2.7723
v  -3.9860 -26.8926 3.0044
v  -3.9860 -26.7312 2.7723
v  -3.9860 -26.7312 3.0044
v  -3.9860 -26.5700 2.7205
v  -3.9860 -26.5700 3.0562
v  -4.2026 -27.2383 3.0944
v  -4.2026 -27.3637 2.9972
v  -4.0421 -27.3637 2.9972
v  -4.0421 -27.2383 3.0944
v  -4.2026 -27.2124 2.9972
v  -4.0421 -27.2124 2.9972
v  -4.2601 -28.3616 2.7723
v  -4.2601 -28.3616 3.0044
v  -3.9860 -28.3616 3.0044
v  -3.9860 -28.3616 2.7723
v  -4.2441 -29.1622 3.1107
v  -4.2441 -29.0329 3.1477
v  -4.2441 -29.0194 3.0435
v  -4.2441 -29.1583 3.0077
v  -4.2141 -29.0194 3.0435
v  -4.2141 -29.0329 3.1208
v  -4.2141 -29.1622 3.0887
v  -4.2141 -29.1583 3.0077
v  -3.9938 -29.1622 3.1107
v  -3.9938 -29.0329 3.1477
v  -4.0114 -29.1622 3.0887
v  -4.0114 -29.0329 3.1208
v  -4.0114 -29.0286 3.0755
v  -3.9938 -29.0286 3.0755
v  -3.9938 -29.1579 3.0433
v  -4.0114 -29.1579 3.0433
v  -4.2441 -28.6779 3.1881
v  -4.2441 -28.3797 3.2089
v  -4.2441 -28.3797 3.0022
v  -4.2441 -28.6779 3.0011
v  -4.2141 -28.3797 3.0022
v  -4.2141 -28.3797 3.1820
v  -4.2141 -28.6779 3.1661
v  -4.2141 -28.6779 3.0011
v  -3.9938 -28.6779 3.1881
v  -3.9938 -28.3797 3.2089
v  -4.0230 -28.6779 3.1661
v  -4.0230 -28.3797 3.1820
v  -4.0230 -28.3754 3.1367
v  -3.9938 -28.3754 3.1367
v  -3.9938 -28.6736 3.1208
v  -4.0230 -28.6736 3.1208
v  -4.2601 -30.1886 3.0044
v  -4.2601 -30.0202 3.0562
v  -4.2601 -30.0202 2.7205
v  -4.2601 -30.1886 2.7723
v  -4.2601 -29.8523 3.0044
v  -4.2601 -29.8523 2.7723
v  -4.2601 -29.6848 3.0044
v  -4.2601 -29.6848 2.7723
v  -4.2601 -29.5180 3.0562
v  -4.2601 -29.5180 2.7205
v  -4.2601 -29.3515 3.0044
v  -4.2601 -29.3515 2.7723
v  -4.2601 -29.1855 3.0044
v  -4.2601 -29.1855 2.7723
v  -4.2601 -29.0199 3.0562
v  -4.2601 -29.0199 2.7205
v  -4.2601 -28.8547 3.0044
v  -4.2601 -28.8547 2.7723
v  -4.2601 -28.6900 3.0044
v  -4.2601 -28.6900 2.7723
v  -4.2601 -28.5256 3.0562
v  -4.2601 -28.5256 2.7205
v  -3.9860 -30.0202 2.7205
v  -3.9860 -30.0202 3.0562
v  -3.9860 -30.1886 3.0044
v  -3.9860 -30.1886 2.7723
v  -3.9860 -29.8523 2.7723
v  -3.9860 -29.8523 3.0044
v  -3.9860 -29.6848 2.7723
v  -3.9860 -29.6848 3.0044
v  -3.9860 -29.5180 2.7205
v  -3.9860 -29.5180 3.0562
v  -3.9860 -29.3515 2.7723
v  -3.9860 -29.3515 3.0044
v  -3.9860 -29.1855 2.7723
v  -3.9860 -29.1855 3.0044
v  -3.9860 -29.0199 2.7205
v  -3.9860 -29.0199 3.0562
v  -3.9860 -28.8547 2.7723
v  -3.9860 -28.8547 3.0044
v  -3.9860 -28.6900 2.7723
v  -3.9860 -28.6900 3.0044
v  -3.9860 -28.5256 2.7205
v  -3.9860 -28.5256 3.0562
v  -4.2026 -29.2084 3.0944
v  -4.2026 -29.3369 2.9972
v  -4.0421 -29.3369 2.9972
v  -4.0421 -29.2084 3.0944
v  -4.2026 -29.1819 2.9972
v  -4.0421 -29.1819 2.9972
v  -4.2601 -30.3639 2.7723
v  -4.2601 -30.3639 3.0044
v  -3.9860 -30.3639 3.0044
v  -3.9860 -30.3639 2.7723
v  -4.2441 -33.3173 3.1107
v  -4.2441 -33.1760 3.1477
v  -4.2441 -33.1613 3.0435
v  -4.2441 -33.3129 3.0077
v  -4.2141 -33.1613 3.0435
v  -4.2141 -33.1760 3.1208
v  -4.2141 -33.3173 3.0887
v  -4.2141 -33.3129 3.0077
v  -3.9938 -33.3173 3.1107
v  -3.9938 -33.1760 3.1477
v  -4.0114 -33.3173 3.0887
v  -4.0114 -33.1760 3.1208
v  -4.0114 -33.1713 3.0755
v  -3.9938 -33.1713 3.0755
v  -3.9938 -33.3125 3.0433
v  -4.0114 -33.3125 3.0433
v  -4.2441 -32.7895 3.1881
v  -4.2441 -32.4663 3.2089
v  -4.2441 -32.4663 3.0022
v  -4.2441 -32.7895 3.0011
v  -4.2141 -32.4663 3.0022
v  -4.2141 -32.4663 3.1820
v  -4.2141 -32.7895 3.1661
v  -4.2141 -32.7895 3.0011
v  -3.9938 -32.7895 3.1881
v  -3.9938 -32.4663 3.2089
v  -4.0230 -32.7895 3.1661
v  -4.0230 -32.4663 3.1820
v  -4.0230 -32.4617 3.1367
v  -3.9938 -32.4617 3.1367
v  -3.9938 -32.7849 3.1208
v  -4.0230 -32.7849 3.1208
v  -4.2601 -34.4463 3.0044
v  -4.2601 -34.2601 3.0562
v  -4.2601 -34.2601 2.7205
v  -4.2601 -34.4463 2.7723
v  -4.2601 -34.0748 3.0044
v  -4.2601 -34.0748 2.7723
v  -4.2601 -33.8904 3.0044
v  -4.2601 -33.8904 2.7723
v  -4.2601 -33.7070 3.0562
v  -4.2601 -33.7070 2.7205
v  -4.2601 -33.5244 3.0044
v  -4.2601 -33.5244 2.7723
v  -4.2601 -33.3427 3.0044
v  -4.2601 -33.3427 2.7723
v  -4.2601 -33.1618 3.0562
v  -4.2601 -33.1618 2.7205
v  -4.2601 -32.9818 3.0044
v  -4.2601 -32.9818 2.7723
v  -4.2601 -32.8027 3.0044
v  -4.2601 -32.8027 2.7723
v  -4.2601 -32.6243 3.0562
v  -4.2601 -32.6243 2.7205
v  -4.2601 -32.4467 3.0044
v  -4.2601 -32.4467 2.7723
v  -3.9860 -34.2601 2.7205
v  -3.9860 -34.2601 3.0562
v  -3.9860 -34.4463 3.0044
v  -3.9860 -34.4463 2.7723
v  -3.9860 -34.0748 2.7723
v  -3.9860 -34.0748 3.0044
v  -3.9860 -33.8904 2.7723
v  -3.9860 -33.8904 3.0044
v  -3.9860 -33.7070 2.7205
v  -3.9860 -33.7070 3.0562
v  -3.9860 -33.5244 2.7723
v  -3.9860 -33.5244 3.0044
v  -3.9860 -33.3427 2.7723
v  -3.9860 -33.3427 3.0044
v  -3.9860 -33.1618 2.7205
v  -3.9860 -33.1618 3.0562
v  -3.9860 -32.9818 2.7723
v  -3.9860 -32.9818 3.0044
v  -3.9860 -32.8027 2.7723
v  -3.9860 -32.8027 3.0044
v  -3.9860 -32.6243 2.7205
v  -3.9860 -32.6243 3.0562
v  -3.9860 -32.4467 2.7723
v  -3.9860 -32.4467 3.0044
v  -4.2026 -33.3677 3.0944
v  -4.2026 -33.5084 2.9972
v  -4.0421 -33.5084 2.9972
v  -4.0421 -33.3677 3.0944
v  -4.2026 -33.3387 2.9972
v  -4.0421 -33.3387 2.9972
v  -4.2601 -34.6406 2.7723
v  -4.2601 -34.6406 3.0044
v  -3.9860 -34.6406 3.0044
v  -3.9860 -34.6406 2.7723
v  -4.2441 -31.1933 3.1107
v  -4.2441 -31.0590 3.1477
v  -4.2441 -31.0451 3.0435
v  -4.2441 -31.1892 3.0077
v  -4.2141 -31.0451 3.0435
v  -4.2141 -31.0590 3.1208
v  -4.2141 -31.1933 3.0887
v  -4.2141 -31.1892 3.0077
v  -3.9938 -31.1933 3.1107
v  -3.9938 -31.0590 3.1477
v  -4.0114 -31.1933 3.0887
v  -4.0114 -31.0590 3.1208
v  -4.0114 -31.0546 3.0755
v  -3.9938 -31.0546 3.0755
v  -3.9938 -31.1888 3.0433
v  -4.0114 -31.1888 3.0433
v  -4.2441 -30.6911 3.1881
v  -4.2441 -30.3827 3.2089
v  -4.2441 -30.3827 3.0022
v  -4.2441 -30.6911 3.0011
v  -4.2141 -30.3827 3.0022
v  -4.2141 -30.3827 3.1820
v  -4.2141 -30.6911 3.1661
v  -4.2141 -30.6911 3.0011
v  -3.9938 -30.6911 3.1881
v  -3.9938 -30.3827 3.2089
v  -4.0230 -30.6911 3.1661
v  -4.0230 -30.3827 3.1820
v  -4.0230 -30.3782 3.1367
v  -3.9938 -30.3782 3.1367
v  -3.9938 -30.6866 3.1208
v  -4.0230 -30.6866 3.1208
v  -4.2601 -32.2632 3.0044
v  -4.2601 -32.0872 3.0562
v  -4.2601 -32.0872 2.7205
v  -4.2601 -32.2632 2.7723
v  -4.2601 -31.9118 3.0044
v  -4.2601 -31.9118 2.7723
v  -4.2601 -31.7372 3.0044
v  -4.2601 -31.7372 2.7723
v  -4.2601 -31.5634 3.0562
v  -4.2601 -31.5634 2.7205
v  -4.2601 -31.3901 3.0044
v  -4.2601 -31.3901 2.7723
v  -4.2601 -31.2175 3.0044
v  -4.2601 -31.2175 2.7723
v  -4.2601 -31.0456 3.0562
v  -4.2601 -31.0456 2.7205
v  -4.2601 -30.8742 3.0044
v  -4.2601 -30.8742 2.7723
v  -4.2601 -30.7036 3.0044
v  -4.2601 -30.7036 2.7723
v  -4.2601 -30.5335 3.0562
v  -4.2601 -30.5335 2.7205
v  -3.9860 -32.0872 2.7205
v  -3.9860 -32.0872 3.0562
v  -3.9860 -32.2632 3.0044
v  -3.9860 -32.2632 2.7723
v  -3.9860 -31.9118 2.7723
v  -3.9860 -31.9118 3.0044
v  -3.9860 -31.7372 2.7723
v  -3.9860 -31.7372 3.0044
v  -3.9860 -31.5634 2.7205
v  -3.9860 -31.5634 3.0562
v  -3.9860 -31.3901 2.7723
v  -3.9860 -31.3901 3.0044
v  -3.9860 -31.2175 2.7723
v  -3.9860 -31.2175 3.0044
v  -3.9860 -31.0456 2.7205
v  -3.9860 -31.0456 3.0562
v  -3.9860 -30.8742 2.7723
v  -3.9860 -30.8742 3.0044
v  -3.9860 -30.7036 2.7723
v  -3.9860 -30.7036 3.0044
v  -3.9860 -30.5335 2.7205
v  -3.9860 -30.5335 3.0562
v  -4.2026 -31.2413 3.0944
v  -4.2026 -31.3749 2.9972
v  -4.0421 -31.3749 2.9972
v  -4.0421 -31.2413 3.0944
v  -4.2026 -31.2137 2.9972
v  -4.0421 -31.2137 2.9972
v  -4.2441 -35.5647 3.1107
v  -4.2441 -35.4145 3.1477
v  -4.2441 -35.3989 3.0435
v  -4.2441 -35.5601 3.0077
v  -4.2141 -35.3989 3.0435
v  -4.2141 -35.4145 3.1208
v  -4.2141 -35.5647 3.0887
v  -4.2141 -35.5601 3.0077
v  -3.9938 -35.5647 3.1107
v  -3.9938 -35.4145 3.1477
v  -4.0114 -35.5647 3.0887
v  -4.0114 -35.4145 3.1208
v  -4.0114 -35.4095 3.0755
v  -3.9938 -35.4095 3.0755
v  -3.9938 -35.5597 3.0433
v  -4.0114 -35.5597 3.0433
v  -4.2441 -35.0040 3.1881
v  -4.2441 -34.6614 3.2089
v  -4.2441 -34.6614 3.0022
v  -4.2441 -35.0040 3.0011
v  -4.2141 -34.6614 3.0022
v  -4.2141 -34.6614 3.1820
v  -4.2141 -35.0040 3.1661
v  -4.2141 -35.0040 3.0011
v  -3.9938 -35.0040 3.1881
v  -3.9938 -34.6614 3.2089
v  -4.0230 -35.0040 3.1661
v  -4.0230 -34.6614 3.1820
v  -4.0230 -34.6564 3.1367
v  -3.9938 -34.6564 3.1367
v  -3.9938 -34.9991 3.1208
v  -4.0230 -34.9991 3.1208
v  -4.2601 -36.7686 3.0044
v  -4.2601 -36.5696 3.0562
v  -4.2601 -36.5696 2.7205
v  -4.2601 -36.7686 2.7723
v  -4.2601 -36.3718 3.0044
v  -4.2601 -36.3718 2.7723
v  -4.2601 -36.1751 3.0044
v  -4.2601 -36.1751 2.7723
v  -4.2601 -35.9796 3.0562
v  -4.2601 -35.9796 2.7205
v  -4.2601 -35.7851 3.0044
v  -4.2601 -35.7851 2.7723
v  -4.2601 -35.5918 3.0044
v  -4.2601 -35.5918 2.7723
v  -4.2601 -35.3994 3.0562
v  -4.2601 -35.3994 2.7205
v  -4.2601 -35.2082 3.0044
v  -4.2601 -35.2082 2.7723
v  -4.2601 -35.0180 3.0044
v  -4.2601 -35.0180 2.7723
v  -4.2601 -34.8288 3.0562
v  -4.2601 -34.8288 2.7205
v  -3.9860 -36.5696 2.7205
v  -3.9860 -36.5696 3.0562
v  -3.9860 -36.7686 3.0044
v  -3.9860 -36.7686 2.7723
v  -3.9860 -36.3718 2.7723
v  -3.9860 -36.3718 3.0044
v  -3.9860 -36.1751 2.7723
v  -3.9860 -36.1751 3.0044
v  -3.9860 -35.9796 2.7205
v  -3.9860 -35.9796 3.0562
v  -3.9860 -35.7851 2.7723
v  -3.9860 -35.7851 3.0044
v  -3.9860 -35.5918 2.7723
v  -3.9860 -35.5918 3.0044
v  -3.9860 -35.3994 2.7205
v  -3.9860 -35.3994 3.0562
v  -3.9860 -35.2082 2.7723
v  -3.9860 -35.2082 3.0044
v  -3.9860 -35.0180 2.7723
v  -3.9860 -35.0180 3.0044
v  -3.9860 -34.8288 2.7205
v  -3.9860 -34.8288 3.0562
v  -4.2026 -35.6184 3.0944
v  -4.2026 -35.7681 2.9972
v  -4.0421 -35.7681 2.9972
v  -4.0421 -35.6184 3.0944
v  -4.2026 -35.5875 2.9972
v  -4.0421 -35.5875 2.9972
v  -4.2601 -36.9557 2.7645
v  -4.2601 -36.9764 2.9957
v  -3.9860 -36.9764 2.9957
v  -3.9860 -36.9557 2.7645
v  -4.2441 -37.9173 2.8067
v  -4.2441 -37.7964 2.9131
v  -4.2441 -37.7363 2.8264
v  -4.2441 -37.8618 2.7198
v  -4.2141 -37.7363 2.8264
v  -4.2141 -37.7845 2.8889
v  -4.2141 -37.9063 2.7877
v  -4.2141 -37.8618 2.7198
v  -3.9938 -37.9173 2.8067
v  -3.9938 -37.7964 2.9131
v  -4.0114 -37.9063 2.7877
v  -4.0114 -37.7845 2.8889
v  -4.0114 -37.7600 2.8505
v  -3.9938 -37.7600 2.8505
v  -3.9938 -37.8792 2.7509
v  -4.0114 -37.8792 2.7509
v  -4.2441 -37.3957 3.1068
v  -4.2441 -37.0185 3.1971
v  -4.2441 -36.9980 2.9914
v  -4.2441 -37.3469 2.9263
v  -4.2141 -36.9980 2.9914
v  -4.2141 -37.0159 3.1704
v  -4.2141 -37.3900 3.0856
v  -4.2141 -37.3469 2.9263
v  -3.9938 -37.3957 3.1068
v  -3.9938 -37.0185 3.1971
v  -4.0230 -37.3900 3.0856
v  -4.0230 -37.0159 3.1704
v  -4.0230 -37.0059 3.1258
v  -3.9938 -37.0059 3.1258
v  -3.9938 -37.3730 3.0432
v  -4.0230 -37.3730 3.0432
v  -4.2601 -38.6692 1.9030
v  -4.2601 -38.6116 2.0925
v  -4.2601 -38.3351 1.9021
v  -4.2601 -38.4673 1.7885
v  -4.2601 -38.4556 2.2134
v  -4.2601 -38.2765 2.0658
v  -4.2601 -38.3300 2.3532
v  -4.2601 -38.1642 2.1907
v  -4.2601 -38.2266 2.5209
v  -4.2601 -38.0079 2.2662
v  -4.2601 -38.0449 2.5979
v  -4.2601 -37.9095 2.4094
v  -4.2601 -37.8870 2.7013
v  -4.2601 -37.7684 2.5017
v  -4.2601 -37.7424 2.8376
v  -4.2601 -37.5968 2.5351
v  -4.2601 -37.5444 2.8660
v  -4.2601 -37.4627 2.6488
v  -4.2601 -37.3615 2.9257
v  -4.2601 -37.2995 2.7020
v  -4.2601 -37.1811 3.0202
v  -4.2601 -37.1209 2.6899
v  -3.9860 -38.3351 1.9021
v  -3.9860 -38.6116 2.0925
v  -3.9860 -38.6692 1.9030
v  -3.9860 -38.4673 1.7885
v  -3.9860 -38.2765 2.0658
v  -3.9860 -38.4556 2.2134
v  -3.9860 -38.1642 2.1907
v  -3.9860 -38.3300 2.3532
v  -3.9860 -38.0079 2.2662
v  -3.9860 -38.2266 2.5209
v  -3.9860 -37.9095 2.4094
v  -3.9860 -38.0449 2.5979
v  -3.9860 -37.7684 2.5017
v  -3.9860 -37.8870 2.7013
v  -3.9860 -37.5968 2.5351
v  -3.9860 -37.7424 2.8376
v  -3.9860 -37.4627 2.6488
v  -3.9860 -37.5444 2.8660
v  -3.9860 -37.2995 2.7020
v  -3.9860 -37.3615 2.9257
v  -3.9860 -37.1209 2.6899
v  -3.9860 -37.1811 3.0202
v  -4.2026 -37.9563 2.7646
v  -4.2026 -38.0272 2.6016
v  -4.0421 -38.0272 2.6016
v  -4.0421 -37.9563 2.7646
v  -4.2026 -37.8797 2.6972
v  -4.0421 -37.8797 2.6972
v  -4.2601 -38.5470 1.6317
v  -4.2601 -38.7585 1.7273
v  -3.9860 -38.7585 1.7273
v  -3.9860 -38.5470 1.6317
v  -4.2441 -39.0564 0.8195
v  -4.2441 -39.0896 0.9692
v  -4.2441 -38.9845 0.9798
v  -4.2441 -38.9534 0.8223
v  -4.2141 -38.9845 0.9798
v  -4.2141 -39.0627 0.9676
v  -4.2141 -39.0344 0.8195
v  -4.2141 -38.9534 0.8223
v  -3.9938 -39.0564 0.8195
v  -3.9938 -39.0896 0.9692
v  -4.0114 -39.0344 0.8195
v  -4.0114 -39.0627 0.9676
v  -4.0114 -39.0172 0.9705
v  -3.9938 -39.0172 0.9705
v  -3.9938 -38.9890 0.8226
v  -4.0114 -38.9890 0.8226
v  -4.2441 -39.0592 1.4246
v  -4.2441 -38.9542 1.7905
v  -4.2441 -38.7651 1.7072
v  -4.2441 -38.8781 1.3779
v  -4.2141 -38.7651 1.7072
v  -4.2141 -38.9296 1.7797
v  -4.2141 -39.0379 1.4191
v  -4.2141 -38.8781 1.3779
v  -3.9938 -39.0592 1.4246
v  -3.9938 -38.9542 1.7905
v  -4.0230 -39.0379 1.4191
v  -4.0230 -38.9296 1.7797
v  -4.0230 -38.8860 1.7662
v  -3.9938 -38.8860 1.7662
v  -3.9938 -38.9927 1.4130
v  -4.0230 -38.9927 1.4130
v  -4.2601 -38.7746 -0.3344
v  -4.2601 -38.8917 -0.1713
v  -4.2601 -38.5727 -0.0666
v  -4.2601 -38.5614 -0.2427
v  -4.2601 -38.8944 0.0312
v  -4.2601 -38.6683 0.0835
v  -4.2601 -38.9299 0.2238
v  -4.2601 -38.6999 0.2553
v  -4.2601 -38.9996 0.4193
v  -4.2601 -38.6642 0.4344
v  -4.2601 -38.9501 0.6128
v  -4.2601 -38.7180 0.6128
v  -4.2601 -38.9501 0.8012
v  -4.2601 -38.7180 0.8012
v  -4.2601 -38.9972 0.9800
v  -4.2601 -38.6622 0.9584
v  -4.2601 -38.9238 1.1736
v  -4.2601 -38.6945 1.1376
v  -4.2601 -38.8849 1.3648
v  -4.2601 -38.6598 1.3082
v  -4.2601 -38.8784 1.5668
v  -4.2601 -38.5614 1.4562
v  -3.9860 -38.5727 -0.0666
v  -3.9860 -38.8917 -0.1713
v  -3.9860 -38.7746 -0.3344
v  -3.9860 -38.5614 -0.2427
v  -3.9860 -38.6683 0.0835
v  -3.9860 -38.8944 0.0312
v  -3.9860 -38.6999 0.2553
v  -3.9860 -38.9299 0.2238
v  -3.9860 -38.6642 0.4344
v  -3.9860 -38.9996 0.4193
v  -3.9860 -38.7180 0.6128
v  -3.9860 -38.9501 0.6128
v  -3.9860 -38.7180 0.8012
v  -3.9860 -38.9501 0.8012
v  -3.9860 -38.6622 0.9584
v  -3.9860 -38.9972 0.9800
v  -3.9860 -38.6945 1.1376
v  -3.9860 -38.9238 1.1736
v  -3.9860 -38.6598 1.3082
v  -3.9860 -38.8849 1.3648
v  -3.9860 -38.5614 1.4562
v  -3.9860 -38.8784 1.5668
v  -4.2026 -39.0401 0.7802
v  -4.2026 -38.9429 0.6307
v  -4.0421 -38.9429 0.6307
v  -4.0421 -39.0401 0.7802
v  -4.2026 -38.9429 0.8043
v  -4.0421 -38.9429 0.8043
v  -4.2601 -38.4845 -0.4011
v  -4.2601 -38.6885 -0.5119
v  -3.9860 -38.6885 -0.5119
v  -3.9860 -38.4845 -0.4011
v  -4.2441 -38.1625 -1.2866
v  -4.2441 -38.3061 -1.2167
v  -4.2441 -38.2490 -1.1281
v  -4.2441 -38.1035 -1.2021
v  -4.2141 -38.2490 -1.1281
v  -4.2141 -38.2883 -1.1965
v  -4.2141 -38.1492 -1.2692
v  -4.2141 -38.1035 -1.2021
v  -3.9938 -38.1625 -1.2866
v  -3.9938 -38.3061 -1.2167
v  -4.0114 -38.1492 -1.2692
v  -4.0114 -38.2883 -1.1965
v  -4.0114 -38.2622 -1.1591
v  -3.9938 -38.2622 -1.1591
v  -3.9938 -38.1255 -1.2301
v  -4.0114 -38.1255 -1.2301
v  -4.2441 -38.6337 -0.9288
v  -4.2441 -38.8572 -0.6296
v  -4.2441 -38.6765 -0.5292
v  -4.2441 -38.4865 -0.8135
v  -4.2141 -38.6765 -0.5292
v  -4.2141 -38.8337 -0.6165
v  -4.2141 -38.6163 -0.9152
v  -4.2141 -38.4865 -0.8135
v  -3.9938 -38.6337 -0.9288
v  -3.9938 -38.8572 -0.6296
v  -4.0230 -38.6163 -0.9152
v  -4.0230 -38.8337 -0.6165
v  -4.0230 -38.7966 -0.5899
v  -3.9938 -38.7966 -0.5899
v  -3.9938 -38.5839 -0.8832
v  -4.0230 -38.5839 -0.8832
v  -4.2601 -37.0178 -1.6353
v  -4.2601 -37.2225 -1.6559
v  -4.2601 -37.1560 -1.3269
v  -4.2601 -36.9927 -1.4045
v  -4.2601 -37.4006 -1.5582
v  -4.2601 -37.3343 -1.3357
v  -4.2601 -37.5820 -1.4951
v  -4.2601 -37.4962 -1.2795
v  -4.2601 -37.7790 -1.4632
v  -4.2601 -37.6279 -1.1635
v  -4.2601 -37.9209 -1.3243
v  -4.2601 -37.7987 -1.1270
v  -4.2601 -38.0768 -1.2182
v  -4.2601 -37.9380 -1.0322
v  -4.2601 -38.2570 -1.1380
v  -4.2601 -38.0338 -0.8872
v  -4.2601 -38.3574 -0.9684
v  -4.2601 -38.1887 -0.8090
v  -4.2601 -38.4805 -0.8264
v  -4.2601 -38.2987 -0.6821
v  -4.2601 -38.6343 -0.7025
v  -4.2601 -38.3544 -0.5173
v  -3.9860 -37.1560 -1.3269
v  -3.9860 -37.2225 -1.6559
v  -3.9860 -37.0178 -1.6353
v  -3.9860 -36.9927 -1.4045
v  -3.9860 -37.3343 -1.3357
v  -3.9860 -37.4006 -1.5582
v  -3.9860 -37.4962 -1.2795
v  -3.9860 -37.5820 -1.4951
v  -3.9860 -37.6279 -1.1635
v  -3.9860 -37.7790 -1.4632
v  -3.9860 -37.7987 -1.1270
v  -3.9860 -37.9209 -1.3243
v  -3.9860 -37.9380 -1.0322
v  -3.9860 -38.0768 -1.2182
v  -3.9860 -38.0338 -0.8872
v  -3.9860 -38.2570 -1.1380
v  -3.9860 -38.1887 -0.8090
v  -3.9860 -38.3574 -0.9684
v  -3.9860 -38.2987 -0.6821
v  -3.9860 -38.4805 -0.8264
v  -3.9860 -38.3544 -0.5173
v  -3.9860 -38.6343 -0.7025
v  -4.2026 -38.1089 -1.3064
v  -4.2026 -37.9312 -1.3094
v  -4.0421 -37.9312 -1.3094
v  -4.0421 -38.1089 -1.3064
v  -4.2026 -38.0758 -1.2099
v  -4.0421 -38.0758 -1.2099
v  -4.2601 -36.8078 -1.4158
v  -4.2601 -36.8109 -1.6479
v  -3.9860 -36.8109 -1.6479
v  -3.9860 -36.8078 -1.4158
v  -4.2441 -35.8676 -1.7544
v  -4.2441 -36.0179 -1.7914
v  -4.2441 -36.0336 -1.6872
v  -4.2441 -35.8722 -1.6514
v  -4.2141 -36.0336 -1.6872
v  -4.2141 -36.0179 -1.7645
v  -4.2141 -35.8676 -1.7324
v  -4.2141 -35.8722 -1.6514
v  -3.9938 -35.8676 -1.7544
v  -3.9938 -36.0179 -1.7914
v  -4.0114 -35.8676 -1.7324
v  -4.0114 -36.0179 -1.7645
v  -4.0114 -36.0229 -1.7192
v  -3.9938 -36.0229 -1.7192
v  -3.9938 -35.8726 -1.6870
v  -4.0114 -35.8726 -1.6870
v  -4.2441 -36.4342 -1.8318
v  -4.2441 -36.7892 -1.8526
v  -4.2441 -36.7885 -1.6459
v  -4.2441 -36.4342 -1.6448
v  -4.2141 -36.7885 -1.6459
v  -4.2141 -36.7891 -1.8257
v  -4.2141 -36.4342 -1.8098
v  -4.2141 -36.4342 -1.6448
v  -3.9938 -36.4342 -1.8318
v  -3.9938 -36.7892 -1.8526
v  -4.0230 -36.4342 -1.8098
v  -4.0230 -36.7891 -1.8257
v  -4.0230 -36.7946 -1.7803
v  -3.9938 -36.7946 -1.7803
v  -3.9938 -36.4393 -1.7645
v  -4.0230 -36.4393 -1.7645
v  -4.2601 -34.7015 -1.6481
v  -4.2601 -34.8896 -1.6999
v  -4.2601 -34.8896 -1.3642
v  -4.2601 -34.7015 -1.4160
v  -4.2601 -35.0784 -1.6481
v  -4.2601 -35.0784 -1.4160
v  -4.2601 -35.2680 -1.6481
v  -4.2601 -35.2680 -1.4160
v  -4.2601 -35.4581 -1.6999
v  -4.2601 -35.4581 -1.3642
v  -4.2601 -35.6490 -1.6481
v  -4.2601 -35.6490 -1.4160
v  -4.2601 -35.8406 -1.6481
v  -4.2601 -35.8406 -1.4160
v  -4.2601 -36.0330 -1.6999
v  -4.2601 -36.0330 -1.3642
v  -4.2601 -36.2261 -1.6481
v  -4.2601 -36.2261 -1.4160
v  -4.2601 -36.4199 -1.6481
v  -4.2601 -36.4199 -1.4160
v  -4.2601 -36.6145 -1.6999
v  -4.2601 -36.6145 -1.3642
v  -3.9860 -34.8896 -1.3642
v  -3.9860 -34.8896 -1.6999
v  -3.9860 -34.7015 -1.6481
v  -3.9860 -34.7015 -1.4160
v  -3.9860 -35.0784 -1.4160
v  -3.9860 -35.0784 -1.6481
v  -3.9860 -35.2680 -1.4160
v  -3.9860 -35.2680 -1.6481
v  -3.9860 -35.4581 -1.3642
v  -3.9860 -35.4581 -1.6999
v  -3.9860 -35.6490 -1.4160
v  -3.9860 -35.6490 -1.6481
v  -3.9860 -35.8406 -1.4160
v  -3.9860 -35.8406 -1.6481
v  -3.9860 -36.0330 -1.3642
v  -3.9860 -36.0330 -1.6999
v  -3.9860 -36.2261 -1.4160
v  -3.9860 -36.2261 -1.6481
v  -3.9860 -36.4199 -1.4160
v  -3.9860 -36.4199 -1.6481
v  -3.9860 -36.6145 -1.3642
v  -3.9860 -36.6145 -1.6999
v  -4.2026 -35.8142 -1.7381
v  -4.2026 -35.6658 -1.6409
v  -4.0421 -35.6658 -1.6409
v  -4.0421 -35.8142 -1.7381
v  -4.2026 -35.8449 -1.6409
v  -4.0421 -35.8449 -1.6409
v  -4.2601 -34.5070 -1.4160
v  -4.2601 -34.5070 -1.6481
v  -3.9860 -34.5070 -1.6481
v  -3.9860 -34.5070 -1.4160
v  -4.2441 -33.6054 -1.7544
v  -4.2441 -33.7493 -1.7914
v  -4.2441 -33.7643 -1.6872
v  -4.2441 -33.6097 -1.6514
v  -4.2141 -33.7643 -1.6872
v  -4.2141 -33.7493 -1.7645
v  -4.2141 -33.6054 -1.7324
v  -4.2141 -33.6097 -1.6514
v  -3.9938 -33.6054 -1.7544
v  -3.9938 -33.7493 -1.7914
v  -4.0114 -33.6054 -1.7324
v  -4.0114 -33.7493 -1.7645
v  -4.0114 -33.7541 -1.7192
v  -3.9938 -33.7541 -1.7192
v  -3.9938 -33.6102 -1.6870
v  -4.0114 -33.6102 -1.6870
v  -4.2441 -34.1478 -1.8318
v  -4.2441 -34.4863 -1.8526
v  -4.2441 -34.4863 -1.6459
v  -4.2441 -34.1478 -1.6448
v  -4.2141 -34.4863 -1.6459
v  -4.2141 -34.4863 -1.8257
v  -4.2141 -34.1478 -1.8098
v  -4.2141 -34.1478 -1.6448
v  -3.9938 -34.1478 -1.8318
v  -3.9938 -34.4863 -1.8526
v  -4.0230 -34.1478 -1.8098
v  -4.0230 -34.4863 -1.8257
v  -4.0230 -34.4912 -1.7804
v  -3.9938 -34.4912 -1.7804
v  -3.9938 -34.1526 -1.7645
v  -4.0230 -34.1526 -1.7645
v  -4.2601 -32.4865 -1.6481
v  -4.2601 -32.6673 -1.6999
v  -4.2601 -32.6673 -1.3642
v  -4.2601 -32.4865 -1.4160
v  -4.2601 -32.8486 -1.6481
v  -4.2601 -32.8486 -1.4160
v  -4.2601 -33.0305 -1.6481
v  -4.2601 -33.0305 -1.4160
v  -4.2601 -33.2128 -1.6999
v  -4.2601 -33.2128 -1.3642
v  -4.2601 -33.3959 -1.6481
v  -4.2601 -33.3959 -1.4160
v  -4.2601 -33.5795 -1.6481
v  -4.2601 -33.5795 -1.4160
v  -4.2601 -33.7638 -1.6999
v  -4.2601 -33.7638 -1.3642
v  -4.2601 -33.9487 -1.6481
v  -4.2601 -33.9487 -1.4160
v  -4.2601 -34.1341 -1.6481
v  -4.2601 -34.1341 -1.4160
v  -4.2601 -34.3202 -1.6999
v  -4.2601 -34.3202 -1.3642
v  -3.9860 -32.6673 -1.3642
v  -3.9860 -32.6673 -1.6999
v  -3.9860 -32.4865 -1.6481
v  -3.9860 -32.4865 -1.4160
v  -3.9860 -32.8486 -1.4160
v  -3.9860 -32.8486 -1.6481
v  -3.9860 -33.0305 -1.4160
v  -3.9860 -33.0305 -1.6481
v  -3.9860 -33.2128 -1.3642
v  -3.9860 -33.2128 -1.6999
v  -3.9860 -33.3959 -1.4160
v  -3.9860 -33.3959 -1.6481
v  -3.9860 -33.5795 -1.4160
v  -3.9860 -33.5795 -1.6481
v  -3.9860 -33.7638 -1.3642
v  -3.9860 -33.7638 -1.6999
v  -3.9860 -33.9487 -1.4160
v  -3.9860 -33.9487 -1.6481
v  -3.9860 -34.1341 -1.4160
v  -3.9860 -34.1341 -1.6481
v  -3.9860 -34.3202 -1.3642
v  -3.9860 -34.3202 -1.6999
v  -4.2026 -33.5542 -1.7381
v  -4.2026 -33.4120 -1.6409
v  -4.0421 -33.4120 -1.6409
v  -4.0421 -33.5542 -1.7381
v  -4.2026 -33.5836 -1.6409
v  -4.0421 -33.5836 -1.6409
v  -4.2601 -32.2995 -1.4160
v  -4.2601 -32.2995 -1.6481
v  -3.9860 -32.2995 -1.6481
v  -3.9860 -32.2995 -1.4160
v  -4.2441 -31.4314 -1.7544
v  -4.2441 -31.5701 -1.7914
v  -4.2441 -31.5846 -1.6872
v  -4.2441 -31.4356 -1.6514
v  -4.2141 -31.5846 -1.6872
v  -4.2141 -31.5701 -1.7645
v  -4.2141 -31.4314 -1.7324
v  -4.2141 -31.4356 -1.6514
v  -3.9938 -31.4314 -1.7544
v  -3.9938 -31.5701 -1.7914
v  -4.0114 -31.4314 -1.7324
v  -4.0114 -31.5701 -1.7645
v  -4.0114 -31.5748 -1.7192
v  -3.9938 -31.5748 -1.7192
v  -3.9938 -31.4360 -1.6870
v  -4.0114 -31.4360 -1.6870
v  -4.2441 -31.9539 -1.8318
v  -4.2441 -32.2796 -1.8526
v  -4.2441 -32.2796 -1.6459
v  -4.2441 -31.9539 -1.6448
v  -4.2141 -32.2796 -1.6459
v  -4.2141 -32.2796 -1.8257
v  -4.2141 -31.9539 -1.8098
v  -4.2141 -31.9539 -1.6448
v  -3.9938 -31.9539 -1.8318
v  -3.9938 -32.2796 -1.8526
v  -4.0230 -31.9539 -1.8098
v  -4.0230 -32.2796 -1.8257
v  -4.0230 -32.2843 -1.7804
v  -3.9938 -32.2843 -1.7804
v  -3.9938 -31.9586 -1.7645
v  -4.0230 -31.9586 -1.7645
v  -4.2601 -30.3506 -1.6481
v  -4.2601 -30.5255 -1.6999
v  -4.2601 -30.5255 -1.3642
v  -4.2601 -30.3506 -1.4160
v  -4.2601 -30.7008 -1.6481
v  -4.2601 -30.7008 -1.4160
v  -4.2601 -30.8766 -1.6481
v  -4.2601 -30.8766 -1.4160
v  -4.2601 -31.0527 -1.6999
v  -4.2601 -31.0527 -1.3642
v  -4.2601 -31.2293 -1.6481
v  -4.2601 -31.2293 -1.4160
v  -4.2601 -31.4065 -1.6481
v  -4.2601 -31.4065 -1.4160
v  -4.2601 -31.5841 -1.6999
v  -4.2601 -31.5841 -1.3642
v  -4.2601 -31.7622 -1.6481
v  -4.2601 -31.7622 -1.4160
v  -4.2601 -31.9407 -1.6481
v  -4.2601 -31.9407 -1.4160
v  -4.2601 -32.1199 -1.6999
v  -4.2601 -32.1199 -1.3642
v  -3.9860 -30.5255 -1.3642
v  -3.9860 -30.5255 -1.6999
v  -3.9860 -30.3506 -1.6481
v  -3.9860 -30.3506 -1.4160
v  -3.9860 -30.7008 -1.4160
v  -3.9860 -30.7008 -1.6481
v  -3.9860 -30.8766 -1.4160
v  -3.9860 -30.8766 -1.6481
v  -3.9860 -31.0527 -1.3642
v  -3.9860 -31.0527 -1.6999
v  -3.9860 -31.2293 -1.4160
v  -3.9860 -31.2293 -1.6481
v  -3.9860 -31.4065 -1.4160
v  -3.9860 -31.4065 -1.6481
v  -3.9860 -31.5841 -1.3642
v  -3.9860 -31.5841 -1.6999
v  -3.9860 -31.7622 -1.4160
v  -3.9860 -31.7622 -1.6481
v  -3.9860 -31.9407 -1.4160
v  -3.9860 -31.9407 -1.6481
v  -3.9860 -32.1199 -1.3642
v  -3.9860 -32.1199 -1.6999
v  -4.2026 -31.3820 -1.7381
v  -4.2026 -31.2449 -1.6409
v  -4.0421 -31.2449 -1.6409
v  -4.0421 -31.3820 -1.7381
v  -4.2026 -31.4104 -1.6409
v  -4.0421 -31.4104 -1.6409
v  -4.2601 -30.1696 -1.4160
v  -4.2601 -30.1696 -1.6481
v  -3.9860 -30.1696 -1.6481
v  -3.9860 -30.1696 -1.4160
v  -4.2441 -29.3277 -1.7544
v  -4.2441 -29.4624 -1.7914
v  -4.2441 -29.4765 -1.6872
v  -4.2441 -29.3318 -1.6514
v  -4.2141 -29.4765 -1.6872
v  -4.2141 -29.4624 -1.7645
v  -4.2141 -29.3277 -1.7324
v  -4.2141 -29.3318 -1.6514
v  -3.9938 -29.3277 -1.7544
v  -3.9938 -29.4624 -1.7914
v  -4.0114 -29.3277 -1.7324
v  -4.0114 -29.4624 -1.7645
v  -4.0114 -29.4669 -1.7192
v  -3.9938 -29.4669 -1.7192
v  -3.9938 -29.3322 -1.6870
v  -4.0114 -29.3322 -1.6870
v  -4.2441 -29.8348 -1.8318
v  -4.2441 -30.1504 -1.8526
v  -4.2441 -30.1504 -1.6459
v  -4.2441 -29.8348 -1.6448
v  -4.2141 -30.1504 -1.6459
v  -4.2141 -30.1504 -1.8257
v  -4.2141 -29.8348 -1.8098
v  -4.2141 -29.8348 -1.6448
v  -3.9938 -29.8348 -1.8318
v  -3.9938 -30.1504 -1.8526
v  -4.0230 -29.8348 -1.8098
v  -4.0230 -30.1504 -1.8257
v  -4.0230 -30.1549 -1.7804
v  -3.9938 -30.1549 -1.7804
v  -3.9938 -29.8393 -1.7645
v  -4.0230 -29.8393 -1.7645
v  -4.2601 -28.2758 -1.6481
v  -4.2601 -28.4463 -1.6999
v  -4.2601 -28.4463 -1.3642
v  -4.2601 -28.2758 -1.4160
v  -4.2601 -28.6171 -1.6481
v  -4.2601 -28.6171 -1.4160
v  -4.2601 -28.7882 -1.6481
v  -4.2601 -28.7882 -1.4160
v  -4.2601 -28.9596 -1.6999
v  -4.2601 -28.9596 -1.3642
v  -4.2601 -29.1314 -1.6481
v  -4.2601 -29.1314 -1.4160
v  -4.2601 -29.3035 -1.6481
v  -4.2601 -29.3035 -1.4160
v  -4.2601 -29.4760 -1.6999
v  -4.2601 -29.4760 -1.3642
v  -4.2601 -29.6488 -1.6481
v  -4.2601 -29.6488 -1.4160
v  -4.2601 -29.8220 -1.6481
v  -4.2601 -29.8220 -1.4160
v  -4.2601 -29.9956 -1.6999
v  -4.2601 -29.9956 -1.3642
v  -3.9860 -28.4463 -1.3642
v  -3.9860 -28.4463 -1.6999
v  -3.9860 -28.2758 -1.6481
v  -3.9860 -28.2758 -1.4160
v  -3.9860 -28.6171 -1.4160
v  -3.9860 -28.6171 -1.6481
v  -3.9860 -28.7882 -1.4160
v  -3.9860 -28.7882 -1.6481
v  -3.9860 -28.9596 -1.3642
v  -3.9860 -28.9596 -1.6999
v  -3.9860 -29.1314 -1.4160
v  -3.9860 -29.1314 -1.6481
v  -3.9860 -29.3035 -1.4160
v  -3.9860 -29.3035 -1.6481
v  -3.9860 -29.4760 -1.3642
v  -3.9860 -29.4760 -1.6999
v  -3.9860 -29.6488 -1.4160
v  -3.9860 -29.6488 -1.6481
v  -3.9860 -29.8220 -1.4160
v  -3.9860 -29.8220 -1.6481
v  -3.9860 -29.9956 -1.3642
v  -3.9860 -29.9956 -1.6999
v  -4.2026 -29.2797 -1.7381
v  -4.2026 -29.1465 -1.6409
v  -4.0421 -29.1465 -1.6409
v  -4.0421 -29.2797 -1.7381
v  -4.2026 -29.3073 -1.6409
v  -4.0421 -29.3073 -1.6409
v  -4.2601 -28.0993 -1.4160
v  -4.2601 -28.0993 -1.6481
v  -3.9860 -28.0993 -1.6481
v  -3.9860 -28.0993 -1.4160
v  -4.2441 -27.2763 -1.7544
v  -4.2441 -27.4082 -1.7914
v  -4.2441 -27.4219 -1.6872
v  -4.2441 -27.2803 -1.6514
v  -4.2141 -27.4219 -1.6872
v  -4.2141 -27.4082 -1.7645
v  -4.2141 -27.2763 -1.7324
v  -4.2141 -27.2803 -1.6514
v  -3.9938 -27.2763 -1.7544
v  -3.9938 -27.4082 -1.7914
v  -4.0114 -27.2763 -1.7324
v  -4.0114 -27.4082 -1.7645
v  -4.0114 -27.4126 -1.7192
v  -3.9938 -27.4126 -1.7192
v  -3.9938 -27.2807 -1.6870
v  -4.0114 -27.2807 -1.6870
v  -4.2441 -27.7723 -1.8318
v  -4.2441 -28.0805 -1.8526
v  -4.2441 -28.0805 -1.6459
v  -4.2441 -27.7723 -1.6448
v  -4.2141 -28.0805 -1.6459
v  -4.2141 -28.0805 -1.8257
v  -4.2141 -27.7723 -1.8098
v  -4.2141 -27.7723 -1.6448
v  -3.9938 -27.7723 -1.8318
v  -3.9938 -28.0805 -1.8526
v  -4.0230 -27.7723 -1.8098
v  -4.0230 -28.0805 -1.8257
v  -4.0230 -28.0849 -1.7804
v  -3.9938 -28.0849 -1.7804
v  -3.9938 -27.7767 -1.7645
v  -4.0230 -27.7767 -1.7645
v  -4.2601 -26.2442 -1.6481
v  -4.2601 -26.4118 -1.6999
v  -4.2601 -26.4118 -1.3642
v  -4.2601 -26.2442 -1.4160
v  -4.2601 -26.5796 -1.6481
v  -4.2601 -26.5796 -1.4160
v  -4.2601 -26.7475 -1.6481
v  -4.2601 -26.7475 -1.4160
v  -4.2601 -26.9156 -1.6999
v  -4.2601 -26.9156 -1.3642
v  -4.2601 -27.0840 -1.6481
v  -4.2601 -27.0840 -1.4160
v  -4.2601 -27.2526 -1.6481
v  -4.2601 -27.2526 -1.4160
v  -4.2601 -27.4214 -1.6999
v  -4.2601 -27.4214 -1.3642
v  -4.2601 -27.5905 -1.6481
v  -4.2601 -27.5905 -1.4160
v  -4.2601 -27.7598 -1.6481
v  -4.2601 -27.7598 -1.4160
v  -4.2601 -27.9294 -1.6999
v  -4.2601 -27.9294 -1.3642
v  -3.9860 -26.4118 -1.3642
v  -3.9860 -26.4118 -1.6999
v  -3.9860 -26.2442 -1.6481
v  -3.9860 -26.2442 -1.4160
v  -3.9860 -26.5796 -1.4160
v  -3.9860 -26.5796 -1.6481
v  -3.9860 -26.7475 -1.4160
v  -3.9860 -26.7475 -1.6481
v  -3.9860 -26.9156 -1.3642
v  -3.9860 -26.9156 -1.6999
v  -3.9860 -27.0840 -1.4160
v  -3.9860 -27.0840 -1.6481
v  -3.9860 -27.2526 -1.4160
v  -3.9860 -27.2526 -1.6481
v  -3.9860 -27.4214 -1.3642
v  -3.9860 -27.4214 -1.6999
v  -3.9860 -27.5905 -1.4160
v  -3.9860 -27.5905 -1.6481
v  -3.9860 -27.7598 -1.4160
v  -3.9860 -27.7598 -1.6481
v  -3.9860 -27.9294 -1.3642
v  -3.9860 -27.9294 -1.6999
v  -4.2026 -27.2293 -1.7381
v  -4.2026 -27.0988 -1.6409
v  -4.0421 -27.0988 -1.6409
v  -4.0421 -27.2293 -1.7381
v  -4.2026 -27.2563 -1.6409
v  -4.0421 -27.2563 -1.6409
v  -4.2601 -26.0705 -1.4160
v  -4.2601 -26.0705 -1.6481
v  -3.9860 -26.0705 -1.6481
v  -3.9860 -26.0705 -1.4160
# 2502 vertices

vn -0.5942 0.6473 -0.4774
vn -0.5567 -0.4770 -0.6801
vn -0.5801 -0.6821 0.4452
vn -0.5679 0.4894 0.6618
vn 0.5815 -0.6836 0.4411
vn 0.3155 -0.9226 0.2221
vn 0.3471 0.8789 0.3273
vn 0.5675 0.4888 0.6626
vn 0.5954 0.6477 -0.4754
vn 0.5606 -0.4916 -0.6663
vn -0.3164 0.8830 0.3466
vn -0.2961 -0.9226 0.2471
vn -0.5854 -0.6617 0.4684
vn 0.5844 -0.6603 0.4716
vn 0.5713 0.4768 0.6681
vn -0.5700 0.4749 0.6705
vn -0.5810 0.5948 -0.5555
vn -0.5738 -0.5590 -0.5986
vn -0.5775 -0.5783 0.5762
vn -0.5772 0.5764 0.5785
vn 0.5775 -0.5783 0.5762
vn 0.2882 -0.9101 0.2978
vn 0.3151 0.8989 0.3045
vn 0.5772 0.5764 0.5785
vn 0.5834 0.6040 -0.5429
vn 0.5711 -0.5505 -0.6089
vn -0.2815 0.8987 0.3364
vn -0.3248 -0.9073 0.2671
vn -0.5751 -0.6199 0.5338
vn 0.5735 -0.6173 0.5386
vn 0.5810 0.5348 0.6136
vn -0.5797 0.5319 0.6173
vn -0.7426 0.1008 -0.6621
vn -0.6459 0.0001 -0.7634
vn -0.6459 0.0000 0.7634
vn -0.7426 0.1008 0.6621
vn -0.7426 -0.1008 -0.6621
vn -0.7426 -0.1008 0.6621
vn -0.7426 0.1007 -0.6621
vn -0.7426 0.1007 0.6621
vn -0.6459 0.0001 0.7634
vn -0.7425 -0.1006 -0.6622
vn -0.7425 -0.1006 0.6622
vn -0.7425 0.1005 -0.6623
vn -0.7425 0.1005 0.6623
vn -0.6460 0.0001 -0.7633
vn -0.6460 0.0001 0.7633
vn -0.7425 -0.1005 -0.6623
vn -0.7425 -0.1005 0.6623
vn -0.7424 0.1003 -0.6624
vn -0.7424 0.1003 0.6624
vn -0.6462 0.0001 -0.7632
vn -0.6462 0.0001 0.7632
vn -0.7659 -0.1902 -0.6142
vn -0.7659 -0.1902 0.6142
vn 0.6459 0.0000 0.7634
vn 0.6459 0.0000 -0.7634
vn 0.7426 0.1008 -0.6621
vn 0.7426 0.1008 0.6621
vn 0.7426 -0.1008 0.6621
vn 0.7426 -0.1008 -0.6621
vn 0.7426 0.1007 0.6621
vn 0.7426 0.1007 -0.6621
vn 0.6459 0.0001 0.7634
vn 0.6459 0.0001 -0.7634
vn 0.7425 -0.1006 0.6622
vn 0.7425 -0.1006 -0.6622
vn 0.7425 0.1005 0.6623
vn 0.7425 0.1005 -0.6623
vn 0.6460 0.0001 0.7633
vn 0.6460 0.0001 -0.7633
vn 0.7425 -0.1005 0.6623
vn 0.7425 -0.1005 -0.6623
vn 0.7424 0.1003 0.6624
vn 0.7424 0.1003 -0.6624
vn 0.6462 0.0001 0.7632
vn 0.6462 0.0001 -0.7632
vn 0.7659 -0.1902 0.6142
vn 0.7659 -0.1902 -0.6142
vn -0.5600 -0.2673 -0.7842
vn -0.3804 0.5568 -0.7385
vn 0.3804 0.5568 -0.7385
vn 0.5600 -0.2673 -0.7842
vn -0.6384 -0.7422 -0.2037
vn 0.6384 -0.7422 -0.2037
vn -0.7071 0.0000 0.7071
vn -0.7071 -0.0000 -0.7071
vn 0.7071 -0.0000 -0.7071
vn 0.7071 0.0000 0.7071
vn -0.5943 0.6475 -0.4771
vn -0.5567 -0.4768 -0.6803
vn -0.5802 -0.6821 0.4450
vn -0.5679 0.4891 0.6620
vn 0.5816 -0.6836 0.4410
vn 0.3150 -0.9227 0.2222
vn 0.3474 0.8788 0.3272
vn 0.5674 0.4885 0.6628
vn 0.5954 0.6479 -0.4751
vn 0.5606 -0.4913 -0.6666
vn -0.3168 0.8829 0.3465
vn -0.2957 -0.9228 0.2471
vn -0.5855 -0.6618 0.4682
vn 0.5845 -0.6604 0.4714
vn 0.5712 0.4766 0.6683
vn -0.5700 0.4747 0.6707
vn -0.5811 0.5950 -0.5553
vn -0.5738 -0.5588 -0.5987
vn 0.2881 -0.9101 0.2977
vn 0.3152 0.8988 0.3045
vn 0.5834 0.6041 -0.5429
vn 0.5711 -0.5505 -0.6090
vn -0.2818 0.8986 0.3363
vn -0.3245 -0.9074 0.2672
vn -0.5751 -0.6198 0.5339
vn 0.5735 -0.6172 0.5387
vn 0.5809 0.5348 0.6136
vn -0.5796 0.5320 0.6173
vn -0.6459 -0.0000 -0.7634
vn -0.6459 -0.0000 0.7634
vn -0.7426 0.1009 -0.6621
vn -0.7426 0.1009 0.6621
vn -0.6458 0.0000 -0.7635
vn -0.6458 0.0000 0.7635
vn -0.7426 -0.1009 -0.6621
vn -0.7426 -0.1009 0.6621
vn -0.7662 -0.1913 -0.6134
vn -0.7662 -0.1913 0.6134
vn 0.6459 -0.0000 0.7634
vn 0.6459 -0.0000 -0.7634
vn 0.7426 0.1009 0.6621
vn 0.7426 0.1009 -0.6621
vn 0.6458 0.0000 0.7635
vn 0.6458 0.0000 -0.7635
vn 0.7426 -0.1009 0.6621
vn 0.7426 -0.1009 -0.6621
vn 0.7662 -0.1913 0.6134
vn 0.7662 -0.1913 -0.6134
vn -0.5599 -0.2671 -0.7843
vn -0.3811 0.5577 -0.7374
vn 0.3811 0.5577 -0.7374
vn 0.5599 -0.2671 -0.7843
vn -0.6387 -0.7422 -0.2029
vn 0.6387 -0.7422 -0.2029
vn -0.7071 0.0000 -0.7071
vn 0.7071 0.0000 -0.7071
vn -0.5942 0.6473 -0.4775
vn -0.5567 -0.4771 -0.6800
vn -0.5801 -0.6821 0.4453
vn 0.5815 -0.6836 0.4412
vn 0.3156 -0.9225 0.2221
vn 0.3470 0.8789 0.3274
vn 0.5953 0.6477 -0.4755
vn 0.5607 -0.4917 -0.6662
vn -0.3162 0.8831 0.3467
vn -0.2961 -0.9226 0.2472
vn -0.5854 -0.6616 0.4686
vn 0.5844 -0.6602 0.4718
vn 0.5713 0.4768 0.6680
vn -0.5701 0.4749 0.6705
vn -0.5810 0.5949 -0.5554
vn -0.5738 -0.5589 -0.5987
vn 0.2882 -0.9101 0.2977
vn 0.3152 0.8989 0.3045
vn -0.2816 0.8986 0.3364
vn -0.3245 -0.9073 0.2672
vn 0.5810 0.5347 0.6136
vn -0.7423 0.0999 -0.6626
vn -0.6463 -0.0001 -0.7631
vn -0.6463 -0.0001 0.7631
vn -0.7423 0.0999 0.6626
vn -0.7423 -0.1000 -0.6626
vn -0.7423 -0.1000 0.6626
vn -0.7424 0.1002 -0.6624
vn -0.7424 0.1002 0.6624
vn -0.6462 -0.0001 -0.7632
vn -0.6462 -0.0001 0.7632
vn -0.7424 -0.1003 -0.6624
vn -0.7424 -0.1003 0.6624
vn -0.7425 0.1004 -0.6623
vn -0.7425 0.1004 0.6623
vn -0.6461 -0.0001 -0.7633
vn -0.6461 -0.0001 0.7633
vn -0.7425 0.1006 -0.6622
vn -0.7425 0.1006 0.6622
vn -0.6459 -0.0001 -0.7634
vn -0.6460 -0.0001 0.7634
vn -0.7661 -0.1910 -0.6136
vn -0.7661 -0.1910 0.6136
vn 0.6463 -0.0001 0.7631
vn 0.6463 -0.0001 -0.7631
vn 0.7423 0.0999 -0.6626
vn 0.7423 0.0999 0.6626
vn 0.7423 -0.1000 0.6626
vn 0.7423 -0.1000 -0.6626
vn 0.7424 0.1002 0.6624
vn 0.7424 0.1002 -0.6624
vn 0.6462 -0.0001 0.7632
vn 0.6462 -0.0001 -0.7632
vn 0.7424 -0.1003 0.6624
vn 0.7424 -0.1003 -0.6624
vn 0.7425 0.1004 0.6623
vn 0.7425 0.1004 -0.6623
vn 0.6461 -0.0001 0.7633
vn 0.6461 -0.0001 -0.7633
vn 0.7425 0.1006 0.6622
vn 0.7425 0.1006 -0.6622
vn 0.6459 -0.0001 0.7634
vn 0.6459 -0.0001 -0.7634
vn 0.7661 -0.1910 0.6136
vn 0.7661 -0.1910 -0.6136
vn -0.5601 -0.2676 -0.7840
vn -0.3797 0.5560 -0.7394
vn 0.3797 0.5560 -0.7394
vn 0.5601 -0.2676 -0.7840
vn -0.6383 -0.7422 -0.2040
vn 0.6383 -0.7422 -0.2040
vn -0.7071 -0.0000 0.7071
vn 0.7071 -0.0000 0.7071
vn -0.5940 0.6466 -0.4787
vn -0.5568 -0.4780 -0.6793
vn -0.5798 -0.6820 0.4458
vn -0.5681 0.4903 0.6610
vn 0.5812 -0.6835 0.4416
vn 0.3174 -0.9220 0.2217
vn 0.3458 0.8793 0.3276
vn 0.5677 0.4896 0.6618
vn 0.5952 0.6470 -0.4766
vn 0.5608 -0.4928 -0.6653
vn -0.3147 0.8834 0.3471
vn -0.2976 -0.9222 0.2472
vn -0.5852 -0.6613 0.4693
vn 0.5841 -0.6599 0.4726
vn 0.5715 0.4774 0.6674
vn -0.5703 0.4754 0.6699
vn -0.5810 0.5947 -0.5556
vn -0.5739 -0.5591 -0.5984
vn 0.2883 -0.9101 0.2978
vn 0.3150 0.8989 0.3045
vn 0.5834 0.6040 -0.5430
vn 0.5711 -0.5506 -0.6088
vn -0.2810 0.8987 0.3368
vn -0.3251 -0.9072 0.2669
vn -0.5750 -0.6200 0.5338
vn 0.5734 -0.6173 0.5386
vn 0.5811 0.5346 0.6137
vn -0.5798 0.5317 0.6174
vn -0.7416 0.0983 -0.6636
vn -0.6472 -0.0002 -0.7623
vn -0.6472 -0.0002 0.7623
vn -0.7416 0.0983 0.6636
vn -0.7417 -0.0985 -0.6635
vn -0.7417 -0.0985 0.6635
vn -0.7418 0.0988 -0.6633
vn -0.7418 0.0988 0.6633
vn -0.6470 -0.0001 -0.7625
vn -0.6470 -0.0001 0.7625
vn -0.7419 -0.0989 -0.6632
vn -0.7419 -0.0989 0.6632
vn -0.7420 0.0992 -0.6630
vn -0.7420 0.0992 0.6630
vn -0.6467 -0.0002 -0.7627
vn -0.6467 -0.0002 0.7627
vn -0.7420 -0.0993 -0.6630
vn -0.7420 -0.0993 0.6630
vn -0.7421 0.0996 -0.6628
vn -0.7421 0.0996 0.6628
vn -0.6465 -0.0002 -0.7629
vn -0.6465 -0.0001 0.7629
vn -0.7656 -0.1893 -0.6148
vn -0.7656 -0.1893 0.6148
vn 0.6472 -0.0002 0.7623
vn 0.6472 -0.0002 -0.7623
vn 0.7416 0.0983 -0.6636
vn 0.7416 0.0983 0.6636
vn 0.7417 -0.0985 0.6635
vn 0.7417 -0.0985 -0.6635
vn 0.7418 0.0988 0.6633
vn 0.7418 0.0988 -0.6633
vn 0.6470 -0.0001 0.7625
vn 0.6470 -0.0001 -0.7625
vn 0.7419 -0.0989 0.6632
vn 0.7419 -0.0989 -0.6632
vn 0.7420 0.0992 0.6630
vn 0.7420 0.0992 -0.6630
vn 0.6467 -0.0002 0.7627
vn 0.6467 -0.0002 -0.7627
vn 0.7420 -0.0993 0.6630
vn 0.7420 -0.0993 -0.6630
vn 0.7421 0.0996 0.6628
vn 0.7421 0.0996 -0.6628
vn 0.6465 -0.0001 0.7629
vn 0.6465 -0.0002 -0.7629
vn 0.7656 -0.1893 0.6148
vn 0.7656 -0.1893 -0.6148
vn -0.5605 -0.2688 -0.7833
vn -0.3762 0.5517 -0.7444
vn 0.3762 0.5517 -0.7444
vn 0.5605 -0.2688 -0.7833
vn -0.6373 -0.7423 -0.2070
vn 0.6373 -0.7423 -0.2070
vn -0.5937 0.6455 -0.4805
vn -0.5570 -0.4793 -0.6782
vn -0.5792 -0.6820 0.4465
vn -0.5684 0.4915 0.6598
vn 0.5807 -0.6835 0.4423
vn 0.3202 -0.9212 0.2211
vn 0.3439 0.8798 0.3280
vn 0.5680 0.4909 0.6607
vn 0.5949 0.6460 -0.4784
vn 0.5610 -0.4944 -0.6640
vn -0.3122 0.8840 0.3480
vn -0.3000 -0.9214 0.2471
vn -0.5847 -0.6609 0.4705
vn 0.5837 -0.6594 0.4738
vn 0.5719 0.4783 0.6665
vn -0.5706 0.4763 0.6690
vn -0.5809 0.5944 -0.5561
vn -0.5739 -0.5595 -0.5980
vn 0.2886 -0.9099 0.2979
vn 0.3147 0.8990 0.3045
vn 0.5834 0.6038 -0.5431
vn 0.5711 -0.5509 -0.6086
vn -0.2801 0.8987 0.3374
vn -0.3260 -0.9070 0.2665
vn -0.5749 -0.6202 0.5337
vn 0.5732 -0.6175 0.5386
vn 0.5812 0.5343 0.6138
vn -0.5799 0.5313 0.6176
vn -0.7408 0.0961 -0.6649
vn -0.6485 -0.0003 -0.7612
vn -0.6485 -0.0003 0.7612
vn -0.7408 0.0961 0.6649
vn -0.7408 -0.0963 -0.6647
vn -0.7408 -0.0963 0.6647
vn -0.7410 0.0967 -0.6645
vn -0.7410 0.0967 0.6645
vn -0.6482 -0.0002 -0.7615
vn -0.6482 -0.0002 0.7615
vn -0.7411 -0.0969 -0.6644
vn -0.7411 -0.0969 0.6644
vn -0.7412 0.0973 -0.6642
vn -0.7412 0.0973 0.6642
vn -0.6478 -0.0002 -0.7618
vn -0.6478 -0.0002 0.7618
vn -0.7413 -0.0975 -0.6641
vn -0.7413 -0.0975 0.6641
vn -0.7414 0.0978 -0.6639
vn -0.7414 0.0978 0.6639
vn -0.6475 -0.0002 -0.7620
vn -0.6475 -0.0002 0.7620
vn -0.7647 -0.1862 -0.6169
vn -0.7647 -0.1862 0.6169
vn 0.6485 -0.0003 0.7612
vn 0.6485 -0.0003 -0.7612
vn 0.7408 0.0961 -0.6649
vn 0.7408 0.0961 0.6649
vn 0.7408 -0.0963 0.6647
vn 0.7408 -0.0963 -0.6647
vn 0.7410 0.0967 0.6645
vn 0.7410 0.0967 -0.6645
vn 0.6482 -0.0002 0.7615
vn 0.6482 -0.0002 -0.7615
vn 0.7411 -0.0969 0.6644
vn 0.7411 -0.0969 -0.6644
vn 0.7412 0.0973 0.6642
vn 0.7412 0.0973 -0.6642
vn 0.6478 -0.0002 0.7618
vn 0.6478 -0.0002 -0.7618
vn 0.7413 -0.0975 0.6641
vn 0.7413 -0.0975 -0.6641
vn 0.7414 0.0978 0.6639
vn 0.7414 0.0978 -0.6639
vn 0.6475 -0.0002 0.7620
vn 0.6475 -0.0002 -0.7620
vn 0.7647 -0.1862 0.6169
vn 0.7647 -0.1862 -0.6169
vn -0.5612 -0.2706 -0.7822
vn -0.3706 0.5448 -0.7523
vn 0.3706 0.5448 -0.7523
vn 0.5612 -0.2706 -0.7822
vn -0.6355 -0.7425 -0.2118
vn 0.6355 -0.7425 -0.2118
vn -0.5932 0.6441 -0.4829
vn -0.5572 -0.4811 -0.6768
vn -0.5785 -0.6820 0.4474
vn -0.5688 0.4931 0.6582
vn 0.5800 -0.6836 0.4431
vn 0.3241 -0.9201 0.2201
vn 0.3414 0.8806 0.3286
vn 0.5684 0.4925 0.6591
vn 0.5945 0.6446 -0.4807
vn 0.5612 -0.4966 -0.6621
vn -0.3086 0.8848 0.3492
vn -0.3033 -0.9204 0.2468
vn -0.5842 -0.6603 0.4719
vn 0.5831 -0.6588 0.4753
vn 0.5724 0.4793 0.6653
vn -0.5711 0.4773 0.6679
vn -0.5808 0.5939 -0.5567
vn -0.5740 -0.5600 -0.5974
vn -0.5775 -0.5782 0.5763
vn -0.5772 0.5764 0.5784
vn 0.5775 -0.5782 0.5763
vn 0.2889 -0.9098 0.2980
vn 0.3144 0.8992 0.3044
vn 0.5772 0.5764 0.5784
vn 0.5834 0.6036 -0.5434
vn 0.5712 -0.5511 -0.6083
vn -0.2787 0.8988 0.3382
vn -0.3274 -0.9068 0.2657
vn -0.5747 -0.6207 0.5334
vn 0.5730 -0.6179 0.5384
vn 0.5815 0.5338 0.6139
vn -0.5802 0.5307 0.6178
vn -0.7397 0.0932 -0.6665
vn -0.6502 -0.0003 -0.7598
vn -0.6502 -0.0003 0.7598
vn -0.7397 0.0932 0.6665
vn -0.7398 -0.0935 -0.6664
vn -0.7398 -0.0935 0.6664
vn -0.7400 0.0940 -0.6660
vn -0.7400 0.0940 0.6660
vn -0.6497 -0.0002 -0.7602
vn -0.6497 -0.0002 0.7602
vn -0.7400 -0.0942 -0.6659
vn -0.7400 -0.0942 0.6659
vn -0.7402 0.0947 -0.6657
vn -0.7402 0.0947 0.6657
vn -0.6493 -0.0003 -0.7605
vn -0.6493 -0.0003 0.7605
vn -0.7403 -0.0949 -0.6655
vn -0.7403 -0.0949 0.6655
vn -0.7405 0.0954 -0.6653
vn -0.7405 0.0954 0.6653
vn -0.6489 -0.0003 -0.7609
vn -0.6489 -0.0003 0.7609
vn -0.7634 -0.1820 -0.6198
vn -0.7634 -0.1820 0.6198
vn 0.6502 -0.0003 0.7598
vn 0.6502 -0.0003 -0.7598
vn 0.7397 0.0932 -0.6665
vn 0.7397 0.0932 0.6665
vn 0.7398 -0.0935 0.6664
vn 0.7398 -0.0935 -0.6664
vn 0.7400 0.0940 0.6660
vn 0.7400 0.0940 -0.6660
vn 0.6497 -0.0002 0.7602
vn 0.6497 -0.0002 -0.7602
vn 0.7400 -0.0942 0.6659
vn 0.7400 -0.0942 -0.6659
vn 0.7402 0.0947 0.6657
vn 0.7402 0.0947 -0.6657
vn 0.6493 -0.0003 0.7605
vn 0.6493 -0.0003 -0.7605
vn 0.7403 -0.0949 0.6655
vn 0.7403 -0.0949 -0.6655
vn 0.7405 0.0954 0.6653
vn 0.7405 0.0954 -0.6653
vn 0.6489 -0.0003 0.7609
vn 0.6489 -0.0003 -0.7609
vn 0.7634 -0.1820 0.6198
vn 0.7634 -0.1820 -0.6198
vn -0.5621 -0.2729 -0.7807
vn -0.3631 0.5354 -0.7626
vn 0.3631 0.5354 -0.7626
vn 0.5621 -0.2729 -0.7807
vn -0.6331 -0.7426 -0.2184
vn 0.6331 -0.7426 -0.2184
vn -0.5927 0.6424 -0.4857
vn -0.5574 -0.4831 -0.6752
vn -0.5776 -0.6821 0.4484
vn -0.5693 0.4950 0.6564
vn 0.5792 -0.6838 0.4439
vn 0.3290 -0.9186 0.2188
vn 0.3384 0.8815 0.3293
vn 0.5688 0.4944 0.6573
vn 0.5940 0.6429 -0.4835
vn 0.5615 -0.4992 -0.6599
vn -0.3044 0.8857 0.3506
vn -0.3073 -0.9191 0.2465
vn -0.5835 -0.6597 0.4736
vn 0.5823 -0.6582 0.4772
vn 0.5730 0.4806 0.6638
vn -0.5717 0.4785 0.6665
vn -0.5807 0.5934 -0.5574
vn -0.5741 -0.5606 -0.5968
vn -0.5772 0.5765 0.5784
vn 0.2894 -0.9096 0.2981
vn 0.3139 0.8994 0.3043
vn 0.5772 0.5765 0.5784
vn 0.5834 0.6034 -0.5436
vn 0.5712 -0.5514 -0.6080
vn -0.2770 0.8990 0.3394
vn -0.3292 -0.9064 0.2648
vn -0.5744 -0.6213 0.5329
vn 0.5727 -0.6184 0.5382
vn 0.5818 0.5331 0.6142
vn -0.5805 0.5300 0.6182
vn -0.7273 0.4245 -0.5394
vn -0.6451 0.3306 -0.6889
vn -0.6544 -0.3260 0.6823
vn -0.7533 -0.2469 0.6095
vn -0.7270 0.1546 -0.6689
vn -0.7531 -0.3197 0.5750
vn -0.7264 0.2658 -0.6338
vn -0.7526 -0.0800 0.6536
vn -0.6461 0.1366 -0.7509
vn -0.6562 -0.1322 0.7429
vn -0.7258 -0.0272 -0.6873
vn -0.7523 -0.1513 0.6412
vn -0.7340 0.1063 -0.6708
vn -0.7441 0.0771 0.6636
vn -0.6511 -0.0003 -0.7590
vn -0.6511 -0.0003 0.7590
vn -0.7391 -0.0919 -0.6673
vn -0.7391 -0.0919 0.6673
vn -0.7393 0.0924 -0.6670
vn -0.7393 0.0924 0.6670
vn -0.6506 -0.0003 -0.7594
vn -0.6506 -0.0003 0.7594
vn -0.7618 -0.1767 -0.6233
vn -0.7618 -0.1767 0.6233
vn 0.6544 -0.3260 0.6823
vn 0.6451 0.3306 -0.6889
vn 0.7273 0.4245 -0.5394
vn 0.7533 -0.2469 0.6095
vn 0.7531 -0.3197 0.5750
vn 0.7270 0.1546 -0.6689
vn 0.7526 -0.0800 0.6536
vn 0.7264 0.2658 -0.6338
vn 0.6562 -0.1322 0.7429
vn 0.6461 0.1366 -0.7509
vn 0.7523 -0.1514 0.6412
vn 0.7258 -0.0272 -0.6873
vn 0.7441 0.0771 0.6636
vn 0.7340 0.1063 -0.6708
vn 0.6511 -0.0003 0.7590
vn 0.6511 -0.0003 -0.7590
vn 0.7391 -0.0919 0.6673
vn 0.7391 -0.0919 -0.6673
vn 0.7393 0.0924 0.6670
vn 0.7393 0.0924 -0.6670
vn 0.6506 -0.0003 0.7594
vn 0.6506 -0.0003 -0.7594
vn 0.7618 -0.1767 0.6233
vn 0.7618 -0.1767 -0.6233
vn -0.5642 -0.2669 -0.7813
vn -0.3346 0.5279 -0.7806
vn 0.3346 0.5279 -0.7806
vn 0.5642 -0.2669 -0.7813
vn -0.6346 -0.7341 -0.2415
vn 0.6346 -0.7341 -0.2415
vn -0.7170 -0.3817 0.5832
vn -0.6968 0.3928 -0.6002
vn 0.6968 0.3928 -0.6002
vn 0.7170 -0.3817 0.5832
vn -0.5897 0.7526 0.2930
vn -0.5563 0.2965 -0.7763
vn -0.5784 -0.7483 -0.3248
vn -0.5715 -0.3014 0.7633
vn 0.5800 -0.7453 -0.3287
vn 0.3270 -0.6931 -0.6423
vn 0.3247 0.1611 0.9320
vn 0.5710 -0.3025 0.7632
vn 0.5912 0.7508 0.2947
vn 0.5606 0.2741 -0.7814
vn -0.2892 0.1440 0.9464
vn -0.3056 -0.7166 -0.6270
vn -0.5844 -0.7572 -0.2916
vn 0.5833 -0.7595 -0.2882
vn 0.5755 -0.3159 0.7543
vn -0.5741 -0.3195 0.7539
vn -0.5762 0.8173 -0.0049
vn -0.5706 -0.0691 -0.8183
vn -0.5818 -0.8084 0.0897
vn -0.5814 0.0263 0.8132
vn 0.5818 -0.8084 0.0897
vn 0.2712 -0.9118 -0.3084
vn 0.2926 0.4263 0.8559
vn 0.5814 0.0263 0.8132
vn 0.5795 0.8149 0.0134
vn 0.5671 -0.0536 -0.8219
vn -0.2533 0.3993 0.8811
vn -0.3143 -0.8881 -0.3354
vn -0.5776 -0.8158 0.0276
vn 0.5758 -0.8168 0.0340
vn 0.5870 -0.0300 0.8090
vn -0.5857 -0.0355 0.8098
vn -0.7325 0.6767 0.0743
vn -0.6478 0.7598 -0.0555
vn -0.6588 -0.7512 0.0420
vn -0.7409 -0.6647 0.0964
vn -0.7257 0.6605 -0.1925
vn -0.7521 -0.6590 0.0087
vn -0.7266 0.6823 -0.0811
vn -0.7529 -0.6072 0.2537
vn -0.6454 0.7205 -0.2538
vn -0.6550 -0.7133 0.2494
vn -0.7271 0.5828 -0.3629
vn -0.7530 -0.6329 0.1801
vn -0.7275 0.6366 -0.2557
vn -0.7533 -0.5176 0.4058
vn -0.6448 0.6301 -0.4326
vn -0.6539 -0.6241 0.4277
vn -0.7278 0.4677 -0.5016
vn -0.7532 -0.5653 0.3362
vn -0.7279 0.5496 -0.4101
vn -0.7533 -0.3957 0.5253
vn -0.6447 0.4988 -0.5792
vn -0.6537 -0.4937 0.5736
vn -0.7522 0.2580 -0.6063
vn -0.7734 -0.5230 0.3583
vn 0.6588 -0.7512 0.0420
vn 0.6478 0.7598 -0.0555
vn 0.7325 0.6767 0.0743
vn 0.7409 -0.6647 0.0964
vn 0.7521 -0.6590 0.0087
vn 0.7257 0.6605 -0.1925
vn 0.7529 -0.6072 0.2537
vn 0.7266 0.6823 -0.0811
vn 0.6550 -0.7133 0.2494
vn 0.6454 0.7205 -0.2538
vn 0.7530 -0.6329 0.1801
vn 0.7271 0.5828 -0.3629
vn 0.7533 -0.5176 0.4058
vn 0.7275 0.6366 -0.2557
vn 0.6539 -0.6241 0.4277
vn 0.6448 0.6301 -0.4326
vn 0.7532 -0.5653 0.3362
vn 0.7278 0.4677 -0.5016
vn 0.7533 -0.3957 0.5253
vn 0.7279 0.5496 -0.4101
vn 0.6537 -0.4937 0.5736
vn 0.6447 0.4988 -0.5792
vn 0.7734 -0.5230 0.3583
vn 0.7522 0.2580 -0.6063
vn -0.5628 0.5562 -0.6114
vn -0.3476 0.9323 0.1001
vn 0.3476 0.9323 0.1001
vn 0.5628 0.5562 -0.6114
vn -0.6367 -0.1543 -0.7555
vn 0.6367 -0.1543 -0.7555
vn -0.7071 -0.7071 -0.0000
vn -0.7071 0.7071 0.0000
vn 0.7071 0.7071 0.0000
vn 0.7071 -0.7071 -0.0000
vn -0.5895 0.2230 0.7764
vn -0.5563 0.7972 -0.2346
vn -0.5780 -0.1944 -0.7925
vn -0.5717 -0.7897 0.2226
vn 0.5797 -0.1893 -0.7926
vn 0.3292 0.0921 -0.9398
vn 0.3236 -0.6454 0.6920
vn 0.5712 -0.7903 0.2216
vn 0.5910 0.2205 0.7760
vn 0.5606 0.7875 -0.2559
vn -0.2877 -0.6674 0.6869
vn -0.3073 0.0652 -0.9494
vn -0.5842 -0.2267 -0.7793
vn 0.5830 -0.2308 -0.7790
vn 0.5757 -0.7915 0.2053
vn -0.5744 -0.7932 0.2022
vn -0.5762 0.5044 0.6431
vn -0.5718 0.6109 -0.5476
vn -0.5804 -0.5594 -0.5918
vn -0.5814 -0.6267 0.5189
vn 0.5804 -0.5594 -0.5918
vn 0.2773 -0.2940 -0.9147
vn 0.2926 -0.4154 0.8613
vn 0.5814 -0.6267 0.5189
vn 0.5797 0.4876 0.6528
vn 0.5691 0.6205 -0.5396
vn -0.2514 -0.4537 0.8549
vn -0.3113 -0.2656 -0.9124
vn -0.5776 -0.5212 -0.6283
vn 0.5762 -0.5257 -0.6258
vn 0.5874 -0.6590 0.4698
vn -0.5860 -0.6631 0.4657
vn -0.7276 0.3345 0.5989
vn -0.6447 0.5094 0.5700
vn -0.6537 -0.5042 -0.5644
vn -0.7535 -0.4686 -0.4612
vn -0.7279 0.5571 0.3998
vn -0.7533 -0.4053 -0.5179
vn -0.7278 0.4769 0.4928
vn -0.7532 -0.5714 -0.3257
vn -0.6448 0.6380 0.4209
vn -0.6539 -0.6320 -0.4160
vn -0.7275 0.6413 0.2439
vn -0.7533 -0.5252 -0.3959
vn -0.7270 0.5897 0.3517
vn -0.7530 -0.6362 -0.1682
vn -0.6455 0.7251 0.2400
vn -0.6551 -0.7179 -0.2356
vn -0.7265 0.6838 0.0681
vn -0.7529 -0.6122 -0.2417
vn -0.7256 0.6643 0.1794
vn -0.7520 -0.6592 0.0038
vn -0.6461 0.7625 0.0331
vn -0.6555 -0.7541 -0.0411
vn -0.7585 0.6302 -0.1660
vn -0.7665 -0.6128 -0.1922
vn 0.6537 -0.5042 -0.5644
vn 0.6447 0.5094 0.5700
vn 0.7276 0.3345 0.5989
vn 0.7535 -0.4686 -0.4612
vn 0.7533 -0.4053 -0.5179
vn 0.7279 0.5571 0.3998
vn 0.7532 -0.5714 -0.3257
vn 0.7278 0.4769 0.4928
vn 0.6539 -0.6320 -0.4160
vn 0.6448 0.6380 0.4209
vn 0.7533 -0.5252 -0.3959
vn 0.7275 0.6413 0.2439
vn 0.7530 -0.6362 -0.1682
vn 0.7270 0.5897 0.3517
vn 0.6551 -0.7179 -0.2356
vn 0.6455 0.7251 0.2400
vn 0.7529 -0.6122 -0.2417
vn 0.7265 0.6838 0.0681
vn 0.7520 -0.6592 0.0038
vn 0.7256 0.6643 0.1794
vn 0.6555 -0.7541 -0.0411
vn 0.6461 0.7625 0.0331
vn 0.7665 -0.6128 -0.1922
vn 0.7585 0.6302 -0.1660
vn -0.5629 0.8231 0.0744
vn -0.3474 0.4838 0.8033
vn 0.3474 0.4838 0.8033
vn 0.5629 0.8231 0.0744
vn -0.6361 0.5102 -0.5788
vn 0.6361 0.5102 -0.5788
vn -0.7170 -0.3925 -0.5761
vn -0.6968 0.4039 0.5928
vn 0.6968 0.4039 0.5928
vn 0.7170 -0.3925 -0.5761
vn -0.5892 -0.5645 0.5781
vn -0.5564 0.5986 0.5763
vn -0.5776 0.5930 -0.5610
vn -0.5721 -0.5836 -0.5763
vn 0.5793 0.5956 -0.5565
vn 0.3316 0.8621 -0.3833
vn 0.3212 -0.9207 -0.2215
vn 0.5716 -0.5830 -0.5773
vn 0.5907 -0.5654 0.5756
vn 0.5608 0.6125 0.5571
vn -0.2842 -0.9273 -0.2438
vn -0.3094 0.8571 -0.4118
vn -0.5838 0.5653 -0.5827
vn 0.5826 0.5629 -0.5863
vn 0.5762 -0.5688 -0.5868
vn -0.5749 -0.5669 -0.5900
vn -0.5761 -0.3101 0.7563
vn -0.5706 0.7822 0.2500
vn -0.5818 0.2274 -0.7809
vn -0.5815 -0.7605 -0.2890
vn 0.5818 0.2274 -0.7809
vn 0.2710 0.6344 -0.7240
vn 0.2920 -0.9543 0.0631
vn 0.5815 -0.7605 -0.2890
vn 0.5795 -0.3264 0.7468
vn 0.5670 0.7796 0.2659
vn -0.2521 -0.9673 0.0278
vn -0.3143 0.6503 -0.6916
vn -0.5776 0.2877 -0.7639
vn 0.5759 0.2821 -0.7673
vn 0.5873 -0.7346 -0.3398
vn -0.5859 -0.7332 -0.3452
vn -0.7368 -0.0857 0.6707
vn -0.6548 -0.0005 0.7558
vn -0.6548 -0.0005 -0.7558
vn -0.7368 -0.0857 -0.6707
vn -0.7366 0.0853 0.6709
vn -0.7366 0.0853 -0.6709
vn -0.7363 -0.0844 0.6714
vn -0.7363 -0.0844 -0.6714
vn -0.6554 0.0000 0.7553
vn -0.6552 0.0008 -0.7554
vn -0.7290 0.1061 0.6762
vn -0.7440 0.0638 -0.6652
vn -0.7259 -0.0141 0.6877
vn -0.7524 -0.1641 -0.6380
vn -0.6460 0.1511 0.7482
vn -0.6560 -0.1468 -0.7403
vn -0.7265 0.2781 0.6284
vn -0.7527 -0.0924 -0.6519
vn -0.7271 0.1672 0.6658
vn -0.7532 -0.3307 -0.5687
vn -0.6450 0.3435 0.6826
vn -0.6543 -0.3389 -0.6761
vn -0.7518 0.4605 0.4720
vn -0.7732 -0.1314 -0.6204
vn 0.6548 -0.0005 -0.7558
vn 0.6548 -0.0005 0.7558
vn 0.7368 -0.0857 0.6707
vn 0.7368 -0.0857 -0.6707
vn 0.7366 0.0853 -0.6709
vn 0.7366 0.0853 0.6709
vn 0.7363 -0.0844 -0.6714
vn 0.7363 -0.0844 0.6714
vn 0.6552 0.0008 -0.7554
vn 0.6554 0.0000 0.7553
vn 0.7440 0.0638 -0.6652
vn 0.7290 0.1061 0.6762
vn 0.7524 -0.1641 -0.6380
vn 0.7259 -0.0141 0.6877
vn 0.6560 -0.1468 -0.7403
vn 0.6460 0.1511 0.7482
vn 0.7527 -0.0924 -0.6519
vn 0.7265 0.2781 0.6284
vn 0.7532 -0.3307 -0.5687
vn 0.7271 0.1672 0.6658
vn 0.6543 -0.3389 -0.6761
vn 0.6450 0.3435 0.6826
vn 0.7732 -0.1314 -0.6204
vn 0.7518 0.4605 0.4720
vn -0.5643 0.3433 0.7508
vn -0.3355 -0.4461 0.8297
vn 0.3355 -0.4461 0.8297
vn 0.5643 0.3433 0.7508
vn -0.6332 0.7554 0.1688
vn 0.6332 0.7554 0.1688
vn -0.5922 -0.6407 0.4887
vn -0.5576 0.4850 0.6737
vn -0.5766 0.6825 -0.4491
vn -0.5698 -0.4970 -0.6545
vn 0.5783 0.6842 -0.4444
vn 0.3345 0.9171 -0.2170
vn 0.3353 -0.8824 -0.3300
vn 0.5693 -0.4963 -0.6554
vn 0.5936 -0.6412 0.4863
vn 0.5618 0.5018 0.6577
vn -0.3001 -0.8866 -0.3520
vn -0.3119 0.9178 -0.2459
vn -0.5828 0.6593 -0.4751
vn 0.5816 0.6577 -0.4788
vn 0.5736 -0.4819 -0.6624
vn -0.5723 -0.4797 -0.6652
vn -0.5805 -0.5923 0.5588
vn -0.5743 0.5617 0.5955
vn -0.5775 0.5782 -0.5764
vn -0.5772 -0.5765 -0.5783
vn 0.5775 0.5782 -0.5764
vn 0.2902 0.9093 -0.2984
vn 0.3131 -0.8997 -0.3041
vn 0.5772 -0.5765 -0.5783
vn 0.5834 -0.6030 0.5441
vn 0.5712 0.5518 0.6076
vn -0.2738 -0.8991 -0.3414
vn -0.3333 0.9056 -0.2623
vn -0.5738 0.6231 -0.5316
vn 0.5719 0.6200 -0.5372
vn 0.5825 -0.5321 -0.6145
vn -0.5810 -0.5287 -0.6188
vn -0.7388 -0.0910 0.6677
vn -0.6517 -0.0005 0.7585
vn -0.6517 -0.0005 -0.7585
vn -0.7388 -0.0910 -0.6677
vn -0.7386 0.0906 0.6680
vn -0.7386 0.0906 -0.6680
vn -0.7383 -0.0898 0.6684
vn -0.7383 -0.0898 -0.6684
vn -0.6524 -0.0006 0.7579
vn -0.6524 -0.0006 -0.7579
vn -0.7382 0.0893 0.6687
vn -0.7382 0.0893 -0.6687
vn -0.7378 -0.0884 0.6692
vn -0.7378 -0.0884 -0.6692
vn -0.6532 -0.0005 0.7572
vn -0.6532 -0.0005 -0.7572
vn -0.7377 0.0880 0.6694
vn -0.7377 0.0880 -0.6694
vn -0.7373 -0.0871 0.6699
vn -0.7373 -0.0871 -0.6699
vn -0.6540 -0.0005 0.7565
vn -0.6540 -0.0005 -0.7565
vn -0.7584 0.1658 0.6303
vn -0.7584 0.1658 -0.6303
vn 0.6517 -0.0005 -0.7585
vn 0.6517 -0.0005 0.7585
vn 0.7388 -0.0910 0.6677
vn 0.7388 -0.0910 -0.6677
vn 0.7386 0.0906 -0.6680
vn 0.7386 0.0906 0.6680
vn 0.7383 -0.0898 -0.6684
vn 0.7383 -0.0898 0.6684
vn 0.6524 -0.0006 -0.7579
vn 0.6524 -0.0006 0.7579
vn 0.7382 0.0893 -0.6687
vn 0.7382 0.0893 0.6687
vn 0.7378 -0.0884 -0.6692
vn 0.7378 -0.0884 0.6692
vn 0.6532 -0.0005 -0.7572
vn 0.6532 -0.0005 0.7572
vn 0.7377 0.0880 -0.6694
vn 0.7377 0.0880 0.6694
vn 0.7373 -0.0871 -0.6699
vn 0.7373 -0.0871 0.6699
vn 0.6540 -0.0005 -0.7565
vn 0.6540 -0.0005 0.7565
vn 0.7584 0.1658 -0.6303
vn 0.7584 0.1658 0.6303
vn -0.5643 0.2769 0.7778
vn -0.3467 -0.5145 0.7843
vn 0.3467 -0.5145 0.7843
vn 0.5643 0.2769 0.7778
vn -0.6271 0.7427 0.2347
vn 0.6271 0.7427 0.2347
vn -0.5930 -0.6434 0.4841
vn -0.5573 0.4818 0.6762
vn -0.5781 0.6822 -0.4477
vn -0.5690 -0.4940 -0.6574
vn 0.5796 0.6838 -0.4433
vn 0.3263 0.9194 -0.2194
vn 0.3402 -0.8810 -0.3288
vn 0.5685 -0.4933 -0.6583
vn 0.5943 -0.6439 0.4819
vn 0.5614 0.4976 0.6612
vn -0.3071 -0.8851 -0.3496
vn -0.3051 0.9198 -0.2466
vn -0.5839 0.6602 -0.4725
vn 0.5828 0.6586 -0.4760
vn 0.5726 -0.4800 -0.6646
vn -0.5713 -0.4779 -0.6672
vn -0.5807 -0.5933 0.5575
vn -0.5742 0.5607 0.5967
vn -0.5775 0.5782 -0.5763
vn -0.5772 -0.5765 -0.5784
vn 0.5775 0.5782 -0.5763
vn 0.2894 0.9096 -0.2981
vn 0.3138 -0.8994 -0.3043
vn 0.5772 -0.5765 -0.5784
vn 0.5834 -0.6033 0.5438
vn 0.5712 0.5514 0.6081
vn -0.2770 -0.8990 -0.3393
vn -0.3298 0.9063 -0.2643
vn -0.5743 0.6217 -0.5326
vn 0.5725 0.6188 -0.5379
vn 0.5818 -0.5333 -0.6140
vn -0.5805 -0.5301 -0.6181
vn -0.7406 -0.0957 0.6651
vn -0.6489 -0.0004 0.7609
vn -0.6489 -0.0004 -0.7609
vn -0.7406 -0.0957 -0.6651
vn -0.7405 0.0953 0.6653
vn -0.7405 0.0953 -0.6653
vn -0.7402 -0.0947 0.6657
vn -0.7402 -0.0947 -0.6657
vn -0.6495 -0.0005 0.7603
vn -0.6495 -0.0005 -0.7603
vn -0.7400 0.0942 0.6659
vn -0.7400 0.0942 -0.6659
vn -0.7397 -0.0935 0.6664
vn -0.7397 -0.0935 -0.6664
vn -0.6502 -0.0005 0.7597
vn -0.6502 -0.0005 -0.7597
vn -0.7396 0.0931 0.6666
vn -0.7396 0.0931 -0.6666
vn -0.7393 -0.0923 0.6670
vn -0.7393 -0.0923 -0.6670
vn -0.6509 -0.0005 0.7591
vn -0.6509 -0.0005 -0.7591
vn -0.7613 0.1752 0.6243
vn -0.7613 0.1752 -0.6243
vn 0.6489 -0.0004 -0.7609
vn 0.6489 -0.0004 0.7609
vn 0.7406 -0.0957 0.6651
vn 0.7406 -0.0957 -0.6651
vn 0.7405 0.0953 -0.6653
vn 0.7405 0.0953 0.6653
vn 0.7402 -0.0947 -0.6657
vn 0.7402 -0.0947 0.6657
vn 0.6495 -0.0005 -0.7603
vn 0.6495 -0.0005 0.7603
vn 0.7400 0.0942 -0.6659
vn 0.7400 0.0942 0.6659
vn 0.7397 -0.0935 -0.6664
vn 0.7397 -0.0935 0.6664
vn 0.6502 -0.0005 -0.7597
vn 0.6502 -0.0005 0.7597
vn 0.7396 0.0931 -0.6666
vn 0.7396 0.0931 0.6666
vn 0.7393 -0.0923 -0.6670
vn 0.7393 -0.0923 0.6670
vn 0.6509 -0.0005 -0.7591
vn 0.6509 -0.0005 0.7591
vn 0.7613 0.1752 -0.6243
vn 0.7613 0.1752 0.6243
vn -0.5624 0.2731 0.7805
vn -0.3614 -0.5332 0.7649
vn 0.3614 -0.5332 0.7649
vn 0.5624 0.2731 0.7805
vn -0.6322 0.7426 0.2208
vn 0.6322 0.7426 0.2208
vn -0.5937 -0.6458 0.4801
vn -0.5569 0.4790 0.6785
vn -0.5793 0.6821 -0.4462
vn -0.5683 -0.4912 -0.6600
vn 0.5807 0.6836 -0.4420
vn 0.3197 0.9214 -0.2211
vn 0.3444 -0.8797 -0.3279
vn 0.5679 -0.4906 -0.6609
vn 0.5949 -0.6462 0.4780
vn 0.5609 0.4940 0.6643
vn -0.3128 -0.8839 -0.3477
vn -0.2996 0.9216 -0.2470
vn -0.5848 0.6610 -0.4701
vn 0.5838 0.6596 -0.4734
vn 0.5718 -0.4781 -0.6667
vn -0.5705 -0.4762 -0.6692
vn -0.5809 -0.5941 0.5564
vn -0.5740 0.5597 0.5977
vn -0.5775 0.5783 -0.5763
vn -0.5772 -0.5764 -0.5784
vn 0.5775 0.5783 -0.5763
vn 0.2888 0.9099 -0.2979
vn 0.3145 -0.8991 -0.3044
vn 0.5772 -0.5764 -0.5784
vn 0.5834 -0.6037 0.5434
vn 0.5711 0.5509 0.6085
vn -0.2796 -0.8988 -0.3376
vn -0.3270 0.9069 -0.2659
vn -0.5747 0.6207 -0.5334
vn 0.5731 0.6179 -0.5384
vn 0.5813 -0.5342 -0.6137
vn -0.5800 -0.5312 -0.6176
vn -0.7421 -0.0995 0.6628
vn -0.6467 -0.0003 0.7628
vn -0.6467 -0.0003 -0.7628
vn -0.7421 -0.0995 -0.6628
vn -0.7420 0.0993 0.6630
vn -0.7420 0.0993 -0.6630
vn -0.7418 -0.0987 0.6633
vn -0.7418 -0.0987 -0.6633
vn -0.6472 -0.0004 0.7624
vn -0.6472 -0.0004 -0.7624
vn -0.7417 0.0984 0.6635
vn -0.7417 0.0984 -0.6635
vn -0.7414 -0.0978 0.6639
vn -0.7414 -0.0978 -0.6639
vn -0.6477 -0.0004 0.7619
vn -0.6477 -0.0004 -0.7619
vn -0.7413 0.0974 0.6641
vn -0.7413 0.0974 -0.6641
vn -0.7410 -0.0968 0.6645
vn -0.7410 -0.0968 -0.6645
vn -0.6483 -0.0004 0.7614
vn -0.6483 -0.0004 -0.7614
vn -0.7638 0.1834 0.6188
vn -0.7638 0.1834 -0.6188
vn 0.6467 -0.0003 -0.7628
vn 0.6467 -0.0003 0.7628
vn 0.7421 -0.0995 0.6628
vn 0.7421 -0.0995 -0.6628
vn 0.7420 0.0993 -0.6630
vn 0.7420 0.0993 0.6630
vn 0.7418 -0.0987 -0.6633
vn 0.7418 -0.0987 0.6633
vn 0.6472 -0.0004 -0.7624
vn 0.6472 -0.0004 0.7624
vn 0.7417 0.0984 -0.6635
vn 0.7417 0.0984 0.6635
vn 0.7414 -0.0978 -0.6639
vn 0.7414 -0.0978 0.6639
vn 0.6477 -0.0004 -0.7619
vn 0.6477 -0.0004 0.7619
vn 0.7413 0.0974 -0.6641
vn 0.7413 0.0974 0.6641
vn 0.7410 -0.0968 -0.6645
vn 0.7410 -0.0968 0.6645
vn 0.6483 -0.0004 -0.7614
vn 0.6483 -0.0004 0.7614
vn 0.7638 0.1834 -0.6188
vn 0.7638 0.1834 0.6188
vn -0.5609 0.2694 0.7828
vn -0.3734 -0.5482 0.7483
vn 0.3734 -0.5482 0.7483
vn 0.5609 0.2694 0.7828
vn -0.6362 0.7424 0.2099
vn 0.6362 0.7424 0.2099
vn -0.5943 -0.6476 0.4769
vn -0.5567 0.4766 0.6804
vn -0.5803 0.6821 -0.4449
vn -0.5678 -0.4891 -0.6621
vn 0.5816 0.6836 -0.4409
vn 0.3148 0.9228 -0.2222
vn 0.3476 -0.8787 -0.3272
vn 0.5674 -0.4885 -0.6629
vn 0.5954 -0.6480 0.4749
vn 0.5606 0.4912 0.6667
vn -0.3172 -0.8829 -0.3463
vn -0.2954 0.9228 -0.2472
vn -0.5855 0.6618 -0.4682
vn 0.5845 0.6604 -0.4713
vn 0.5712 -0.4766 -0.6683
vn -0.5699 -0.4747 -0.6707
vn -0.5810 -0.5948 0.5555
vn -0.5738 0.5590 0.5986
vn -0.5775 0.5783 -0.5762
vn -0.5772 -0.5764 -0.5785
vn 0.5775 0.5783 -0.5762
vn 0.2882 0.9101 -0.2978
vn 0.3151 -0.8989 -0.3045
vn 0.5772 -0.5764 -0.5785
vn 0.5834 -0.6040 0.5430
vn 0.5711 0.5505 0.6089
vn -0.2815 -0.8987 -0.3364
vn -0.3248 0.9073 -0.2671
vn -0.5751 0.6199 -0.5338
vn 0.5735 0.6173 -0.5386
vn 0.5810 -0.5348 -0.6136
vn -0.5797 -0.5319 -0.6173
vn -0.7432 -0.1023 0.6612
vn -0.6451 -0.0002 0.7641
vn -0.6451 -0.0002 -0.7641
vn -0.7432 -0.1023 -0.6612
vn -0.7431 0.1021 0.6613
vn -0.7431 0.1021 -0.6613
vn -0.7430 -0.1018 0.6615
vn -0.7430 -0.1018 -0.6615
vn -0.6454 -0.0003 0.7639
vn -0.6454 -0.0003 -0.7639
vn -0.7429 0.1015 0.6617
vn -0.7429 0.1015 -0.6617
vn -0.7427 -0.1011 0.6619
vn -0.7427 -0.1011 -0.6619
vn -0.6458 -0.0003 0.7635
vn -0.6458 -0.0003 -0.7635
vn -0.6462 -0.0003 0.7632
vn -0.6462 -0.0003 -0.7632
vn -0.7658 0.1900 0.6144
vn -0.7658 0.1900 -0.6144
vn 0.6451 -0.0002 -0.7641
vn 0.6451 -0.0002 0.7641
vn 0.7432 -0.1023 0.6612
vn 0.7432 -0.1023 -0.6612
vn 0.7431 0.1021 -0.6613
vn 0.7431 0.1021 0.6613
vn 0.7430 -0.1018 -0.6615
vn 0.7430 -0.1018 0.6615
vn 0.6454 -0.0003 -0.7639
vn 0.6454 -0.0003 0.7639
vn 0.7429 0.1015 -0.6617
vn 0.7429 0.1015 0.6617
vn 0.7427 -0.1011 -0.6619
vn 0.7427 -0.1011 0.6619
vn 0.6458 -0.0003 -0.7635
vn 0.6458 -0.0003 0.7635
vn 0.6462 -0.0003 -0.7632
vn 0.6462 -0.0003 0.7632
vn 0.7658 0.1900 -0.6144
vn 0.7658 0.1900 0.6144
vn -0.5598 0.2665 0.7846
vn -0.3823 -0.5591 0.7357
vn 0.3823 -0.5591 0.7357
vn 0.5598 0.2665 0.7846
vn -0.6390 0.7422 0.2022
vn 0.6390 0.7422 0.2022
vn -0.5947 -0.6487 0.4749
vn -0.5565 0.4751 0.6816
vn -0.5809 0.6822 -0.4440
vn -0.5675 -0.4876 -0.6634
vn 0.5822 0.6837 -0.4401
vn 0.3118 0.9236 -0.2229
vn 0.3496 -0.8781 -0.3267
vn 0.5671 -0.4871 -0.6642
vn 0.5958 -0.6491 0.4729
vn 0.5604 0.4893 0.6682
vn -0.3199 -0.8822 -0.3454
vn -0.2928 0.9236 -0.2473
vn -0.5860 0.6623 -0.4669
vn 0.5850 0.6609 -0.4700
vn 0.5708 -0.4756 -0.6694
vn -0.5696 -0.4737 -0.6717
vn -0.5811 -0.5953 0.5549
vn -0.5737 0.5584 0.5991
vn 0.2879 0.9102 -0.2976
vn 0.3155 -0.8987 -0.3046
vn 0.5835 -0.6042 0.5427
vn 0.5711 0.5503 0.6092
vn -0.2827 -0.8985 -0.3357
vn -0.3234 0.9076 -0.2678
vn -0.5753 0.6195 -0.5341
vn 0.5737 0.6169 -0.5388
vn 0.5807 -0.5351 -0.6135
vn -0.5795 -0.5323 -0.6171
vn -0.7437 -0.1037 0.6604
vn -0.6442 -0.0001 0.7649
vn -0.6442 -0.0001 -0.7649
vn -0.7437 -0.1037 -0.6604
vn -0.7437 0.1036 0.6604
vn -0.7437 0.1036 -0.6604
vn -0.7437 -0.1035 0.6605
vn -0.7437 -0.1035 -0.6605
vn -0.6443 -0.0002 0.7647
vn -0.6443 -0.0002 -0.7647
vn -0.7436 0.1034 0.6606
vn -0.7436 0.1034 -0.6606
vn -0.7435 -0.1032 0.6607
vn -0.7435 -0.1032 -0.6607
vn -0.6445 -0.0002 0.7646
vn -0.6445 -0.0002 -0.7646
vn -0.7435 0.1030 0.6608
vn -0.7435 0.1030 -0.6608
vn -0.7434 -0.1028 0.6609
vn -0.7434 -0.1028 -0.6609
vn -0.6448 -0.0002 0.7644
vn -0.6448 -0.0002 -0.7644
vn -0.7672 0.1945 0.6112
vn -0.7672 0.1945 -0.6112
vn 0.6442 -0.0001 -0.7649
vn 0.6442 -0.0001 0.7649
vn 0.7437 -0.1037 0.6604
vn 0.7437 -0.1037 -0.6604
vn 0.7437 0.1036 -0.6604
vn 0.7437 0.1036 0.6604
vn 0.7437 -0.1035 -0.6605
vn 0.7437 -0.1035 0.6605
vn 0.6443 -0.0002 -0.7647
vn 0.6443 -0.0002 0.7647
vn 0.7436 0.1034 -0.6606
vn 0.7436 0.1034 0.6606
vn 0.7435 -0.1032 -0.6607
vn 0.7435 -0.1032 0.6607
vn 0.6445 -0.0002 -0.7646
vn 0.6445 -0.0002 0.7646
vn 0.7435 0.1030 -0.6608
vn 0.7435 0.1030 0.6608
vn 0.7434 -0.1028 -0.6609
vn 0.7434 -0.1028 0.6609
vn 0.6448 -0.0002 -0.7644
vn 0.6448 -0.0002 0.7644
vn 0.7672 0.1945 -0.6112
vn 0.7672 0.1945 0.6112
vn -0.5592 0.2647 0.7857
vn -0.3877 -0.5656 0.7279
vn 0.3877 -0.5656 0.7279
vn 0.5592 0.2647 0.7857
vn -0.6406 0.7420 0.1976
vn 0.6406 0.7420 0.1976
vn -0.5948 -0.6491 0.4742
vn -0.5564 0.4746 0.6820
vn -0.5811 0.6822 -0.4437
vn -0.5674 -0.4871 -0.6639
vn 0.5824 0.6837 -0.4398
vn 0.3107 0.9239 -0.2231
vn 0.3503 -0.8779 -0.3266
vn 0.5670 -0.4865 -0.6647
vn 0.5959 -0.6495 0.4722
vn 0.5603 0.4887 0.6687
vn -0.3208 -0.8820 -0.3452
vn -0.2919 0.9239 -0.2473
vn -0.5862 0.6625 -0.4664
vn 0.5852 0.6611 -0.4695
vn 0.5707 -0.4752 -0.6697
vn -0.5694 -0.4733 -0.6721
vn -0.5812 -0.5955 0.5546
vn -0.5737 0.5582 0.5994
vn 0.2877 0.9103 -0.2976
vn 0.3157 -0.8986 -0.3046
vn 0.5835 -0.6043 0.5425
vn 0.5711 0.5501 0.6093
vn -0.2833 -0.8985 -0.3353
vn -0.3227 0.9077 -0.2682
vn -0.5754 0.6193 -0.5343
vn 0.5739 0.6167 -0.5389
vn 0.5806 -0.5353 -0.6135
vn -0.5794 -0.5325 -0.6171
vn -0.7438 -0.1037 0.6604
vn -0.6442 0.0001 0.7649
vn -0.6442 0.0001 -0.7649
vn -0.7438 -0.1037 -0.6604
vn -0.7438 0.1038 0.6603
vn -0.7438 0.1038 -0.6603
vn -0.7438 -0.1039 0.6602
vn -0.7438 -0.1039 -0.6602
vn -0.6441 -0.0000 0.7650
vn -0.6441 -0.0000 -0.7650
vn -0.7438 0.1039 0.6603
vn -0.7438 0.1039 -0.6603
vn -0.7438 -0.1039 0.6603
vn -0.7438 -0.1039 -0.6603
vn -0.7438 -0.1038 0.6603
vn -0.7438 -0.1038 -0.6603
vn -0.6441 -0.0000 0.7649
vn -0.6441 -0.0000 -0.7649
vn -0.7678 0.1966 0.6097
vn -0.7678 0.1966 -0.6097
vn 0.6442 0.0001 -0.7649
vn 0.6442 0.0001 0.7649
vn 0.7438 -0.1037 0.6604
vn 0.7438 -0.1037 -0.6604
vn 0.7438 0.1038 -0.6603
vn 0.7438 0.1038 0.6603
vn 0.7438 -0.1039 -0.6602
vn 0.7438 -0.1039 0.6602
vn 0.6441 -0.0000 -0.7650
vn 0.6441 -0.0000 0.7650
vn 0.7438 0.1039 -0.6603
vn 0.7438 0.1039 0.6603
vn 0.7438 -0.1039 -0.6603
vn 0.7438 -0.1039 0.6603
vn 0.7438 -0.1038 -0.6603
vn 0.7438 -0.1038 0.6603
vn 0.6441 -0.0000 -0.7649
vn 0.6441 -0.0000 0.7649
vn 0.7678 0.1966 -0.6097
vn 0.7678 0.1966 0.6097
vn -0.5590 0.2642 0.7860
vn -0.3893 -0.5676 0.7255
vn 0.3893 -0.5676 0.7255
vn 0.5590 0.2642 0.7860
vn -0.6412 0.7419 0.1961
vn 0.6412 0.7419 0.1961
vn -0.5947 -0.6488 0.4748
vn -0.5809 0.6822 -0.4441
vn -0.5675 -0.4876 -0.6635
vn 0.5822 0.6836 -0.4401
vn 0.3117 0.9237 -0.2230
vn 0.5671 -0.4870 -0.6643
vn 0.5958 -0.6492 0.4729
vn -0.3199 -0.8822 -0.3455
vn -0.2927 0.9237 -0.2473
vn 0.5851 0.6609 -0.4700
vn 0.5708 -0.4755 -0.6694
vn -0.5696 -0.4736 -0.6718
vn -0.5812 -0.5955 0.5547
vn -0.5737 0.5583 0.5993
vn 0.3156 -0.8987 -0.3046
vn 0.5711 0.5502 0.6093
vn -0.2831 -0.8985 -0.3355
vn -0.3229 0.9077 -0.2681
vn 0.5738 0.6167 -0.5389
vn 0.5807 -0.5352 -0.6135
vn -0.5794 -0.5324 -0.6171
vn -0.6449 0.0002 0.7642
vn -0.6449 0.0002 -0.7642
vn -0.7433 0.1025 0.6611
vn -0.7433 0.1025 -0.6611
vn -0.6447 0.0001 0.7645
vn -0.6447 0.0001 -0.7645
vn -0.7434 0.1029 0.6608
vn -0.7434 0.1029 -0.6608
vn -0.6444 0.0001 0.7646
vn -0.6444 0.0001 -0.7646
vn -0.7436 0.1033 0.6606
vn -0.7436 0.1033 -0.6606
vn -0.6443 0.0001 0.7648
vn -0.6443 0.0001 -0.7648
vn -0.7677 0.1962 0.6100
vn -0.7677 0.1962 -0.6100
vn 0.6449 0.0002 -0.7642
vn 0.6449 0.0002 0.7642
vn 0.7433 0.1025 -0.6611
vn 0.7433 0.1025 0.6611
vn 0.6447 0.0001 -0.7645
vn 0.6447 0.0001 0.7645
vn 0.7434 0.1029 -0.6608
vn 0.7434 0.1029 0.6608
vn 0.6444 0.0001 -0.7646
vn 0.6444 0.0001 0.7646
vn 0.7436 0.1033 -0.6606
vn 0.7436 0.1033 0.6606
vn 0.6443 0.0001 -0.7648
vn 0.6443 0.0001 0.7648
vn 0.7677 0.1962 -0.6100
vn 0.7677 0.1962 0.6100
vn -0.5592 0.2650 0.7855
vn -0.3871 -0.5649 0.7287
vn 0.3871 -0.5649 0.7287
vn 0.5592 0.2650 0.7855
vn -0.6406 0.7420 0.1978
vn 0.6406 0.7420 0.1978
vn -0.5943 -0.6476 0.4768
vn -0.5803 0.6821 -0.4450
vn -0.5678 -0.4890 -0.6622
vn 0.5817 0.6836 -0.4410
vn 0.3146 0.9228 -0.2224
vn 0.5674 -0.4884 -0.6630
vn 0.5954 -0.6480 0.4748
vn 0.5606 0.4911 0.6667
vn -0.3172 -0.8829 -0.3464
vn -0.2952 0.9229 -0.2473
vn -0.5856 0.6617 -0.4682
vn 0.5846 0.6604 -0.4714
vn 0.5712 -0.4765 -0.6684
vn -0.5699 -0.4746 -0.6708
vn -0.5811 -0.5952 0.5551
vn -0.5738 0.5586 0.5989
vn 0.2880 0.9102 -0.2977
vn 0.3153 -0.8988 -0.3046
vn 0.5711 0.5504 0.6090
vn -0.2822 -0.8986 -0.3360
vn -0.3237 0.9075 -0.2677
vn -0.5752 0.6195 -0.5342
vn 0.5808 -0.5349 -0.6136
vn -0.5796 -0.5321 -0.6173
vn -0.7421 -0.0996 0.6628
vn -0.6465 0.0003 0.7629
vn -0.6465 0.0003 -0.7629
vn -0.7421 -0.0996 -0.6628
vn -0.7422 0.0999 0.6626
vn -0.7422 0.0999 -0.6626
vn -0.7425 -0.1004 0.6623
vn -0.7425 -0.1004 -0.6623
vn -0.6460 0.0002 0.7633
vn -0.6460 0.0002 -0.7633
vn -0.6456 0.0003 0.7637
vn -0.6456 0.0003 -0.7637
vn -0.7428 0.1013 0.6618
vn -0.7428 0.1013 -0.6618
vn -0.7430 -0.1017 0.6615
vn -0.7430 -0.1017 -0.6615
vn -0.6453 0.0002 0.7640
vn -0.6453 0.0002 -0.7640
vn -0.7668 0.1933 0.6121
vn -0.7668 0.1933 -0.6121
vn 0.6465 0.0003 -0.7629
vn 0.6465 0.0003 0.7629
vn 0.7421 -0.0996 0.6628
vn 0.7421 -0.0996 -0.6628
vn 0.7422 0.0999 -0.6626
vn 0.7422 0.0999 0.6626
vn 0.7425 -0.1004 -0.6623
vn 0.7425 -0.1004 0.6623
vn 0.6460 0.0002 -0.7633
vn 0.6460 0.0002 0.7633
vn 0.6456 0.0003 -0.7637
vn 0.6456 0.0003 0.7637
vn 0.7428 0.1013 -0.6618
vn 0.7428 0.1013 0.6618
vn 0.7430 -0.1017 -0.6615
vn 0.7430 -0.1017 0.6615
vn 0.6453 0.0002 -0.7640
vn 0.6453 0.0002 0.7640
vn 0.7668 0.1933 -0.6121
vn 0.7668 0.1933 0.6121
vn -0.5599 0.2672 0.7843
vn -0.3812 -0.5577 0.7373
vn 0.3812 -0.5577 0.7373
vn 0.5599 0.2672 0.7843
vn -0.6388 0.7422 0.2026
vn 0.6388 0.7422 0.2026
vn -0.5930 -0.6435 0.4840
vn -0.5782 0.6820 -0.4478
vn -0.5690 -0.4938 -0.6576
vn 0.5797 0.6836 -0.4434
vn 0.3259 0.9195 -0.2197
vn 0.3403 -0.8809 -0.3289
vn 0.5685 -0.4932 -0.6584
vn 0.5943 -0.6440 0.4818
vn 0.5614 0.4976 0.6613
vn -0.3071 -0.8851 -0.3497
vn -0.3047 0.9199 -0.2467
vn -0.5839 0.6601 -0.4726
vn 0.5726 -0.4798 -0.6647
vn -0.5713 -0.4777 -0.6674
vn -0.5808 -0.5938 0.5568
vn -0.5740 0.5601 0.5973
vn 0.2890 0.9098 -0.2980
vn 0.3143 -0.8992 -0.3044
vn 0.5834 -0.6036 0.5434
vn 0.5712 0.5512 0.6082
vn -0.2783 -0.8989 -0.3385
vn -0.3277 0.9067 -0.2656
vn -0.5746 0.6208 -0.5333
vn 0.5729 0.6180 -0.5384
vn 0.5816 -0.5336 -0.6140
vn -0.5802 -0.5305 -0.6180
vn -0.7388 -0.0911 0.6677
vn -0.6514 0.0005 0.7588
vn -0.6514 0.0005 -0.7588
vn -0.7388 -0.0911 -0.6677
vn -0.7390 0.0915 0.6675
vn -0.7390 0.0915 -0.6675
vn -0.7393 -0.0924 0.6670
vn -0.7393 -0.0924 -0.6670
vn -0.6506 0.0004 0.7594
vn -0.6506 0.0004 -0.7594
vn -0.7395 0.0927 0.6668
vn -0.7395 0.0927 -0.6668
vn -0.7398 -0.0935 0.6663
vn -0.7398 -0.0935 -0.6663
vn -0.6500 0.0005 0.7600
vn -0.6500 0.0005 -0.7600
vn -0.7399 0.0939 0.6661
vn -0.7399 0.0939 -0.6661
vn -0.6493 0.0005 0.7605
vn -0.6493 0.0005 -0.7605
vn -0.7631 0.1810 0.6205
vn -0.7631 0.1810 -0.6205
vn 0.6514 0.0005 -0.7588
vn 0.6514 0.0005 0.7588
vn 0.7388 -0.0911 0.6677
vn 0.7388 -0.0911 -0.6677
vn 0.7390 0.0915 -0.6675
vn 0.7390 0.0915 0.6675
vn 0.7393 -0.0924 -0.6670
vn 0.7393 -0.0924 0.6670
vn 0.6506 0.0004 -0.7594
vn 0.6506 0.0004 0.7594
vn 0.7395 0.0928 -0.6668
vn 0.7395 0.0928 0.6668
vn 0.7398 -0.0935 -0.6663
vn 0.7398 -0.0935 0.6663
vn 0.6500 0.0005 -0.7600
vn 0.6500 0.0005 0.7600
vn 0.7399 0.0939 -0.6661
vn 0.7399 0.0939 0.6661
vn 0.6493 0.0005 -0.7605
vn 0.6493 0.0005 0.7605
vn 0.7631 0.1810 -0.6205
vn 0.7631 0.1810 0.6205
vn -0.5626 0.2741 0.7800
vn -0.3593 -0.5306 0.7677
vn 0.3593 -0.5306 0.7677
vn 0.5626 0.2741 0.7800
vn -0.6319 0.7427 0.2217
vn 0.6319 0.7427 0.2217
vn -0.5938 -0.6458 0.4800
vn -0.5794 0.6820 -0.4463
vn -0.5683 -0.4911 -0.6601
vn 0.5808 0.6835 -0.4421
vn 0.3194 0.9214 -0.2213
vn 0.3445 -0.8797 -0.3279
vn 0.5679 -0.4905 -0.6610
vn 0.5949 -0.6463 0.4779
vn -0.3128 -0.8839 -0.3478
vn -0.2992 0.9216 -0.2471
vn -0.5849 0.6610 -0.4702
vn 0.5838 0.6595 -0.4735
vn 0.5718 -0.4780 -0.6668
vn -0.5705 -0.4760 -0.6693
vn -0.5810 -0.5946 0.5558
vn -0.5739 0.5592 0.5982
vn 0.2884 0.9100 -0.2978
vn 0.3149 -0.8990 -0.3045
vn 0.5834 -0.6039 0.5430
vn 0.5711 0.5508 0.6087
vn -0.2806 -0.8987 -0.3370
vn -0.3254 0.9072 -0.2668
vn -0.5750 0.6200 -0.5339
vn 0.5734 0.6173 -0.5387
vn 0.5811 -0.5344 -0.6137
vn -0.5798 -0.5315 -0.6175
vn -0.7407 -0.0958 0.6650
vn -0.6487 0.0004 0.7611
vn -0.6487 0.0004 -0.7611
vn -0.7407 -0.0958 -0.6650
vn -0.7408 0.0961 0.6648
vn -0.7408 0.0961 -0.6648
vn -0.6480 0.0004 0.7616
vn -0.6480 0.0004 -0.7616
vn -0.7412 0.0972 0.6642
vn -0.7412 0.0972 -0.6642
vn -0.6475 0.0004 0.7621
vn -0.6475 0.0004 -0.7621
vn -0.7416 0.0981 0.6637
vn -0.7416 0.0981 -0.6637
vn -0.6470 0.0004 0.7625
vn -0.6470 0.0004 -0.7625
vn -0.7652 0.1881 0.6156
vn -0.7652 0.1881 -0.6156
vn 0.6487 0.0004 -0.7611
vn 0.6487 0.0004 0.7611
vn 0.7407 -0.0958 0.6650
vn 0.7407 -0.0958 -0.6650
vn 0.7408 0.0961 -0.6648
vn 0.7408 0.0961 0.6648
vn 0.6480 0.0004 -0.7616
vn 0.6480 0.0004 0.7616
vn 0.7412 0.0972 -0.6642
vn 0.7412 0.0972 0.6642
vn 0.6475 0.0004 -0.7621
vn 0.6475 0.0004 0.7621
vn 0.7416 0.0981 -0.6637
vn 0.7416 0.0981 0.6637
vn 0.6470 0.0004 -0.7625
vn 0.6470 0.0004 0.7625
vn 0.7652 0.1881 -0.6156
vn 0.7652 0.1881 0.6156
vn -0.5610 0.2703 0.7824
vn -0.3717 -0.5462 0.7507
vn 0.3717 -0.5462 0.7507
vn 0.5610 0.2703 0.7824
vn -0.6359 0.7424 0.2106
vn 0.6359 0.7424 0.2106
vn -0.5922 -0.6408 0.4885
vn -0.5577 0.4850 0.6736
vn -0.5767 0.6823 -0.4493
vn -0.5698 -0.4968 -0.6546
vn 0.5783 0.6840 -0.4446
vn 0.3339 0.9172 -0.2174
vn 0.3353 -0.8824 -0.3301
vn 0.5693 -0.4961 -0.6555
vn 0.5936 -0.6413 0.4862
vn 0.5618 0.5017 0.6577
vn -0.3001 -0.8866 -0.3521
vn -0.3115 0.9179 -0.2460
vn -0.5828 0.6592 -0.4751
vn 0.5816 0.6576 -0.4788
vn 0.5736 -0.4817 -0.6625
vn -0.5722 -0.4795 -0.6653
vn -0.5806 -0.5929 0.5580
vn -0.5742 0.5611 0.5962
vn 0.2897 0.9095 -0.2982
vn 0.3135 -0.8995 -0.3042
vn 0.5712 0.5517 0.6078
vn -0.2754 -0.8990 -0.3404
vn -0.3307 0.9061 -0.2639
vn -0.5742 0.6219 -0.5325
vn 0.5724 0.6189 -0.5379
vn 0.5821 -0.5325 -0.6144
vn -0.5807 -0.5292 -0.6186
vn -0.7318 -0.1006 0.6740
vn -0.6544 0.0005 0.7561
vn -0.6544 0.0005 -0.7561
vn -0.7419 -0.0713 -0.6667
vn -0.7370 0.0863 0.6703
vn -0.7370 0.0863 -0.6703
vn -0.7374 -0.0872 0.6698
vn -0.7374 -0.0872 -0.6698
vn -0.6536 0.0005 0.7568
vn -0.6536 0.0005 -0.7568
vn -0.7375 0.0876 0.6696
vn -0.7375 0.0877 -0.6696
vn -0.7379 -0.0885 0.6691
vn -0.7379 -0.0885 -0.6691
vn -0.6529 0.0005 0.7575
vn -0.6529 0.0005 -0.7575
vn -0.7380 0.0890 0.6689
vn -0.7380 0.0890 -0.6689
vn -0.7384 -0.0898 0.6684
vn -0.7384 -0.0898 -0.6684
vn -0.6521 0.0005 0.7581
vn -0.6521 0.0005 -0.7581
vn -0.7604 0.1723 0.6261
vn -0.7604 0.1723 -0.6261
vn 0.6544 0.0005 -0.7561
vn 0.6544 0.0005 0.7561
vn 0.7318 -0.1006 0.6740
vn 0.7419 -0.0713 -0.6667
vn 0.7370 0.0863 -0.6703
vn 0.7370 0.0863 0.6703
vn 0.7374 -0.0872 -0.6698
vn 0.7374 -0.0872 0.6698
vn 0.6536 0.0005 -0.7568
vn 0.6536 0.0005 0.7568
vn 0.7375 0.0877 -0.6696
vn 0.7375 0.0877 0.6696
vn 0.7379 -0.0885 -0.6691
vn 0.7379 -0.0885 0.6691
vn 0.6529 0.0005 -0.7575
vn 0.6529 0.0005 0.7575
vn 0.7380 0.0890 -0.6689
vn 0.7380 0.0890 0.6689
vn 0.7384 -0.0898 -0.6684
vn 0.7384 -0.0898 0.6684
vn 0.6521 0.0005 -0.7581
vn 0.6521 0.0005 0.7581
vn 0.7604 0.1723 -0.6261
vn 0.7604 0.1723 0.6261
vn -0.5645 0.2781 0.7771
vn -0.3442 -0.5113 0.7874
vn 0.3442 -0.5113 0.7874
vn 0.5645 0.2781 0.7771
vn -0.6267 0.7427 0.2359
vn 0.6267 0.7427 0.2359
vn -0.7176 0.0289 -0.6958
vn -0.6962 -0.0300 0.7172
vn 0.6962 -0.0300 0.7172
vn 0.7176 0.0289 -0.6958
vn -0.5897 -0.7986 0.1203
vn -0.5563 0.1290 0.8209
vn -0.5783 0.8108 -0.0902
vn -0.5715 -0.1184 -0.8120
vn 0.5799 0.8102 -0.0853
vn 0.3278 0.9205 0.2127
vn 0.3245 -0.6031 -0.7287
vn 0.5711 -0.1173 -0.8125
vn 0.5911 -0.7979 0.1179
vn 0.5606 0.1511 0.8142
vn -0.2890 -0.5954 -0.7496
vn -0.3062 0.9333 0.1876
vn -0.5844 0.8020 -0.1237
vn 0.5832 0.8022 -0.1278
vn 0.5755 -0.1013 -0.8115
vn -0.5742 -0.0980 -0.8128
vn -0.5758 -0.7030 0.4174
vn -0.5705 0.4760 0.6693
vn -0.5820 0.6506 -0.4879
vn -0.5816 -0.4328 -0.6888
vn 0.5820 0.6506 -0.4879
vn 0.2706 0.9419 -0.1991
vn 0.2911 -0.7994 -0.5256
vn 0.5816 -0.4328 -0.6888
vn 0.5793 -0.7103 0.3998
vn 0.5668 0.4638 0.6809
vn -0.2506 -0.7883 -0.5619
vn -0.3161 0.9348 -0.1620
vn -0.5774 0.6898 -0.4368
vn 0.5755 0.6873 -0.4432
vn 0.5876 -0.3815 -0.7136
vn -0.5862 -0.3770 -0.7171
vn -0.7274 -0.6366 0.2562
vn -0.6448 -0.6295 0.4335
vn -0.6539 0.6235 -0.4286
vn -0.7535 0.5172 -0.4060
vn -0.7278 -0.4670 0.5023
vn -0.7532 0.5648 -0.3371
vn -0.7279 -0.5490 0.4108
vn -0.7533 0.3949 -0.5259
vn -0.6447 -0.4981 0.5799
vn -0.6537 0.4928 -0.5744
vn -0.7278 -0.3229 0.6050
vn -0.7533 0.4598 -0.4702
vn -0.7275 -0.4249 0.5388
vn -0.7531 0.2476 -0.6095
vn -0.6451 -0.3319 0.6883
vn -0.6544 0.3273 -0.6817
vn -0.7271 -0.1559 0.6686
vn -0.7531 0.3207 -0.5744
vn -0.7264 -0.2670 0.6333
vn -0.7526 0.0813 -0.6534
vn -0.6461 -0.1380 0.7507
vn -0.6562 0.1337 -0.7427
vn -0.7496 0.0785 0.6572
vn -0.7717 0.2618 -0.5797
vn 0.6539 0.6235 -0.4286
vn 0.6448 -0.6295 0.4335
vn 0.7274 -0.6366 0.2562
vn 0.7535 0.5172 -0.4060
vn 0.7532 0.5648 -0.3371
vn 0.7278 -0.4670 0.5023
vn 0.7533 0.3949 -0.5259
vn 0.7279 -0.5490 0.4108
vn 0.6537 0.4928 -0.5744
vn 0.6447 -0.4981 0.5799
vn 0.7533 0.4598 -0.4702
vn 0.7278 -0.3229 0.6050
vn 0.7531 0.2476 -0.6095
vn 0.7275 -0.4249 0.5388
vn 0.6544 0.3273 -0.6817
vn 0.6451 -0.3319 0.6883
vn 0.7531 0.3207 -0.5744
vn 0.7271 -0.1559 0.6686
vn 0.7526 0.0813 -0.6534
vn 0.7264 -0.2670 0.6333
vn 0.6562 0.1337 -0.7427
vn 0.6461 -0.1380 0.7507
vn 0.7717 0.2618 -0.5797
vn 0.7496 0.0785 0.6572
vn -0.5627 -0.1795 0.8069
vn -0.3491 -0.8592 0.3741
vn 0.3491 -0.8592 0.3741
vn 0.5627 -0.1795 0.8069
vn -0.6367 0.5097 0.5785
vn 0.6367 0.5097 0.5785
vn -0.7172 0.6213 -0.3158
vn -0.6966 -0.6396 0.3251
vn 0.6966 -0.6396 0.3251
vn 0.7172 0.6213 -0.3158
vn -0.5904 -0.5001 -0.6335
vn -0.5554 -0.6560 0.5111
vn -0.5779 0.4722 0.6657
vn -0.5696 0.6434 -0.5114
vn 0.5795 0.4674 0.6676
vn 0.3301 0.2623 0.9068
vn 0.3384 0.3213 -0.8844
vn 0.5693 0.6440 -0.5110
vn 0.5912 -0.4987 -0.6338
vn 0.5599 -0.6386 0.5279
vn -0.3173 0.3343 -0.8875
vn -0.3075 0.2917 0.9057
vn -0.5843 0.4978 0.6409
vn 0.5830 0.5017 0.6390
vn 0.5721 0.6477 -0.5032
vn -0.5712 0.6494 -0.5020
vn -0.5760 -0.7097 -0.4057
vn -0.5706 -0.3485 0.7437
vn -0.5819 0.7450 0.3261
vn -0.5816 0.3854 -0.7164
vn 0.5819 0.7450 0.3261
vn 0.2708 0.6366 0.7221
vn 0.2916 0.0620 -0.9545
vn 0.5816 0.3854 -0.7164
vn 0.5794 -0.6980 -0.4207
vn 0.5669 -0.3640 0.7390
vn -0.2511 0.0991 -0.9629
vn -0.3144 0.6023 0.7338
vn -0.5776 0.7204 0.3838
vn 0.5758 0.7246 0.3787
vn 0.5875 0.4327 -0.6838
vn -0.5861 0.4379 -0.6817
vn -0.7268 -0.5901 -0.3514
vn -0.6455 -0.7255 -0.2389
vn -0.6551 0.7182 0.2345
vn -0.7532 0.6361 0.1678
vn -0.7265 -0.6839 -0.0671
vn -0.7529 0.6126 0.2408
vn -0.7256 -0.6645 -0.1784
vn -0.7520 0.6591 -0.0049
vn -0.6469 -0.7618 -0.0351
vn -0.6564 0.7535 0.0362
vn -0.7363 -0.6713 0.0845
vn -0.7414 0.6639 0.0978
vn -0.7372 -0.6700 -0.0869
vn -0.7473 0.6548 -0.1127
vn -0.6444 -0.7636 0.0400
vn -0.6536 0.7543 -0.0614
vn -0.7257 -0.6608 0.1913
vn -0.7521 0.6590 -0.0075
vn -0.7266 -0.6824 0.0799
vn -0.7529 0.6077 -0.2525
vn -0.6454 -0.7209 0.2525
vn -0.6550 0.7138 -0.2480
vn -0.7512 -0.5288 0.3950
vn -0.7729 0.6324 -0.0521
vn 0.6551 0.7182 0.2345
vn 0.6455 -0.7255 -0.2389
vn 0.7268 -0.5901 -0.3514
vn 0.7532 0.6361 0.1678
vn 0.7529 0.6126 0.2408
vn 0.7265 -0.6839 -0.0671
vn 0.7520 0.6591 -0.0049
vn 0.7256 -0.6645 -0.1784
vn 0.6564 0.7535 0.0362
vn 0.6469 -0.7618 -0.0351
vn 0.7414 0.6639 0.0978
vn 0.7363 -0.6713 0.0845
vn 0.7473 0.6548 -0.1127
vn 0.7372 -0.6700 -0.0869
vn 0.6536 0.7543 -0.0614
vn 0.6444 -0.7636 0.0400
vn 0.7521 0.6590 -0.0075
vn 0.7257 -0.6608 0.1913
vn 0.7529 0.6077 -0.2525
vn 0.7266 -0.6824 0.0799
vn 0.6550 0.7138 -0.2480
vn 0.6454 -0.7209 0.2525
vn 0.7729 0.6324 -0.0521
vn 0.7512 -0.5288 0.3950
vn -0.5618 -0.7696 0.3033
vn -0.3445 -0.7871 -0.5117
vn 0.3445 -0.7871 -0.5117
vn 0.5618 -0.7696 0.3033
vn -0.6454 -0.1842 0.7413
vn 0.6454 -0.1842 0.7413
vn -0.7171 0.6270 0.3043
vn -0.6966 -0.6455 -0.3132
vn 0.6966 -0.6455 -0.3132
vn 0.7171 0.6270 0.3043
vn -0.5898 0.1959 -0.7834
vn -0.5563 -0.8074 -0.1966
vn -0.5785 -0.2280 0.7832
vn -0.5714 0.7952 0.2028
vn 0.5801 -0.2323 0.7807
vn 0.3266 -0.5500 0.7687
vn 0.3252 0.9040 -0.2776
vn 0.5710 0.7952 0.2040
vn 0.5912 0.1978 -0.7819
vn 0.5606 -0.8097 -0.1738
vn -0.2899 0.9203 -0.2626
vn -0.3052 -0.5318 0.7899
vn -0.5845 -0.1941 0.7878
vn 0.5833 -0.1904 0.7896
vn 0.5754 0.7882 0.2183
vn -0.5740 0.7882 0.2218
vn -0.5761 -0.1078 -0.8102
vn -0.5706 -0.8030 0.1721
vn -0.5818 0.1912 0.7906
vn -0.5814 0.8034 -0.1284
vn 0.5818 0.1912 0.7906
vn 0.2711 -0.1905 0.9435
vn 0.2924 0.7957 -0.5305
vn 0.5814 0.8034 -0.1284
vn 0.5795 -0.0893 -0.8101
vn 0.5670 -0.8086 0.1570
vn -0.2531 0.8241 -0.5068
vn -0.3145 -0.2204 0.9233
vn -0.5776 0.1303 0.8059
vn 0.5758 0.1368 0.8061
vn 0.5871 0.8063 -0.0720
vn -0.5857 0.8078 -0.0666
vn -0.7257 0.0137 -0.6879
vn -0.6460 -0.1522 -0.7480
vn -0.6560 0.1479 0.7401
vn -0.7526 0.1645 0.6376
vn -0.7265 -0.2790 -0.6280
vn -0.7527 0.0934 0.6517
vn -0.7271 -0.1682 -0.6656
vn -0.7532 0.3316 0.5681
vn -0.6450 -0.3445 -0.6821
vn -0.6543 0.3399 0.6755
vn -0.7275 -0.4347 -0.5308
vn -0.7532 0.2586 0.6049
vn -0.7278 -0.3338 -0.5991
vn -0.7533 0.4683 0.4618
vn -0.6447 -0.5084 -0.5709
vn -0.6537 0.5032 0.5653
vn -0.7279 -0.5564 -0.4008
vn -0.7533 0.4044 0.5187
vn -0.7278 -0.4761 -0.4937
vn -0.7532 0.5708 0.3268
vn -0.6448 -0.6373 -0.4220
vn -0.6539 0.6312 0.4172
vn -0.7519 -0.6342 -0.1802
vn -0.7733 0.4222 0.4731
vn 0.6560 0.1479 0.7401
vn 0.6460 -0.1522 -0.7480
vn 0.7257 0.0137 -0.6879
vn 0.7526 0.1645 0.6376
vn 0.7527 0.0934 0.6517
vn 0.7265 -0.2790 -0.6280
vn 0.7532 0.3316 0.5681
vn 0.7271 -0.1682 -0.6656
vn 0.6543 0.3399 0.6755
vn 0.6450 -0.3445 -0.6821
vn 0.7532 0.2586 0.6049
vn 0.7275 -0.4347 -0.5308
vn 0.7533 0.4683 0.4618
vn 0.7278 -0.3338 -0.5991
vn 0.6537 0.5032 0.5653
vn 0.6447 -0.5084 -0.5709
vn 0.7533 0.4044 0.5187
vn 0.7279 -0.5564 -0.4008
vn 0.7532 0.5708 0.3268
vn 0.7278 -0.4761 -0.4937
vn 0.6539 0.6312 0.4172
vn 0.6448 -0.6373 -0.4220
vn 0.7733 0.4222 0.4731
vn 0.7519 -0.6342 -0.1802
vn -0.5627 -0.6768 -0.4747
vn -0.3492 -0.0162 -0.9369
vn 0.3492 -0.0162 -0.9369
vn 0.5627 -0.6768 -0.4747
vn -0.6371 -0.7292 0.2499
vn 0.6371 -0.7292 0.2499
vn -0.7175 0.0423 0.6952
vn -0.6962 -0.0436 -0.7165
vn 0.6962 -0.0436 -0.7165
vn 0.7175 0.0423 0.6952
vn -0.5922 0.6407 -0.4886
vn -0.5576 -0.4850 -0.6737
vn -0.5767 -0.6825 0.4491
vn -0.5698 0.4969 0.6545
vn 0.5783 -0.6842 0.4444
vn 0.3343 -0.9171 0.2171
vn 0.3354 0.8824 0.3300
vn 0.5693 0.4963 0.6554
vn 0.5936 0.6412 -0.4863
vn 0.5618 -0.5017 -0.6577
vn -0.3002 0.8866 0.3520
vn -0.3118 -0.9178 0.2459
vn -0.5828 -0.6593 0.4750
vn 0.5816 -0.6577 0.4788
vn 0.5736 0.4818 0.6624
vn -0.5722 0.4796 0.6652
vn -0.5805 0.5924 -0.5587
vn -0.5742 -0.5627 -0.5947
vn -0.5777 -0.5771 0.5772
vn -0.5772 0.5765 0.5783
vn 0.5777 -0.5771 0.5772
vn 0.2893 -0.9087 0.3011
vn 0.3131 0.8997 0.3041
vn 0.5772 0.5765 0.5783
vn 0.5833 0.6030 -0.5441
vn 0.5707 -0.5520 -0.6079
vn -0.2741 0.8991 0.3412
vn -0.3361 -0.9047 0.2620
vn -0.5735 -0.6249 0.5297
vn 0.5714 -0.6216 0.5358
vn 0.5824 0.5322 0.6145
vn -0.5810 0.5288 0.6187
vn -0.7385 0.0903 -0.6681
vn -0.6520 0.0003 -0.7582
vn -0.6520 0.0003 0.7582
vn -0.7385 0.0903 0.6681
vn -0.7384 -0.0900 -0.6683
vn -0.7384 -0.0900 0.6683
vn -0.7382 0.0895 -0.6686
vn -0.7382 0.0895 0.6686
vn -0.6525 0.0004 -0.7577
vn -0.6525 0.0004 0.7577
vn -0.7381 -0.0891 -0.6688
vn -0.7381 -0.0891 0.6688
vn -0.7378 0.0885 -0.6691
vn -0.7378 0.0885 0.6691
vn -0.6531 0.0004 -0.7573
vn -0.6531 0.0004 0.7573
vn -0.7377 -0.0882 -0.6693
vn -0.7377 -0.0882 0.6693
vn -0.7375 0.0876 -0.6696
vn -0.6537 0.0005 -0.7568
vn -0.6535 -0.0004 0.7570
vn -0.7564 -0.1675 -0.6323
vn -0.7615 -0.1673 0.6262
vn 0.6520 0.0003 0.7582
vn 0.6520 0.0003 -0.7582
vn 0.7385 0.0903 -0.6681
vn 0.7385 0.0903 0.6681
vn 0.7384 -0.0900 0.6683
vn 0.7384 -0.0900 -0.6683
vn 0.7382 0.0895 0.6686
vn 0.7382 0.0895 -0.6686
vn 0.6525 0.0004 0.7577
vn 0.6525 0.0004 -0.7577
vn 0.7381 -0.0891 0.6688
vn 0.7381 -0.0891 -0.6688
vn 0.7378 0.0885 0.6691
vn 0.7378 0.0885 -0.6691
vn 0.6531 0.0004 0.7573
vn 0.6531 0.0004 -0.7573
vn 0.7377 -0.0882 0.6693
vn 0.7377 -0.0882 -0.6693
vn 0.7375 0.0876 0.6696
vn 0.7375 0.0876 -0.6696
vn 0.6535 -0.0004 0.7570
vn 0.6537 0.0005 -0.7568
vn 0.7615 -0.1673 0.6262
vn 0.7564 -0.1675 -0.6323
vn -0.5643 -0.2771 -0.7777
vn -0.3465 0.5142 -0.7846
vn 0.3465 0.5142 -0.7846
vn 0.5643 -0.2771 -0.7777
vn -0.6271 -0.7427 -0.2347
vn 0.6271 -0.7427 -0.2347
vn -0.5928 0.6426 -0.4854
vn -0.5574 -0.4828 -0.6755
vn -0.5777 -0.6822 0.4482
vn -0.5692 0.4949 0.6566
vn 0.5792 -0.6838 0.4437
vn 0.3286 -0.9188 0.2188
vn 0.3388 0.8814 0.3292
vn 0.5688 0.4942 0.6575
vn 0.5941 0.6431 -0.4832
vn 0.5615 -0.4989 -0.6602
vn -0.3050 0.8856 0.3503
vn -0.3069 -0.9193 0.2465
vn -0.5836 -0.6598 0.4733
vn 0.5824 -0.6583 0.4769
vn 0.5729 0.4805 0.6640
vn -0.5716 0.4784 0.6667
vn -0.5806 0.5931 -0.5578
vn -0.5742 -0.5609 -0.5964
vn 0.2896 -0.9095 0.2982
vn 0.3137 0.8995 0.3042
vn 0.5834 0.6033 -0.5438
vn 0.5712 -0.5515 -0.6079
vn -0.2763 0.8990 0.3397
vn -0.3304 -0.9062 0.2640
vn -0.5742 -0.6219 0.5325
vn 0.5724 -0.6189 0.5378
vn 0.5820 0.5330 0.6142
vn -0.5806 0.5298 0.6182
vn -0.7398 0.0936 -0.6663
vn -0.6501 0.0003 -0.7598
vn -0.6501 0.0003 0.7598
vn -0.7398 0.0936 0.6663
vn -0.7397 -0.0933 -0.6664
vn -0.7397 -0.0933 0.6664
vn -0.7395 0.0929 -0.6667
vn -0.7395 0.0929 0.6667
vn -0.6506 0.0004 -0.7595
vn -0.6506 0.0004 0.7595
vn -0.7394 -0.0925 -0.6669
vn -0.7394 -0.0925 0.6669
vn -0.7392 0.0920 -0.6672
vn -0.7392 0.0920 0.6672
vn -0.6510 0.0003 -0.7590
vn -0.6510 0.0003 0.7590
vn -0.7391 -0.0917 -0.6673
vn -0.7391 -0.0917 0.6673
vn -0.7389 0.0912 -0.6677
vn -0.7389 0.0912 0.6677
vn -0.6515 0.0003 -0.7586
vn -0.6515 0.0003 0.7586
vn -0.7608 -0.1734 -0.6254
vn -0.7608 -0.1734 0.6254
vn 0.6501 0.0003 0.7598
vn 0.6501 0.0003 -0.7598
vn 0.7398 0.0936 -0.6663
vn 0.7398 0.0936 0.6663
vn 0.7397 -0.0933 0.6664
vn 0.7397 -0.0933 -0.6664
vn 0.7395 0.0929 0.6667
vn 0.7395 0.0929 -0.6667
vn 0.6506 0.0004 0.7595
vn 0.6506 0.0004 -0.7595
vn 0.7394 -0.0925 0.6669
vn 0.7394 -0.0925 -0.6669
vn 0.7392 0.0920 0.6672
vn 0.7392 0.0920 -0.6672
vn 0.6510 0.0003 0.7590
vn 0.6510 0.0003 -0.7590
vn 0.7391 -0.0917 0.6673
vn 0.7391 -0.0917 -0.6673
vn 0.7389 0.0912 0.6677
vn 0.7389 0.0912 -0.6677
vn 0.6515 0.0003 0.7586
vn 0.6515 0.0003 -0.7586
vn 0.7608 -0.1734 0.6254
vn 0.7608 -0.1734 -0.6254
vn -0.5629 -0.2744 -0.7796
vn -0.3568 0.5274 -0.7711
vn 0.3568 0.5274 -0.7711
vn 0.5629 -0.2744 -0.7796
vn -0.6307 -0.7427 -0.2249
vn 0.6307 -0.7427 -0.2249
vn -0.5933 0.6443 -0.4826
vn -0.5571 -0.4808 -0.6771
vn -0.5786 -0.6821 0.4472
vn -0.5688 0.4930 0.6584
vn 0.5800 -0.6837 0.4429
vn 0.3238 -0.9202 0.2201
vn 0.3418 0.8805 0.3285
vn 0.5683 0.4923 0.6593
vn 0.5945 0.6447 -0.4805
vn 0.5612 -0.4963 -0.6624
vn -0.3092 0.8847 0.3489
vn -0.3030 -0.9205 0.2468
vn -0.5842 -0.6605 0.4716
vn 0.5831 -0.6590 0.4751
vn 0.5723 0.4793 0.6654
vn -0.5710 0.4772 0.6680
vn -0.5808 0.5937 -0.5570
vn -0.5741 -0.5602 -0.5971
vn 0.2891 -0.9097 0.2980
vn 0.3142 0.8993 0.3043
vn 0.5834 0.6035 -0.5436
vn 0.5712 -0.5512 -0.6082
vn -0.2782 0.8989 0.3385
vn -0.3284 -0.9066 0.2651
vn -0.5745 -0.6211 0.5330
vn 0.5728 -0.6183 0.5382
vn 0.5816 0.5337 0.6139
vn -0.5802 0.5306 0.6179
vn -0.7409 0.0964 -0.6647
vn -0.6485 0.0003 -0.7612
vn -0.6485 0.0003 0.7612
vn -0.7409 0.0964 0.6647
vn -0.7408 -0.0962 -0.6648
vn -0.7408 -0.0962 0.6648
vn -0.7406 0.0958 -0.6650
vn -0.7406 0.0958 0.6650
vn -0.6488 0.0003 -0.7609
vn -0.6488 0.0003 0.7609
vn -0.7405 -0.0955 -0.6652
vn -0.7405 -0.0955 0.6652
vn -0.7404 0.0951 -0.6655
vn -0.7404 0.0951 0.6655
vn -0.6493 0.0003 -0.7606
vn -0.6493 0.0003 0.7606
vn -0.7403 -0.0948 -0.6656
vn -0.7403 -0.0948 0.6656
vn -0.7401 0.0943 -0.6659
vn -0.7401 0.0943 0.6659
vn -0.6497 0.0003 -0.7602
vn -0.6497 0.0003 0.7602
vn -0.7625 -0.1792 -0.6216
vn -0.7625 -0.1792 0.6216
vn 0.6485 0.0003 0.7612
vn 0.6485 0.0003 -0.7612
vn 0.7409 0.0964 -0.6647
vn 0.7409 0.0964 0.6647
vn 0.7408 -0.0962 0.6648
vn 0.7408 -0.0962 -0.6648
vn 0.7406 0.0958 0.6650
vn 0.7406 0.0958 -0.6650
vn 0.6488 0.0003 0.7609
vn 0.6488 0.0003 -0.7609
vn 0.7405 -0.0955 0.6652
vn 0.7405 -0.0955 -0.6652
vn 0.7404 0.0951 0.6655
vn 0.7404 0.0951 -0.6655
vn 0.6493 0.0003 0.7606
vn 0.6493 0.0003 -0.7606
vn 0.7403 -0.0948 0.6656
vn 0.7403 -0.0948 -0.6656
vn 0.7401 0.0943 0.6659
vn 0.7401 0.0943 -0.6659
vn 0.6497 0.0003 0.7602
vn 0.6497 0.0003 -0.7602
vn 0.7625 -0.1792 0.6216
vn 0.7625 -0.1792 -0.6216
vn -0.5618 -0.2719 -0.7813
vn -0.3655 0.5384 -0.7593
vn 0.3655 0.5384 -0.7593
vn 0.5618 -0.2719 -0.7813
vn -0.6337 -0.7426 -0.2168
vn 0.6337 -0.7426 -0.2168
vn -0.5937 0.6457 -0.4802
vn -0.5570 -0.4791 -0.6784
vn -0.5793 -0.6821 0.4463
vn -0.5684 0.4914 0.6599
vn 0.5807 -0.6836 0.4421
vn 0.3200 -0.9213 0.2211
vn 0.3442 0.8798 0.3279
vn 0.5679 0.4908 0.6608
vn 0.5949 0.6461 -0.4782
vn 0.5610 -0.4942 -0.6642
vn -0.3126 0.8839 0.3478
vn -0.2998 -0.9215 0.2470
vn -0.5848 -0.6610 0.4702
vn 0.5837 -0.6595 0.4736
vn 0.5718 0.4782 0.6666
vn -0.5706 0.4762 0.6691
vn -0.5809 0.5942 -0.5563
vn -0.5740 -0.5597 -0.5978
vn -0.5775 -0.5783 0.5763
vn 0.5775 -0.5783 0.5763
vn 0.2887 -0.9099 0.2979
vn 0.3146 0.8991 0.3044
vn 0.5834 0.6037 -0.5433
vn 0.5711 -0.5509 -0.6085
vn -0.2796 0.8988 0.3376
vn -0.3267 -0.9069 0.2661
vn -0.5748 -0.6205 0.5334
vn 0.5731 -0.6178 0.5384
vn 0.5813 0.5342 0.6138
vn -0.5800 0.5312 0.6176
vn -0.7417 0.0986 -0.6634
vn -0.6472 0.0002 -0.7623
vn -0.6472 0.0002 0.7623
vn -0.7417 0.0986 0.6634
vn -0.7417 -0.0984 -0.6635
vn -0.7417 -0.0984 0.6635
vn -0.6475 0.0003 -0.7621
vn -0.6475 0.0003 0.7621
vn -0.7415 -0.0979 -0.6638
vn -0.7415 -0.0979 0.6638
vn -0.7413 0.0976 -0.6640
vn -0.7413 0.0976 0.6640
vn -0.6478 0.0002 -0.7618
vn -0.6478 0.0002 0.7618
vn -0.7413 -0.0974 -0.6641
vn -0.7413 -0.0974 0.6641
vn -0.7411 0.0970 -0.6643
vn -0.7411 0.0970 0.6643
vn -0.6481 0.0002 -0.7615
vn -0.6481 0.0002 0.7615
vn -0.7640 -0.1841 -0.6184
vn -0.7640 -0.1841 0.6184
vn 0.6472 0.0002 0.7623
vn 0.6472 0.0002 -0.7623
vn 0.7417 0.0986 -0.6634
vn 0.7417 0.0986 0.6634
vn 0.7417 -0.0984 0.6635
vn 0.7417 -0.0984 -0.6635
vn 0.6475 0.0003 0.7621
vn 0.6475 0.0003 -0.7621
vn 0.7415 -0.0979 0.6638
vn 0.7415 -0.0979 -0.6638
vn 0.7413 0.0976 0.6640
vn 0.7413 0.0976 -0.6640
vn 0.6478 0.0002 0.7618
vn 0.6478 0.0002 -0.7618
vn 0.7413 -0.0974 0.6641
vn 0.7413 -0.0974 -0.6641
vn 0.7411 0.0970 0.6643
vn 0.7411 0.0970 -0.6643
vn 0.6481 0.0002 0.7615
vn 0.6481 0.0002 -0.7615
vn 0.7640 -0.1841 0.6184
vn 0.7640 -0.1841 -0.6184
vn -0.5610 -0.2698 -0.7826
vn -0.3724 0.5470 -0.7497
vn 0.3724 0.5470 -0.7497
vn 0.5610 -0.2698 -0.7826
vn -0.6359 -0.7424 -0.2106
vn 0.6359 -0.7424 -0.2106
vn -0.5940 0.6467 -0.4785
vn -0.5568 -0.4778 -0.6794
vn -0.5798 -0.6821 0.4456
vn -0.5681 0.4901 0.6611
vn 0.5812 -0.6836 0.4415
vn 0.3172 -0.9221 0.2217
vn 0.3460 0.8792 0.3275
vn 0.5677 0.4895 0.6619
vn 0.5952 0.6471 -0.4765
vn 0.5608 -0.4926 -0.6655
vn -0.3150 0.8834 0.3470
vn -0.2974 -0.9222 0.2471
vn -0.5852 -0.6614 0.4692
vn 0.5842 -0.6600 0.4724
vn 0.5715 0.4773 0.6675
vn -0.5702 0.4754 0.6700
vn -0.5810 0.5946 -0.5558
vn -0.5739 -0.5592 -0.5983
vn 0.2884 -0.9100 0.2978
vn 0.3149 0.8990 0.3045
vn 0.5834 0.6039 -0.5431
vn 0.5711 -0.5507 -0.6087
vn -0.2807 0.8987 0.3369
vn -0.3255 -0.9071 0.2667
vn -0.5750 -0.6201 0.5337
vn 0.5733 -0.6174 0.5386
vn 0.5811 0.5345 0.6137
vn -0.5798 0.5316 0.6174
vn -0.7423 0.1001 -0.6625
vn -0.6463 0.0001 -0.7631
vn -0.6463 0.0001 0.7631
vn -0.7423 0.1001 0.6625
vn -0.7422 0.0998 -0.6627
vn -0.7422 0.0998 0.6627
vn -0.6465 0.0002 -0.7629
vn -0.6465 0.0002 0.7629
vn -0.7422 -0.0996 -0.6628
vn -0.7422 -0.0996 0.6628
vn -0.7421 0.0994 -0.6629
vn -0.7421 0.0994 0.6629
vn -0.6467 0.0002 -0.7627
vn -0.6467 0.0002 0.7627
vn -0.7419 0.0990 -0.6632
vn -0.7419 0.0990 0.6632
vn -0.6469 0.0002 -0.7625
vn -0.6469 0.0002 0.7625
vn -0.7652 -0.1878 -0.6159
vn -0.7652 -0.1878 0.6159
vn 0.6463 0.0001 0.7631
vn 0.6463 0.0001 -0.7631
vn 0.7423 0.1001 -0.6625
vn 0.7423 0.1001 0.6625
vn 0.7422 0.0998 0.6627
vn 0.7422 0.0998 -0.6627
vn 0.6465 0.0002 0.7629
vn 0.6465 0.0002 -0.7629
vn 0.7422 -0.0996 0.6628
vn 0.7422 -0.0996 -0.6628
vn 0.7421 0.0994 0.6629
vn 0.7421 0.0994 -0.6629
vn 0.6467 0.0002 0.7627
vn 0.6467 0.0002 -0.7627
vn 0.7419 0.0990 0.6632
vn 0.7419 0.0990 -0.6632
vn 0.6469 0.0002 0.7625
vn 0.6469 0.0002 -0.7625
vn 0.7652 -0.1878 0.6159
vn 0.7652 -0.1878 -0.6159
vn -0.5604 -0.2682 -0.7836
vn -0.3774 0.5532 -0.7426
vn 0.3774 0.5532 -0.7426
vn 0.5604 -0.2682 -0.7836
vn -0.6375 -0.7423 -0.2062
vn 0.6375 -0.7423 -0.2062
# 2345 vertex normals

vt 1.2560 0.1398 0.0000
vt 1.2560 0.2052 0.0000
vt 1.2061 0.1980 0.0000
vt 1.2079 0.1283 0.0000
vt 1.3822 0.1161 0.0000
vt 1.3446 0.1185 0.0000
vt 1.3446 0.0537 0.0000
vt 1.3828 0.0464 0.0000
vt 1.3966 0.1163 0.0000
vt 1.3972 0.0465 0.0000
vt 1.1494 0.2288 0.0000
vt 1.1489 0.2792 0.0000
vt 1.1345 0.2663 0.0000
vt 1.1350 0.2286 0.0000
vt 1.0297 0.1697 0.0000
vt 1.0441 0.1697 0.0000
vt 1.0442 0.2086 0.0000
vt 1.0298 0.2192 0.0000
vt 1.3760 0.1398 0.0000
vt 1.3760 0.2052 0.0000
vt 1.1414 0.2086 0.0000
vt 1.1498 0.2192 0.0000
vt 1.2474 0.1185 0.0000
vt 1.2474 0.0537 0.0000
vt 1.0289 0.2791 0.0000
vt 1.0373 0.2662 0.0000
vt 1.2258 0.1154 0.0000
vt 1.2174 0.1154 0.0000
vt 1.2173 0.0506 0.0000
vt 1.2258 0.0506 0.0000
vt 1.0288 0.2444 0.0000
vt 1.0372 0.2444 0.0000
vt 1.4077 0.1331 0.0000
vt 1.4099 0.1979 0.0000
vt 1.1415 0.1868 0.0000
vt 1.1499 0.1868 0.0000
vt 1.9630 0.1320 0.0000
vt 1.8163 0.1293 0.0000
vt 1.8249 0.0305 0.0000
vt 1.9707 0.0426 0.0000
vt 1.7682 0.0525 0.0000
vt 1.7727 0.1386 0.0000
vt 1.6261 0.1386 0.0000
vt 1.6220 0.0596 0.0000
vt 1.8261 0.0162 0.0000
vt 1.9719 0.0283 0.0000
vt 1.5781 0.0789 0.0000
vt 1.5777 0.1780 0.0000
vt 1.5634 0.1651 0.0000
vt 1.5638 0.0789 0.0000
vt 1.4210 0.0454 0.0000
vt 1.4353 0.0453 0.0000
vt 1.4357 0.1244 0.0000
vt 1.4213 0.1350 0.0000
vt 1.9608 0.2520 0.0000
vt 1.8141 0.2492 0.0000
vt 1.5273 0.1243 0.0000
vt 1.5413 0.1348 0.0000
vt 1.7727 0.2302 0.0000
vt 1.6261 0.2302 0.0000
vt 1.4577 0.1777 0.0000
vt 1.4718 0.1649 0.0000
vt 1.8137 0.2979 0.0000
vt 1.8137 0.2839 0.0000
vt 1.9602 0.2843 0.0000
vt 1.9602 0.2983 0.0000
vt 1.7736 0.2520 0.0000
vt 1.6271 0.2520 0.0000
vt 1.4578 0.1431 0.0000
vt 1.4718 0.1431 0.0000
vt 1.5273 0.1024 0.0000
vt 1.5413 0.1024 0.0000
vt 1.9131 0.4624 0.0000
vt 1.8300 0.4876 0.0000
vt 1.8307 0.3218 0.0000
vt 1.9136 0.3477 0.0000
vt 1.7471 0.4617 0.0000
vt 1.7476 0.3470 0.0000
vt 1.6641 0.4614 0.0000
vt 1.6645 0.3467 0.0000
vt 1.5811 0.4867 0.0000
vt 1.5816 0.3209 0.0000
vt 1.4981 0.4608 0.0000
vt 1.4985 0.3462 0.0000
vt 1.4151 0.4606 0.0000
vt 1.4154 0.3460 0.0000
vt 1.3321 0.4860 0.0000
vt 1.3324 0.3202 0.0000
vt 1.2491 0.4602 0.0000
vt 1.2493 0.3456 0.0000
vt 1.1661 0.4601 0.0000
vt 1.1663 0.3454 0.0000
vt 1.0831 0.4855 0.0000
vt 1.0833 0.3197 0.0000
vt 1.0001 0.4598 0.0000
vt 1.0003 0.3452 0.0000
vt 1.1692 0.5070 0.0000
vt 1.1692 0.6729 0.0000
vt 1.0861 0.6473 0.0000
vt 1.0861 0.5326 0.0000
vt 1.2522 0.5326 0.0000
vt 1.2522 0.6473 0.0000
vt 1.3352 0.5326 0.0000
vt 1.3352 0.6473 0.0000
vt 1.4182 0.5070 0.0000
vt 1.4182 0.6728 0.0000
vt 1.5012 0.5326 0.0000
vt 1.5012 0.6473 0.0000
vt 1.5843 0.5326 0.0000
vt 1.5843 0.6473 0.0000
vt 1.6673 0.5070 0.0000
vt 1.6673 0.6728 0.0000
vt 1.7503 0.5326 0.0000
vt 1.7503 0.6472 0.0000
vt 1.8333 0.5326 0.0000
vt 1.8333 0.6472 0.0000
vt 1.9163 0.5070 0.0000
vt 1.9163 0.6728 0.0000
vt 2.0000 0.5326 0.0000
vt 2.0000 0.6472 0.0000
vt 1.8321 0.8423 0.0000
vt 1.8321 0.7109 0.0000
vt 1.9164 0.7109 0.0000
vt 1.9164 0.8423 0.0000
vt 1.7477 0.8423 0.0000
vt 1.7477 0.7109 0.0000
vt 1.6671 0.8423 0.0000
vt 1.6671 0.7109 0.0000
vt 1.5828 0.8423 0.0000
vt 1.5828 0.7109 0.0000
vt 1.4985 0.8423 0.0000
vt 1.4985 0.7109 0.0000
vt 1.4179 0.8423 0.0000
vt 1.4179 0.7109 0.0000
vt 1.3336 0.8423 0.0000
vt 1.3336 0.7109 0.0000
vt 1.2492 0.8423 0.0000
vt 1.2492 0.7109 0.0000
vt 1.1687 0.8423 0.0000
vt 1.1687 0.7109 0.0000
vt 1.0843 0.8423 0.0000
vt 1.0843 0.7109 0.0000
vt 1.0000 0.8423 0.0000
vt 1.0000 0.7109 0.0000
vt 1.9155 0.9998 0.0000
vt 1.9157 0.8684 0.0000
vt 2.0000 0.8685 0.0000
vt 1.9998 0.9999 0.0000
vt 1.8312 0.9997 0.0000
vt 1.8313 0.8683 0.0000
vt 1.7506 0.9996 0.0000
vt 1.7507 0.8682 0.0000
vt 1.6663 0.9996 0.0000
vt 1.6664 0.8682 0.0000
vt 1.5820 0.9996 0.0000
vt 1.5820 0.8682 0.0000
vt 1.5014 0.9996 0.0000
vt 1.5014 0.8681 0.0000
vt 1.4171 0.9996 0.0000
vt 1.4171 0.8682 0.0000
vt 1.3328 0.9996 0.0000
vt 1.3328 0.8682 0.0000
vt 1.2522 0.9997 0.0000
vt 1.2521 0.8683 0.0000
vt 1.1679 0.9998 0.0000
vt 1.1678 0.8683 0.0000
vt 1.0836 0.9999 0.0000
vt 1.0834 0.8685 0.0000
vt 1.1399 0.0937 0.0000
vt 1.1399 0.1716 0.0000
vt 1.0629 0.1716 0.0000
vt 1.0629 0.0938 0.0000
vt 1.1398 0.0454 0.0000
vt 1.0629 0.0454 0.0000
vt 1.1849 0.1113 0.0000
vt 1.0179 0.1113 0.0000
vt 1.9998 0.3481 0.0000
vt 2.0000 0.4628 0.0000
vt 1.0000 0.6473 0.0000
vt 1.0000 0.5326 0.0000
vt 2.0000 0.7109 0.0000
vt 2.0000 0.8423 0.0000
vt 1.0000 1.0000 0.0000
vt 0.9998 0.8686 0.0000
vt 0.2560 0.1398 0.0000
vt 0.2560 0.2052 0.0000
vt 0.2061 0.1980 0.0000
vt 0.2079 0.1283 0.0000
vt 0.3822 0.1161 0.0000
vt 0.3446 0.1185 0.0000
vt 0.3446 0.0537 0.0000
vt 0.3828 0.0464 0.0000
vt 0.3966 0.1163 0.0000
vt 0.3972 0.0465 0.0000
vt 0.1494 0.2288 0.0000
vt 0.1489 0.2792 0.0000
vt 0.1345 0.2663 0.0000
vt 0.1350 0.2286 0.0000
vt 0.0297 0.1697 0.0000
vt 0.0441 0.1697 0.0000
vt 0.0442 0.2086 0.0000
vt 0.0298 0.2192 0.0000
vt 0.3760 0.1398 0.0000
vt 0.3760 0.2052 0.0000
vt 0.1414 0.2086 0.0000
vt 0.1498 0.2192 0.0000
vt 0.2474 0.1185 0.0000
vt 0.2474 0.0537 0.0000
vt 0.0289 0.2791 0.0000
vt 0.0373 0.2662 0.0000
vt 0.2258 0.1154 0.0000
vt 0.2174 0.1154 0.0000
vt 0.2173 0.0506 0.0000
vt 0.2258 0.0506 0.0000
vt 0.0288 0.2444 0.0000
vt 0.0372 0.2444 0.0000
vt 0.4077 0.1331 0.0000
vt 0.4099 0.1979 0.0000
vt 0.1415 0.1868 0.0000
vt 0.1499 0.1868 0.0000
vt 0.9630 0.1320 0.0000
vt 0.8163 0.1293 0.0000
vt 0.8249 0.0305 0.0000
vt 0.9707 0.0426 0.0000
vt 0.7682 0.0525 0.0000
vt 0.7727 0.1386 0.0000
vt 0.6261 0.1386 0.0000
vt 0.6220 0.0596 0.0000
vt 0.8261 0.0162 0.0000
vt 0.9719 0.0283 0.0000
vt 0.5781 0.0789 0.0000
vt 0.5777 0.1780 0.0000
vt 0.5634 0.1651 0.0000
vt 0.5638 0.0789 0.0000
vt 0.4210 0.0454 0.0000
vt 0.4353 0.0453 0.0000
vt 0.4357 0.1244 0.0000
vt 0.4213 0.1350 0.0000
vt 0.9608 0.2520 0.0000
vt 0.8141 0.2492 0.0000
vt 0.5273 0.1243 0.0000
vt 0.5413 0.1348 0.0000
vt 0.7727 0.2302 0.0000
vt 0.6261 0.2302 0.0000
vt 0.4577 0.1777 0.0000
vt 0.4718 0.1649 0.0000
vt 0.8137 0.2979 0.0000
vt 0.8137 0.2839 0.0000
vt 0.9602 0.2843 0.0000
vt 0.9602 0.2983 0.0000
vt 0.7736 0.2520 0.0000
vt 0.6271 0.2520 0.0000
vt 0.4578 0.1431 0.0000
vt 0.4718 0.1431 0.0000
vt 0.5273 0.1024 0.0000
vt 0.5413 0.1024 0.0000
vt 0.9131 0.4624 0.0000
vt 0.8300 0.4876 0.0000
vt 0.8307 0.3218 0.0000
vt 0.9136 0.3477 0.0000
vt 0.7471 0.4617 0.0000
vt 0.7476 0.3470 0.0000
vt 0.6641 0.4614 0.0000
vt 0.6645 0.3467 0.0000
vt 0.5811 0.4867 0.0000
vt 0.5816 0.3209 0.0000
vt 0.4981 0.4608 0.0000
vt 0.4985 0.3462 0.0000
vt 0.4151 0.4606 0.0000
vt 0.4154 0.3460 0.0000
vt 0.3321 0.4860 0.0000
vt 0.3324 0.3202 0.0000
vt 0.2491 0.4602 0.0000
vt 0.2493 0.3456 0.0000
vt 0.1661 0.4601 0.0000
vt 0.1663 0.3454 0.0000
vt 0.0831 0.4855 0.0000
vt 0.0833 0.3197 0.0000
vt 0.0001 0.4598 0.0000
vt 0.0003 0.3452 0.0000
vt 0.1692 0.5070 0.0000
vt 0.1692 0.6729 0.0000
vt 0.0861 0.6473 0.0000
vt 0.0861 0.5326 0.0000
vt 0.2522 0.5326 0.0000
vt 0.2522 0.6473 0.0000
vt 0.3352 0.5326 0.0000
vt 0.3352 0.6473 0.0000
vt 0.4182 0.5070 0.0000
vt 0.4182 0.6728 0.0000
vt 0.5012 0.5326 0.0000
vt 0.5012 0.6473 0.0000
vt 0.5843 0.5326 0.0000
vt 0.5843 0.6473 0.0000
vt 0.6673 0.5070 0.0000
vt 0.6673 0.6728 0.0000
vt 0.7503 0.5326 0.0000
vt 0.7503 0.6472 0.0000
vt 0.8333 0.5326 0.0000
vt 0.8333 0.6472 0.0000
vt 0.9163 0.5070 0.0000
vt 0.9163 0.6728 0.0000
vt 1.0000 0.6472 0.0000
vt 0.8321 0.8423 0.0000
vt 0.8321 0.7109 0.0000
vt 0.9164 0.7109 0.0000
vt 0.9164 0.8423 0.0000
vt 0.7477 0.8423 0.0000
vt 0.7477 0.7109 0.0000
vt 0.6671 0.8423 0.0000
vt 0.6671 0.7109 0.0000
vt 0.5828 0.8423 0.0000
vt 0.5828 0.7109 0.0000
vt 0.4985 0.8423 0.0000
vt 0.4985 0.7109 0.0000
vt 0.4179 0.8423 0.0000
vt 0.4179 0.7109 0.0000
vt 0.3336 0.8423 0.0000
vt 0.3336 0.7109 0.0000
vt 0.2492 0.8423 0.0000
vt 0.2492 0.7109 0.0000
vt 0.1687 0.8423 0.0000
vt 0.1687 0.7109 0.0000
vt 0.0843 0.8423 0.0000
vt 0.0843 0.7109 0.0000
vt 0.0000 0.8423 0.0000
vt 0.0000 0.7109 0.0000
vt 0.9155 0.9998 0.0000
vt 0.9157 0.8684 0.0000
vt 1.0000 0.8685 0.0000
vt 0.9998 0.9999 0.0000
vt 0.8312 0.9997 0.0000
vt 0.8313 0.8683 0.0000
vt 0.7506 0.9996 0.0000
vt 0.7507 0.8682 0.0000
vt 0.6663 0.9996 0.0000
vt 0.6664 0.8682 0.0000
vt 0.5820 0.9996 0.0000
vt 0.5820 0.8682 0.0000
vt 0.5014 0.9996 0.0000
vt 0.5014 0.8681 0.0000
vt 0.4171 0.9996 0.0000
vt 0.4171 0.8682 0.0000
vt 0.3328 0.9996 0.0000
vt 0.3328 0.8682 0.0000
vt 0.2522 0.9997 0.0000
vt 0.2521 0.8683 0.0000
vt 0.1679 0.9998 0.0000
vt 0.1678 0.8683 0.0000
vt 0.0836 0.9999 0.0000
vt 0.0834 0.8685 0.0000
vt 0.1399 0.0937 0.0000
vt 0.1399 0.1716 0.0000
vt 0.0629 0.1716 0.0000
vt 0.0629 0.0938 0.0000
vt 0.1398 0.0454 0.0000
vt 0.0629 0.0454 0.0000
vt 0.1849 0.1113 0.0000
vt 0.0179 0.1113 0.0000
vt 0.9998 0.3481 0.0000
vt 1.0000 0.4628 0.0000
vt 0.0000 0.6473 0.0000
vt -0.0000 0.5326 0.0000
vt 0.0000 1.0000 0.0000
vt -0.0002 0.8686 0.0000
# 365 texture coords

g chainsaw_chainlink_LP_UV
s 1
f 1/1/1 2/2/2 3/3/3 4/4/4 
f 5/5/5 6/6/6 7/7/7 8/8/8 
f 3/9/3 5/5/5 8/8/8 4/10/4 
f 3/11/3 2/12/2 6/13/6 5/14/5 
f 4/15/4 8/16/8 7/17/7 1/18/1 
f 1/1/1 9/19/9 10/20/10 2/2/2 
f 7/17/7 11/21/11 9/22/9 1/18/1 
f 6/6/6 12/23/12 11/24/11 7/7/7 
f 6/13/6 2/12/2 10/25/10 12/26/12 
f 13/27/13 14/28/14 15/29/15 16/30/16 
f 11/24/11 12/23/12 13/27/13 16/30/16 
f 12/26/12 10/25/10 14/31/14 13/32/13 
f 9/19/9 15/33/15 14/34/14 10/20/10 
f 11/21/11 16/35/16 15/36/15 9/22/9 
f 17/37/17 18/38/18 19/39/19 20/40/20 
f 21/41/21 22/42/22 23/43/23 24/44/24 
f 19/39/19 21/45/21 24/46/24 20/40/20 
f 19/47/19 18/48/18 22/49/22 21/50/21 
f 20/51/20 24/52/24 23/53/23 17/54/17 
f 17/37/17 25/55/25 26/56/26 18/38/18 
f 23/53/23 27/57/27 25/58/25 17/54/17 
f 22/42/22 28/59/28 27/60/27 23/43/23 
f 18/48/18 26/61/26 28/62/28 22/49/22 
f 29/63/29 30/64/30 31/65/31 32/66/32 
f 28/59/28 29/67/29 32/68/32 27/60/27 
f 28/62/28 26/61/26 30/69/30 29/70/29 
f 25/55/25 31/65/31 30/64/30 26/56/26 
f 27/57/27 32/71/32 31/72/31 25/58/25 
f 33/73/33 34/74/34 35/75/35 36/76/36 
f 34/74/34 37/77/37 38/78/38 35/75/35 
f 37/77/37 39/79/39 40/80/40 38/78/38 
f 39/79/39 41/81/34 42/82/41 40/80/40 
f 41/81/34 43/83/42 44/84/43 42/82/41 
f 43/83/42 45/85/44 46/86/45 44/84/43 
f 45/85/44 47/87/46 48/88/47 46/86/45 
f 47/87/46 49/89/48 50/90/49 48/88/47 
f 49/89/48 51/91/50 52/92/51 50/90/49 
f 51/91/50 53/93/52 54/94/53 52/92/51 
f 53/93/52 55/95/54 56/96/55 54/94/53 
f 57/97/56 58/98/57 59/99/58 60/100/59 
f 61/101/60 62/102/61 58/98/57 57/97/56 
f 63/103/62 64/104/63 62/102/61 61/101/60 
f 65/105/64 66/106/65 64/104/63 63/103/62 
f 67/107/66 68/108/67 66/106/65 65/105/64 
f 69/109/68 70/110/69 68/108/67 67/107/66 
f 71/111/70 72/112/71 70/110/69 69/109/68 
f 73/113/72 74/114/73 72/112/71 71/111/70 
f 75/115/74 76/116/75 74/114/73 73/113/72 
f 77/117/76 78/118/77 76/116/75 75/115/74 
f 79/119/78 80/120/79 78/118/77 77/117/76 
f 35/121/35 57/122/56 60/123/59 36/124/36 
f 38/125/38 61/126/60 57/122/56 35/121/35 
f 40/127/40 63/128/62 61/126/60 38/125/38 
f 42/129/41 65/130/64 63/128/62 40/127/40 
f 44/131/43 67/132/66 65/130/64 42/129/41 
f 46/133/45 69/134/68 67/132/66 44/131/43 
f 48/135/47 71/136/70 69/134/68 46/133/45 
f 50/137/49 73/138/72 71/136/70 48/135/47 
f 52/139/51 75/140/74 73/138/72 50/137/49 
f 54/141/53 77/142/76 75/140/74 52/139/51 
f 56/143/55 79/144/78 77/142/76 54/141/53 
f 53/145/52 78/146/77 80/147/79 55/148/54 
f 51/149/50 76/150/75 78/146/77 53/145/52 
f 49/151/48 74/152/73 76/150/75 51/149/50 
f 47/153/46 72/154/71 74/152/73 49/151/48 
f 45/155/44 70/156/69 72/154/71 47/153/46 
f 43/157/42 68/158/67 70/156/69 45/155/44 
f 41/159/34 66/160/65 68/158/67 43/157/42 
f 39/161/39 64/162/63 66/160/65 41/159/34 
f 37/163/37 62/164/61 64/162/63 39/161/39 
f 34/165/34 58/166/57 62/164/61 37/163/37 
f 33/167/33 59/168/58 58/166/57 34/165/34 
f 81/169/80 82/170/81 83/171/82 84/172/83 
f 85/173/84 81/169/80 84/172/83 86/174/85 
f 85/175/84 82/170/81 81/169/80 
f 83/171/82 86/176/85 84/172/83 
f 36/76/36 87/177/86 88/178/87 33/73/33 
f 59/99/58 89/179/88 90/180/89 60/100/59 
f 60/123/59 90/181/89 87/182/86 36/124/36 
f 33/167/33 88/183/87 89/184/88 59/168/58 
f 91/1/90 92/2/91 93/3/92 94/4/93 
f 95/5/94 96/6/95 97/7/96 98/8/97 
f 93/9/92 95/5/94 98/8/97 94/10/93 
f 93/11/92 92/12/91 96/13/95 95/14/94 
f 94/15/93 98/16/97 97/17/96 91/18/90 
f 91/1/90 99/19/98 100/20/99 92/2/91 
f 97/17/96 101/21/100 99/22/98 91/18/90 
f 96/6/95 102/23/101 101/24/100 97/7/96 
f 96/13/95 92/12/91 100/25/99 102/26/101 
f 103/27/102 104/28/103 105/29/104 106/30/105 
f 101/24/100 102/23/101 103/27/102 106/30/105 
f 102/26/101 100/25/99 104/31/103 103/32/102 
f 99/19/98 105/33/104 104/34/103 100/20/99 
f 101/21/100 106/35/105 105/36/104 99/22/98 
f 107/37/106 108/38/107 109/39/19 110/40/20 
f 111/41/21 112/42/108 113/43/109 114/44/24 
f 109/39/19 111/45/21 114/46/24 110/40/20 
f 109/47/19 108/48/107 112/49/108 111/50/21 
f 110/51/20 114/52/24 113/53/109 107/54/106 
f 107/37/106 115/55/110 116/56/111 108/38/107 
f 113/53/109 117/57/112 115/58/110 107/54/106 
f 112/42/108 118/59/113 117/60/112 113/43/109 
f 108/48/107 116/61/111 118/62/113 112/49/108 
f 119/63/114 120/64/115 121/65/116 122/66/117 
f 118/59/113 119/67/114 122/68/117 117/60/112 
f 118/62/113 116/61/111 120/69/115 119/70/114 
f 115/55/110 121/65/116 120/64/115 116/56/111 
f 117/57/112 122/71/117 121/72/116 115/58/110 
f 123/73/33 124/74/118 125/75/119 126/76/36 
f 124/74/118 127/77/37 128/78/38 125/75/119 
f 127/77/37 129/79/120 130/80/121 128/78/38 
f 129/79/120 131/81/122 132/82/123 130/80/121 
f 131/81/122 133/83/124 134/84/125 132/82/123 
f 133/83/124 135/85/120 136/86/121 134/84/125 
f 135/85/120 137/87/122 138/88/123 136/86/121 
f 137/87/122 139/89/124 140/90/125 138/88/123 
f 139/89/124 141/91/120 142/92/121 140/90/125 
f 141/91/120 143/93/122 144/94/123 142/92/121 
f 143/93/122 88/95/126 87/96/127 144/94/123 
f 145/97/128 146/98/129 147/99/58 148/100/59 
f 149/101/60 150/102/61 146/98/129 145/97/128 
f 151/103/130 152/104/131 150/102/61 149/101/60 
f 153/105/132 154/106/133 152/104/131 151/103/130 
f 155/107/134 156/108/135 154/106/133 153/105/132 
f 157/109/130 158/110/131 156/108/135 155/107/134 
f 159/111/132 160/112/133 158/110/131 157/109/130 
f 161/113/134 162/114/135 160/112/133 159/111/132 
f 163/115/130 164/116/131 162/114/135 161/113/134 
f 165/117/132 166/118/133 164/116/131 163/115/130 
f 90/119/136 89/120/137 166/118/133 165/117/132 
f 125/121/119 145/122/128 148/123/59 126/124/36 
f 128/125/38 149/126/60 145/122/128 125/121/119 
f 130/127/121 151/128/130 149/126/60 128/125/38 
f 132/129/123 153/130/132 151/128/130 130/127/121 
f 134/131/125 155/132/134 153/130/132 132/129/123 
f 136/133/121 157/134/130 155/132/134 134/131/125 
f 138/135/123 159/136/132 157/134/130 136/133/121 
f 140/137/125 161/138/134 159/136/132 138/135/123 
f 142/139/121 163/140/130 161/138/134 140/137/125 
f 144/141/123 165/142/132 163/140/130 142/139/121 
f 87/143/127 90/144/136 165/142/132 144/141/123 
f 143/145/122 166/146/133 89/147/137 88/148/126 
f 141/149/120 164/150/131 166/146/133 143/145/122 
f 139/151/124 162/152/135 164/150/131 141/149/120 
f 137/153/122 160/154/133 162/152/135 139/151/124 
f 135/155/120 158/156/131 160/154/133 137/153/122 
f 133/157/124 156/158/135 158/156/131 135/155/120 
f 131/159/122 154/160/133 156/158/135 133/157/124 
f 129/161/120 152/162/131 154/160/133 131/159/122 
f 127/163/37 150/164/61 152/162/131 129/161/120 
f 124/165/118 146/166/129 150/164/61 127/163/37 
f 123/167/33 147/168/58 146/166/129 124/165/118 
f 167/169/138 168/170/139 169/171/140 170/172/141 
f 171/173/142 167/169/138 170/172/141 172/174/143 
f 171/175/142 168/170/139 167/169/138 
f 169/171/140 172/176/143 170/172/141 
f 126/76/36 173/177/86 174/178/144 123/73/33 
f 147/99/58 175/179/145 176/180/89 148/100/59 
f 148/123/59 176/181/89 173/182/86 126/124/36 
f 123/167/33 174/183/144 175/184/145 147/168/58 
f 177/1/146 178/2/147 179/3/148 180/4/4 
f 181/5/149 182/6/150 183/7/151 184/8/8 
f 179/9/148 181/5/149 184/8/8 180/10/4 
f 179/11/148 178/12/147 182/13/150 181/14/149 
f 180/15/4 184/16/8 183/17/151 177/18/146 
f 177/1/146 185/19/152 186/20/153 178/2/147 
f 183/17/151 187/21/154 185/22/152 177/18/146 
f 182/6/150 188/23/155 187/24/154 183/7/151 
f 182/13/150 178/12/147 186/25/153 188/26/155 
f 189/27/156 190/28/157 191/29/158 192/30/159 
f 187/24/154 188/23/155 189/27/156 192/30/159 
f 188/26/155 186/25/153 190/31/157 189/32/156 
f 185/19/152 191/33/158 190/34/157 186/20/153 
f 187/21/154 192/35/159 191/36/158 185/22/152 
f 193/37/160 194/38/161 195/39/19 196/40/20 
f 197/41/21 198/42/162 199/43/163 200/44/24 
f 195/39/19 197/45/21 200/46/24 196/40/20 
f 195/47/19 194/48/161 198/49/162 197/50/21 
f 196/51/20 200/52/24 199/53/163 193/54/160 
f 193/37/160 201/55/110 202/56/26 194/38/161 
f 199/53/163 203/57/164 201/58/110 193/54/160 
f 198/42/162 204/59/165 203/60/164 199/43/163 
f 194/48/161 202/61/26 204/62/165 198/49/162 
f 205/63/114 206/64/115 207/65/166 208/66/32 
f 204/59/165 205/67/114 208/68/32 203/60/164 
f 204/62/165 202/61/26 206/69/115 205/70/114 
f 201/55/110 207/65/166 206/64/115 202/56/26 
f 203/57/164 208/71/32 207/72/166 201/58/110 
f 209/73/167 210/74/168 211/75/169 212/76/170 
f 210/74/168 213/77/171 214/78/172 211/75/169 
f 213/77/171 215/79/173 216/80/174 214/78/172 
f 215/79/173 217/81/175 218/82/176 216/80/174 
f 217/81/175 219/83/177 220/84/178 218/82/176 
f 219/83/177 221/85/179 222/86/180 220/84/178 
f 221/85/179 223/87/181 224/88/182 222/86/180 
f 223/87/181 225/89/48 226/90/49 224/88/182 
f 225/89/48 227/91/183 228/92/184 226/90/49 
f 227/91/183 229/93/185 230/94/186 228/92/184 
f 229/93/185 174/95/187 173/96/188 230/94/186 
f 231/97/189 232/98/190 233/99/191 234/100/192 
f 235/101/193 236/102/194 232/98/190 231/97/189 
f 237/103/195 238/104/196 236/102/194 235/101/193 
f 239/105/197 240/106/198 238/104/196 237/103/195 
f 241/107/199 242/108/200 240/106/198 239/105/197 
f 243/109/201 244/110/202 242/108/200 241/107/199 
f 245/111/203 246/112/204 244/110/202 243/109/201 
f 247/113/72 248/114/73 246/112/204 245/111/203 
f 249/115/205 250/116/206 248/114/73 247/113/72 
f 251/117/207 252/118/208 250/116/206 249/115/205 
f 176/119/209 175/120/210 252/118/208 251/117/207 
f 211/121/169 231/122/189 234/123/192 212/124/170 
f 214/125/172 235/126/193 231/122/189 211/121/169 
f 216/127/174 237/128/195 235/126/193 214/125/172 
f 218/129/176 239/130/197 237/128/195 216/127/174 
f 220/131/178 241/132/199 239/130/197 218/129/176 
f 222/133/180 243/134/201 241/132/199 220/131/178 
f 224/135/182 245/136/203 243/134/201 222/133/180 
f 226/137/49 247/138/72 245/136/203 224/135/182 
f 228/139/184 249/140/205 247/138/72 226/137/49 
f 230/141/186 251/142/207 249/140/205 228/139/184 
f 173/143/188 176/144/209 251/142/207 230/141/186 
f 229/145/185 252/146/208 175/147/210 174/148/187 
f 227/149/183 250/150/206 252/146/208 229/145/185 
f 225/151/48 248/152/73 250/150/206 227/149/183 
f 223/153/181 246/154/204 248/152/73 225/151/48 
f 221/155/179 244/156/202 246/154/204 223/153/181 
f 219/157/177 242/158/200 244/156/202 221/155/179 
f 217/159/175 240/160/198 242/158/200 219/157/177 
f 215/161/173 238/162/196 240/160/198 217/159/175 
f 213/163/171 236/164/194 238/162/196 215/161/173 
f 210/165/168 232/166/190 236/164/194 213/163/171 
f 209/167/167 233/168/191 232/166/190 210/165/168 
f 253/169/211 254/170/212 255/171/213 256/172/214 
f 257/173/215 253/169/211 256/172/214 258/174/216 
f 257/175/215 254/170/212 253/169/211 
f 255/171/213 258/176/216 256/172/214 
f 212/76/170 259/177/217 260/178/144 209/73/167 
f 233/99/191 261/179/145 262/180/218 234/100/192 
f 234/123/192 262/181/218 259/182/217 212/124/170 
f 209/167/167 260/183/144 261/184/145 233/168/191 
f 263/1/219 264/2/220 265/3/221 266/4/222 
f 267/5/223 268/6/224 269/7/225 270/8/226 
f 265/9/221 267/5/223 270/8/226 266/10/222 
f 265/11/221 264/12/220 268/13/224 267/14/223 
f 266/15/222 270/16/226 269/17/225 263/18/219 
f 263/1/219 271/19/227 272/20/228 264/2/220 
f 269/17/225 273/21/229 271/22/227 263/18/219 
f 268/6/224 274/23/230 273/24/229 269/7/225 
f 268/13/224 264/12/220 272/25/228 274/26/230 
f 275/27/231 276/28/232 277/29/233 278/30/234 
f 273/24/229 274/23/230 275/27/231 278/30/234 
f 274/26/230 272/25/228 276/31/232 275/32/231 
f 271/19/227 277/33/233 276/34/232 272/20/228 
f 273/21/229 278/35/234 277/36/233 271/22/227 
f 279/37/235 280/38/236 281/39/19 282/40/20 
f 283/41/21 284/42/237 285/43/238 286/44/24 
f 281/39/19 283/45/21 286/46/24 282/40/20 
f 281/47/19 280/48/236 284/49/237 283/50/21 
f 282/51/20 286/52/24 285/53/238 279/54/235 
f 279/37/235 287/55/239 288/56/240 280/38/236 
f 285/53/238 289/57/241 287/58/239 279/54/235 
f 284/42/237 290/59/242 289/60/241 285/43/238 
f 280/48/236 288/61/240 290/62/242 284/49/237 
f 291/63/243 292/64/244 293/65/245 294/66/246 
f 290/59/242 291/67/243 294/68/246 289/60/241 
f 290/62/242 288/61/240 292/69/244 291/70/243 
f 287/55/239 293/65/245 292/64/244 288/56/240 
f 289/57/241 294/71/246 293/72/245 287/58/239 
f 295/73/247 296/74/248 297/75/249 298/76/250 
f 296/74/248 299/77/251 300/78/252 297/75/249 
f 299/77/251 301/79/253 302/80/254 300/78/252 
f 301/79/253 303/81/255 304/82/256 302/80/254 
f 303/81/255 305/83/257 306/84/258 304/82/256 
f 305/83/257 307/85/259 308/86/260 306/84/258 
f 307/85/259 309/87/261 310/88/262 308/86/260 
f 309/87/261 311/89/263 312/90/264 310/88/262 
f 311/89/263 313/91/265 314/92/266 312/90/264 
f 313/91/265 315/93/267 316/94/268 314/92/266 
f 315/93/267 260/95/269 259/96/270 316/94/268 
f 317/97/271 318/98/272 319/99/273 320/100/274 
f 321/101/275 322/102/276 318/98/272 317/97/271 
f 323/103/277 324/104/278 322/102/276 321/101/275 
f 325/105/279 326/106/280 324/104/278 323/103/277 
f 327/107/281 328/108/282 326/106/280 325/105/279 
f 329/109/283 330/110/284 328/108/282 327/107/281 
f 331/111/285 332/112/286 330/110/284 329/109/283 
f 333/113/287 334/114/288 332/112/286 331/111/285 
f 335/115/289 336/116/290 334/114/288 333/113/287 
f 337/117/291 338/118/292 336/116/290 335/115/289 
f 262/119/293 261/120/294 338/118/292 337/117/291 
f 297/121/249 317/122/271 320/123/274 298/124/250 
f 300/125/252 321/126/275 317/122/271 297/121/249 
f 302/127/254 323/128/277 321/126/275 300/125/252 
f 304/129/256 325/130/279 323/128/277 302/127/254 
f 306/131/258 327/132/281 325/130/279 304/129/256 
f 308/133/260 329/134/283 327/132/281 306/131/258 
f 310/135/262 331/136/285 329/134/283 308/133/260 
f 312/137/264 333/138/287 331/136/285 310/135/262 
f 314/139/266 335/140/289 333/138/287 312/137/264 
f 316/141/268 337/142/291 335/140/289 314/139/266 
f 259/143/270 262/144/293 337/142/291 316/141/268 
f 315/145/267 338/146/292 261/147/294 260/148/269 
f 313/149/265 336/150/290 338/146/292 315/145/267 
f 311/151/263 334/152/288 336/150/290 313/149/265 
f 309/153/261 332/154/286 334/152/288 311/151/263 
f 307/155/259 330/156/284 332/154/286 309/153/261 
f 305/157/257 328/158/282 330/156/284 307/155/259 
f 303/159/255 326/160/280 328/158/282 305/157/257 
f 301/161/253 324/162/278 326/160/280 303/159/255 
f 299/163/251 322/164/276 324/162/278 301/161/253 
f 296/165/248 318/166/272 322/164/276 299/163/251 
f 295/167/247 319/168/273 318/166/272 296/165/248 
f 339/169/295 340/170/296 341/171/297 342/172/298 
f 343/173/299 339/169/295 342/172/298 344/174/300 
f 343/175/299 340/170/296 339/169/295 
f 341/171/297 344/176/300 342/172/298 
f 298/76/250 345/177/217 346/178/144 295/73/247 
f 319/99/273 347/179/145 348/180/218 320/100/274 
f 320/123/274 348/181/218 345/182/217 298/124/250 
f 295/167/247 346/183/144 347/184/145 319/168/273 
f 349/1/301 350/2/302 351/3/303 352/4/304 
f 353/5/305 354/6/306 355/7/307 356/8/308 
f 351/9/303 353/5/305 356/8/308 352/10/304 
f 351/11/303 350/12/302 354/13/306 353/14/305 
f 352/15/304 356/16/308 355/17/307 349/18/301 
f 349/1/301 357/19/309 358/20/310 350/2/302 
f 355/17/307 359/21/311 357/22/309 349/18/301 
f 354/6/306 360/23/312 359/24/311 355/7/307 
f 354/13/306 350/12/302 358/25/310 360/26/312 
f 361/27/313 362/28/314 363/29/315 364/30/316 
f 359/24/311 360/23/312 361/27/313 364/30/316 
f 360/26/312 358/25/310 362/31/314 361/32/313 
f 357/19/309 363/33/315 362/34/314 358/20/310 
f 359/21/311 364/35/316 363/36/315 357/22/309 
f 365/37/317 366/38/318 367/39/19 368/40/20 
f 369/41/21 370/42/319 371/43/320 372/44/24 
f 367/39/19 369/45/21 372/46/24 368/40/20 
f 367/47/19 366/48/318 370/49/319 369/50/21 
f 368/51/20 372/52/24 371/53/320 365/54/317 
f 365/37/317 373/55/321 374/56/322 366/38/318 
f 371/53/320 375/57/323 373/58/321 365/54/317 
f 370/42/319 376/59/324 375/60/323 371/43/320 
f 366/48/318 374/61/322 376/62/324 370/49/319 
f 377/63/325 378/64/326 379/65/327 380/66/328 
f 376/59/324 377/67/325 380/68/328 375/60/323 
f 376/62/324 374/61/322 378/69/326 377/70/325 
f 373/55/321 379/65/327 378/64/326 374/56/322 
f 375/57/323 380/71/328 379/72/327 373/58/321 
f 381/73/329 382/74/330 383/75/331 384/76/332 
f 382/74/330 385/77/333 386/78/334 383/75/331 
f 385/77/333 387/79/335 388/80/336 386/78/334 
f 387/79/335 389/81/337 390/82/338 388/80/336 
f 389/81/337 391/83/339 392/84/340 390/82/338 
f 391/83/339 393/85/341 394/86/342 392/84/340 
f 393/85/341 395/87/343 396/88/344 394/86/342 
f 395/87/343 397/89/345 398/90/346 396/88/344 
f 397/89/345 399/91/347 400/92/348 398/90/346 
f 399/91/347 401/93/349 402/94/350 400/92/348 
f 401/93/349 346/95/351 345/96/352 402/94/350 
f 403/97/353 404/98/354 405/99/355 406/100/356 
f 407/101/357 408/102/358 404/98/354 403/97/353 
f 409/103/359 410/104/360 408/102/358 407/101/357 
f 411/105/361 412/106/362 410/104/360 409/103/359 
f 413/107/363 414/108/364 412/106/362 411/105/361 
f 415/109/365 416/110/366 414/108/364 413/107/363 
f 417/111/367 418/112/368 416/110/366 415/109/365 
f 419/113/369 420/114/370 418/112/368 417/111/367 
f 421/115/371 422/116/372 420/114/370 419/113/369 
f 423/117/373 424/118/374 422/116/372 421/115/371 
f 348/119/375 347/120/376 424/118/374 423/117/373 
f 383/121/331 403/122/353 406/123/356 384/124/332 
f 386/125/334 407/126/357 403/122/353 383/121/331 
f 388/127/336 409/128/359 407/126/357 386/125/334 
f 390/129/338 411/130/361 409/128/359 388/127/336 
f 392/131/340 413/132/363 411/130/361 390/129/338 
f 394/133/342 415/134/365 413/132/363 392/131/340 
f 396/135/344 417/136/367 415/134/365 394/133/342 
f 398/137/346 419/138/369 417/136/367 396/135/344 
f 400/139/348 421/140/371 419/138/369 398/137/346 
f 402/141/350 423/142/373 421/140/371 400/139/348 
f 345/143/352 348/144/375 423/142/373 402/141/350 
f 401/145/349 424/146/374 347/147/376 346/148/351 
f 399/149/347 422/150/372 424/146/374 401/145/349 
f 397/151/345 420/152/370 422/150/372 399/149/347 
f 395/153/343 418/154/368 420/152/370 397/151/345 
f 393/155/341 416/156/366 418/154/368 395/153/343 
f 391/157/339 414/158/364 416/156/366 393/155/341 
f 389/159/337 412/160/362 414/158/364 391/157/339 
f 387/161/335 410/162/360 412/160/362 389/159/337 
f 385/163/333 408/164/358 410/162/360 387/161/335 
f 382/165/330 404/166/354 408/164/358 385/163/333 
f 381/167/329 405/168/355 404/166/354 382/165/330 
f 425/169/377 426/170/378 427/171/379 428/172/380 
f 429/173/381 425/169/377 428/172/380 430/174/382 
f 429/175/381 426/170/378 425/169/377 
f 427/171/379 430/176/382 428/172/380 
f 384/76/332 431/177/86 432/178/87 381/73/329 
f 405/99/355 433/179/88 434/180/218 406/100/356 
f 406/123/356 434/181/218 431/182/86 384/124/332 
f 381/167/329 432/183/87 433/184/88 405/168/355 
f 435/1/383 436/2/384 437/3/385 438/4/386 
f 439/5/387 440/6/388 441/7/389 442/8/390 
f 437/9/385 439/5/387 442/8/390 438/10/386 
f 437/11/385 436/12/384 440/13/388 439/14/387 
f 438/15/386 442/16/390 441/17/389 435/18/383 
f 435/1/383 443/19/391 444/20/392 436/2/384 
f 441/17/389 445/21/393 443/22/391 435/18/383 
f 440/6/388 446/23/394 445/24/393 441/7/389 
f 440/13/388 436/12/384 444/25/392 446/26/394 
f 447/27/395 448/28/396 449/29/397 450/30/398 
f 445/24/393 446/23/394 447/27/395 450/30/398 
f 446/26/394 444/25/392 448/31/396 447/32/395 
f 443/19/391 449/33/397 448/34/396 444/20/392 
f 445/21/393 450/35/398 449/36/397 443/22/391 
f 451/37/399 452/38/400 453/39/401 454/40/402 
f 455/41/403 456/42/404 457/43/405 458/44/406 
f 453/39/401 455/45/403 458/46/406 454/40/402 
f 453/47/401 452/48/400 456/49/404 455/50/403 
f 454/51/402 458/52/406 457/53/405 451/54/399 
f 451/37/399 459/55/407 460/56/408 452/38/400 
f 457/53/405 461/57/409 459/58/407 451/54/399 
f 456/42/404 462/59/410 461/60/409 457/43/405 
f 452/48/400 460/61/408 462/62/410 456/49/404 
f 463/63/411 464/64/412 465/65/413 466/66/414 
f 462/59/410 463/67/411 466/68/414 461/60/409 
f 462/62/410 460/61/408 464/69/412 463/70/411 
f 459/55/407 465/65/413 464/64/412 460/56/408 
f 461/57/409 466/71/414 465/72/413 459/58/407 
f 467/73/415 468/74/416 469/75/417 470/76/418 
f 468/74/416 471/77/419 472/78/420 469/75/417 
f 471/77/419 473/79/421 474/80/422 472/78/420 
f 473/79/421 475/81/423 476/82/424 474/80/422 
f 475/81/423 477/83/425 478/84/426 476/82/424 
f 477/83/425 479/85/427 480/86/428 478/84/426 
f 479/85/427 481/87/429 482/88/430 480/86/428 
f 481/87/429 483/89/431 484/90/432 482/88/430 
f 483/89/431 485/91/433 486/92/434 484/90/432 
f 485/91/433 487/93/435 488/94/436 486/92/434 
f 487/93/435 432/95/437 431/96/438 488/94/436 
f 489/97/439 490/98/440 491/99/441 492/100/442 
f 493/101/443 494/102/444 490/98/440 489/97/439 
f 495/103/445 496/104/446 494/102/444 493/101/443 
f 497/105/447 498/106/448 496/104/446 495/103/445 
f 499/107/449 500/108/450 498/106/448 497/105/447 
f 501/109/451 502/110/452 500/108/450 499/107/449 
f 503/111/453 504/112/454 502/110/452 501/109/451 
f 505/113/455 506/114/456 504/112/454 503/111/453 
f 507/115/457 508/116/458 506/114/456 505/113/455 
f 509/117/459 510/118/460 508/116/458 507/115/457 
f 434/119/461 433/120/462 510/118/460 509/117/459 
f 469/121/417 489/122/439 492/123/442 470/124/418 
f 472/125/420 493/126/443 489/122/439 469/121/417 
f 474/127/422 495/128/445 493/126/443 472/125/420 
f 476/129/424 497/130/447 495/128/445 474/127/422 
f 478/131/426 499/132/449 497/130/447 476/129/424 
f 480/133/428 501/134/451 499/132/449 478/131/426 
f 482/135/430 503/136/453 501/134/451 480/133/428 
f 484/137/432 505/138/455 503/136/453 482/135/430 
f 486/139/434 507/140/457 505/138/455 484/137/432 
f 488/141/436 509/142/459 507/140/457 486/139/434 
f 431/143/438 434/144/461 509/142/459 488/141/436 
f 487/145/435 510/146/460 433/147/462 432/148/437 
f 485/149/433 508/150/458 510/146/460 487/145/435 
f 483/151/431 506/152/456 508/150/458 485/149/433 
f 481/153/429 504/154/454 506/152/456 483/151/431 
f 479/155/427 502/156/452 504/154/454 481/153/429 
f 477/157/425 500/158/450 502/156/452 479/155/427 
f 475/159/423 498/160/448 500/158/450 477/157/425 
f 473/161/421 496/162/446 498/160/448 475/159/423 
f 471/163/419 494/164/444 496/162/446 473/161/421 
f 468/165/416 490/166/440 494/164/444 471/163/419 
f 467/167/415 491/168/441 490/166/440 468/165/416 
f 511/169/463 512/170/464 513/171/465 514/172/466 
f 515/173/467 511/169/463 514/172/466 516/174/468 
f 515/175/467 512/170/464 511/169/463 
f 513/171/465 516/176/468 514/172/466 
f 470/76/418 517/177/86 518/178/144 467/73/415 
f 491/99/441 519/179/145 520/180/89 492/100/442 
f 492/123/442 520/181/89 517/182/86 470/124/418 
f 467/167/415 518/183/144 519/184/145 491/168/441 
f 521/1/469 522/2/470 523/3/471 524/4/472 
f 525/5/473 526/6/474 527/7/475 528/8/476 
f 523/9/471 525/5/473 528/8/476 524/10/472 
f 523/11/471 522/12/470 526/13/474 525/14/473 
f 524/15/472 528/16/476 527/17/475 521/18/469 
f 521/1/469 529/19/477 530/20/478 522/2/470 
f 527/17/475 531/21/479 529/22/477 521/18/469 
f 526/6/474 532/23/480 531/24/479 527/7/475 
f 526/13/474 522/12/470 530/25/478 532/26/480 
f 533/27/481 534/28/482 535/29/483 536/30/484 
f 531/24/479 532/23/480 533/27/481 536/30/484 
f 532/26/480 530/25/478 534/31/482 533/32/481 
f 529/19/477 535/33/483 534/34/482 530/20/478 
f 531/21/479 536/35/484 535/36/483 529/22/477 
f 537/37/485 538/38/486 539/39/401 540/40/487 
f 541/41/403 542/42/488 543/43/489 544/44/490 
f 539/39/401 541/45/403 544/46/490 540/40/487 
f 539/47/401 538/48/486 542/49/488 541/50/403 
f 540/51/487 544/52/490 543/53/489 537/54/485 
f 537/37/485 545/55/491 546/56/492 538/38/486 
f 543/53/489 547/57/493 545/58/491 537/54/485 
f 542/42/488 548/59/494 547/60/493 543/43/489 
f 538/48/486 546/61/492 548/62/494 542/49/488 
f 549/63/495 550/64/496 551/65/497 552/66/498 
f 548/59/494 549/67/495 552/68/498 547/60/493 
f 548/62/494 546/61/492 550/69/496 549/70/495 
f 545/55/491 551/65/497 550/64/496 546/56/492 
f 547/57/493 552/71/498 551/72/497 545/58/491 
f 553/73/499 554/74/500 555/75/501 556/76/502 
f 554/74/500 557/77/503 558/78/504 555/75/501 
f 557/77/503 559/79/505 560/80/506 558/78/504 
f 559/79/505 561/81/507 562/82/508 560/80/506 
f 561/81/507 563/83/509 564/84/510 562/82/508 
f 563/83/509 565/85/511 566/86/512 564/84/510 
f 565/85/511 567/87/513 568/88/514 566/86/512 
f 567/87/513 569/89/515 570/90/516 568/88/514 
f 569/89/515 571/91/517 572/92/518 570/90/516 
f 571/91/517 573/93/519 574/94/520 572/92/518 
f 573/93/519 575/95/521 576/96/522 574/94/520 
f 577/97/523 578/98/524 579/99/525 580/100/526 
f 581/101/527 582/102/528 578/98/524 577/97/523 
f 583/103/529 584/104/530 582/102/528 581/101/527 
f 585/105/531 586/106/532 584/104/530 583/103/529 
f 587/107/533 588/108/534 586/106/532 585/105/531 
f 589/109/535 590/110/536 588/108/534 587/107/533 
f 591/111/537 592/112/538 590/110/536 589/109/535 
f 593/113/539 594/114/540 592/112/538 591/111/537 
f 595/115/541 596/116/542 594/114/540 593/113/539 
f 597/117/543 598/118/544 596/116/542 595/115/541 
f 599/119/545 600/120/546 598/118/544 597/117/543 
f 555/121/501 577/122/523 580/123/526 556/124/502 
f 558/125/504 581/126/527 577/122/523 555/121/501 
f 560/127/506 583/128/529 581/126/527 558/125/504 
f 562/129/508 585/130/531 583/128/529 560/127/506 
f 564/131/510 587/132/533 585/130/531 562/129/508 
f 566/133/512 589/134/535 587/132/533 564/131/510 
f 568/135/514 591/136/537 589/134/535 566/133/512 
f 570/137/516 593/138/539 591/136/537 568/135/514 
f 572/139/518 595/140/541 593/138/539 570/137/516 
f 574/141/520 597/142/543 595/140/541 572/139/518 
f 576/143/522 599/144/545 597/142/543 574/141/520 
f 573/145/519 598/146/544 600/147/546 575/148/521 
f 571/149/517 596/150/542 598/146/544 573/145/519 
f 569/151/515 594/152/540 596/150/542 571/149/517 
f 567/153/513 592/154/538 594/152/540 569/151/515 
f 565/155/511 590/156/536 592/154/538 567/153/513 
f 563/157/509 588/158/534 590/156/536 565/155/511 
f 561/159/507 586/160/532 588/158/534 563/157/509 
f 559/161/505 584/162/530 586/160/532 561/159/507 
f 557/163/503 582/164/528 584/162/530 559/161/505 
f 554/165/500 578/166/524 582/164/528 557/163/503 
f 553/167/499 579/168/525 578/166/524 554/165/500 
f 601/169/547 602/170/548 603/171/549 604/172/550 
f 605/173/551 601/169/547 604/172/550 606/174/552 
f 605/175/551 602/170/548 601/169/547 
f 603/171/549 606/176/552 604/172/550 
f 556/76/502 607/177/553 608/178/554 553/73/499 
f 579/99/525 609/179/555 610/180/556 580/100/526 
f 580/123/526 610/181/556 607/182/553 556/124/502 
f 553/167/499 608/183/554 609/184/555 579/168/525 
f 611/1/557 612/2/558 613/3/559 614/4/560 
f 615/5/561 616/6/562 617/7/563 618/8/564 
f 613/9/559 615/5/561 618/8/564 614/10/560 
f 613/11/559 612/12/558 616/13/562 615/14/561 
f 614/15/560 618/16/564 617/17/563 611/18/557 
f 611/1/557 619/19/565 620/20/566 612/2/558 
f 617/17/563 621/21/567 619/22/565 611/18/557 
f 616/6/562 622/23/568 621/24/567 617/7/563 
f 616/13/562 612/12/558 620/25/566 622/26/568 
f 623/27/569 624/28/570 625/29/571 626/30/572 
f 621/24/567 622/23/568 623/27/569 626/30/572 
f 622/26/568 620/25/566 624/31/570 623/32/569 
f 619/19/565 625/33/571 624/34/570 620/20/566 
f 621/21/567 626/35/572 625/36/571 619/22/565 
f 627/37/573 628/38/574 629/39/575 630/40/576 
f 631/41/577 632/42/578 633/43/579 634/44/580 
f 629/39/575 631/45/577 634/46/580 630/40/576 
f 629/47/575 628/48/574 632/49/578 631/50/577 
f 630/51/576 634/52/580 633/53/579 627/54/573 
f 627/37/573 635/55/581 636/56/582 628/38/574 
f 633/53/579 637/57/583 635/58/581 627/54/573 
f 632/42/578 638/59/584 637/60/583 633/43/579 
f 628/48/574 636/61/582 638/62/584 632/49/578 
f 639/63/585 640/64/586 641/65/587 642/66/588 
f 638/59/584 639/67/585 642/68/588 637/60/583 
f 638/62/584 636/61/582 640/69/586 639/70/585 
f 635/55/581 641/65/587 640/64/586 636/56/582 
f 637/57/583 642/71/588 641/72/587 635/58/581 
f 643/73/589 644/74/590 645/75/591 646/76/592 
f 644/74/590 647/77/593 648/78/594 645/75/591 
f 647/77/593 649/79/595 650/80/596 648/78/594 
f 649/79/595 651/81/597 652/82/598 650/80/596 
f 651/81/597 653/83/599 654/84/600 652/82/598 
f 653/83/599 655/85/601 656/86/602 654/84/600 
f 655/85/601 657/87/603 658/88/604 656/86/602 
f 657/87/603 659/89/605 660/90/606 658/88/604 
f 659/89/605 661/91/607 662/92/608 660/90/606 
f 661/91/607 663/93/609 664/94/610 662/92/608 
f 663/93/609 608/95/611 607/96/612 664/94/610 
f 665/97/613 666/98/614 667/99/615 668/100/616 
f 669/101/617 670/102/618 666/98/614 665/97/613 
f 671/103/619 672/104/620 670/102/618 669/101/617 
f 673/105/621 674/106/622 672/104/620 671/103/619 
f 675/107/623 676/108/624 674/106/622 673/105/621 
f 677/109/625 678/110/626 676/108/624 675/107/623 
f 679/111/627 680/112/628 678/110/626 677/109/625 
f 681/113/629 682/114/630 680/112/628 679/111/627 
f 683/115/631 684/116/632 682/114/630 681/113/629 
f 685/117/633 686/118/634 684/116/632 683/115/631 
f 610/119/635 609/120/636 686/118/634 685/117/633 
f 645/121/591 665/122/613 668/123/616 646/124/592 
f 648/125/594 669/126/617 665/122/613 645/121/591 
f 650/127/596 671/128/619 669/126/617 648/125/594 
f 652/129/598 673/130/621 671/128/619 650/127/596 
f 654/131/600 675/132/623 673/130/621 652/129/598 
f 656/133/602 677/134/625 675/132/623 654/131/600 
f 658/135/604 679/136/627 677/134/625 656/133/602 
f 660/137/606 681/138/629 679/136/627 658/135/604 
f 662/139/608 683/140/631 681/138/629 660/137/606 
f 664/141/610 685/142/633 683/140/631 662/139/608 
f 607/143/612 610/144/635 685/142/633 664/141/610 
f 663/145/609 686/146/634 609/147/636 608/148/611 
f 661/149/607 684/150/632 686/146/634 663/145/609 
f 659/151/605 682/152/630 684/150/632 661/149/607 
f 657/153/603 680/154/628 682/152/630 659/151/605 
f 655/155/601 678/156/626 680/154/628 657/153/603 
f 653/157/599 676/158/624 678/156/626 655/155/601 
f 651/159/597 674/160/622 676/158/624 653/157/599 
f 649/161/595 672/162/620 674/160/622 651/159/597 
f 647/163/593 670/164/618 672/162/620 649/161/595 
f 644/165/590 666/166/614 670/164/618 647/163/593 
f 643/167/589 667/168/615 666/166/614 644/165/590 
f 687/169/637 688/170/638 689/171/639 690/172/640 
f 691/173/641 687/169/637 690/172/640 692/174/642 
f 691/175/641 688/170/638 687/169/637 
f 689/171/639 692/176/642 690/172/640 
f 646/76/592 693/177/643 694/178/644 643/73/589 
f 667/99/615 695/179/645 696/180/646 668/100/616 
f 668/123/616 696/181/646 693/182/643 646/124/592 
f 643/167/589 694/183/644 695/184/645 667/168/615 
f 697/1/647 698/2/648 699/3/649 700/4/650 
f 701/5/651 702/6/652 703/7/653 704/8/654 
f 699/9/649 701/5/651 704/8/654 700/10/650 
f 699/11/649 698/12/648 702/13/652 701/14/651 
f 700/15/650 704/16/654 703/17/653 697/18/647 
f 697/1/647 705/19/655 706/20/656 698/2/648 
f 703/17/653 707/21/657 705/22/655 697/18/647 
f 702/6/652 708/23/658 707/24/657 703/7/653 
f 702/13/652 698/12/648 706/25/656 708/26/658 
f 709/27/659 710/28/660 711/29/661 712/30/662 
f 707/24/657 708/23/658 709/27/659 712/30/662 
f 708/26/658 706/25/656 710/31/660 709/32/659 
f 705/19/655 711/33/661 710/34/660 706/20/656 
f 707/21/657 712/35/662 711/36/661 705/22/655 
f 713/37/663 714/38/664 715/39/665 716/40/666 
f 717/41/667 718/42/668 719/43/669 720/44/670 
f 715/39/665 717/45/667 720/46/670 716/40/666 
f 715/47/665 714/48/664 718/49/668 717/50/667 
f 716/51/666 720/52/670 719/53/669 713/54/663 
f 713/37/663 721/55/671 722/56/672 714/38/664 
f 719/53/669 723/57/673 721/58/671 713/54/663 
f 718/42/668 724/59/674 723/60/673 719/43/669 
f 714/48/664 722/61/672 724/62/674 718/49/668 
f 725/63/675 726/64/676 727/65/677 728/66/678 
f 724/59/674 725/67/675 728/68/678 723/60/673 
f 724/62/674 722/61/672 726/69/676 725/70/675 
f 721/55/671 727/65/677 726/64/676 722/56/672 
f 723/57/673 728/71/678 727/72/677 721/58/671 
f 729/73/679 730/74/680 731/75/681 732/76/682 
f 730/74/680 733/77/683 734/78/684 731/75/681 
f 733/77/683 735/79/685 736/80/686 734/78/684 
f 735/79/685 737/81/687 738/82/688 736/80/686 
f 737/81/687 739/83/689 740/84/690 738/82/688 
f 739/83/689 741/85/691 742/86/692 740/84/690 
f 741/85/691 743/87/693 744/88/694 742/86/692 
f 743/87/693 745/89/695 746/90/696 744/88/694 
f 745/89/695 747/91/697 748/92/698 746/90/696 
f 747/91/697 749/93/699 750/94/700 748/92/698 
f 749/93/699 694/95/701 693/96/702 750/94/700 
f 751/97/703 752/98/704 753/99/705 754/100/706 
f 755/101/707 756/102/708 752/98/704 751/97/703 
f 757/103/709 758/104/710 756/102/708 755/101/707 
f 759/105/711 760/106/712 758/104/710 757/103/709 
f 761/107/713 762/108/714 760/106/712 759/105/711 
f 763/109/715 764/110/716 762/108/714 761/107/713 
f 765/111/717 766/112/718 764/110/716 763/109/715 
f 767/113/719 768/114/720 766/112/718 765/111/717 
f 769/115/721 770/116/722 768/114/720 767/113/719 
f 771/117/723 772/118/724 770/116/722 769/115/721 
f 696/119/725 695/120/726 772/118/724 771/117/723 
f 731/121/681 751/122/703 754/123/706 732/124/682 
f 734/125/684 755/126/707 751/122/703 731/121/681 
f 736/127/686 757/128/709 755/126/707 734/125/684 
f 738/129/688 759/130/711 757/128/709 736/127/686 
f 740/131/690 761/132/713 759/130/711 738/129/688 
f 742/133/692 763/134/715 761/132/713 740/131/690 
f 744/135/694 765/136/717 763/134/715 742/133/692 
f 746/137/696 767/138/719 765/136/717 744/135/694 
f 748/139/698 769/140/721 767/138/719 746/137/696 
f 750/141/700 771/142/723 769/140/721 748/139/698 
f 693/143/702 696/144/725 771/142/723 750/141/700 
f 749/145/699 772/146/724 695/147/726 694/148/701 
f 747/149/697 770/150/722 772/146/724 749/145/699 
f 745/151/695 768/152/720 770/150/722 747/149/697 
f 743/153/693 766/154/718 768/152/720 745/151/695 
f 741/155/691 764/156/716 766/154/718 743/153/693 
f 739/157/689 762/158/714 764/156/716 741/155/691 
f 737/159/687 760/160/712 762/158/714 739/157/689 
f 735/161/685 758/162/710 760/160/712 737/159/687 
f 733/163/683 756/164/708 758/162/710 735/161/685 
f 730/165/680 752/166/704 756/164/708 733/163/683 
f 729/167/679 753/168/705 752/166/704 730/165/680 
f 773/169/727 774/170/728 775/171/729 776/172/730 
f 777/173/731 773/169/727 776/172/730 778/174/732 
f 777/175/731 774/170/728 773/169/727 
f 775/171/729 778/176/732 776/172/730 
f 732/76/682 779/177/733 780/178/734 729/73/679 
f 753/99/705 781/179/735 782/180/736 754/100/706 
f 754/123/706 782/181/736 779/182/733 732/124/682 
f 729/167/679 780/183/734 781/184/735 753/168/705 
f 783/1/737 784/2/738 785/3/739 786/4/740 
f 787/5/741 788/6/742 789/7/743 790/8/744 
f 785/9/739 787/5/741 790/8/744 786/10/740 
f 785/11/739 784/12/738 788/13/742 787/14/741 
f 786/15/740 790/16/744 789/17/743 783/18/737 
f 783/1/737 791/19/745 792/20/746 784/2/738 
f 789/17/743 793/21/747 791/22/745 783/18/737 
f 788/6/742 794/23/748 793/24/747 789/7/743 
f 788/13/742 784/12/738 792/25/746 794/26/748 
f 795/27/749 796/28/750 797/29/751 798/30/752 
f 793/24/747 794/23/748 795/27/749 798/30/752 
f 794/26/748 792/25/746 796/31/750 795/32/749 
f 791/19/745 797/33/751 796/34/750 792/20/746 
f 793/21/747 798/35/752 797/36/751 791/22/745 
f 799/37/753 800/38/754 801/39/755 802/40/756 
f 803/41/757 804/42/758 805/43/759 806/44/760 
f 801/39/755 803/45/757 806/46/760 802/40/756 
f 801/47/755 800/48/754 804/49/758 803/50/757 
f 802/51/756 806/52/760 805/53/759 799/54/753 
f 799/37/753 807/55/761 808/56/762 800/38/754 
f 805/53/759 809/57/763 807/58/761 799/54/753 
f 804/42/758 810/59/764 809/60/763 805/43/759 
f 800/48/754 808/61/762 810/62/764 804/49/758 
f 811/63/765 812/64/766 813/65/767 814/66/768 
f 810/59/764 811/67/765 814/68/768 809/60/763 
f 810/62/764 808/61/762 812/69/766 811/70/765 
f 807/55/761 813/65/767 812/64/766 808/56/762 
f 809/57/763 814/71/768 813/72/767 807/58/761 
f 815/73/769 816/74/770 817/75/771 818/76/772 
f 816/74/770 819/77/773 820/78/774 817/75/771 
f 819/77/773 821/79/775 822/80/776 820/78/774 
f 821/79/775 823/81/777 824/82/778 822/80/776 
f 823/81/777 825/83/779 826/84/780 824/82/778 
f 825/83/779 827/85/781 828/86/782 826/84/780 
f 827/85/781 829/87/783 830/88/784 828/86/782 
f 829/87/783 831/89/785 832/90/786 830/88/784 
f 831/89/785 833/91/787 834/92/788 832/90/786 
f 833/91/787 835/93/789 836/94/790 834/92/788 
f 835/93/789 780/95/791 779/96/792 836/94/790 
f 837/97/793 838/98/794 839/99/795 840/100/796 
f 841/101/797 842/102/798 838/98/794 837/97/793 
f 843/103/799 844/104/800 842/102/798 841/101/797 
f 845/105/801 846/106/802 844/104/800 843/103/799 
f 847/107/803 848/108/804 846/106/802 845/105/801 
f 849/109/805 850/110/806 848/108/804 847/107/803 
f 851/111/807 852/112/808 850/110/806 849/109/805 
f 853/113/809 854/114/810 852/112/808 851/111/807 
f 855/115/811 856/116/812 854/114/810 853/113/809 
f 857/117/813 858/118/814 856/116/812 855/115/811 
f 782/119/815 781/120/816 858/118/814 857/117/813 
f 817/121/771 837/122/793 840/123/796 818/124/772 
f 820/125/774 841/126/797 837/122/793 817/121/771 
f 822/127/776 843/128/799 841/126/797 820/125/774 
f 824/129/778 845/130/801 843/128/799 822/127/776 
f 826/131/780 847/132/803 845/130/801 824/129/778 
f 828/133/782 849/134/805 847/132/803 826/131/780 
f 830/135/784 851/136/807 849/134/805 828/133/782 
f 832/137/786 853/138/809 851/136/807 830/135/784 
f 834/139/788 855/140/811 853/138/809 832/137/786 
f 836/141/790 857/142/813 855/140/811 834/139/788 
f 779/143/792 782/144/815 857/142/813 836/141/790 
f 835/145/789 858/146/814 781/147/816 780/148/791 
f 833/149/787 856/150/812 858/146/814 835/145/789 
f 831/151/785 854/152/810 856/150/812 833/149/787 
f 829/153/783 852/154/808 854/152/810 831/151/785 
f 827/155/781 850/156/806 852/154/808 829/153/783 
f 825/157/779 848/158/804 850/156/806 827/155/781 
f 823/159/777 846/160/802 848/158/804 825/157/779 
f 821/161/775 844/162/800 846/160/802 823/159/777 
f 819/163/773 842/164/798 844/162/800 821/161/775 
f 816/165/770 838/166/794 842/164/798 819/163/773 
f 815/167/769 839/168/795 838/166/794 816/165/770 
f 859/169/817 860/170/818 861/171/819 862/172/820 
f 863/173/821 859/169/817 862/172/820 864/174/822 
f 863/175/821 860/170/818 859/169/817 
f 861/171/819 864/176/822 862/172/820 
f 818/76/772 865/177/87 866/178/86 815/73/769 
f 839/99/795 867/179/89 868/180/88 840/100/796 
f 840/123/796 868/181/88 865/182/87 818/124/772 
f 815/167/769 866/183/86 867/184/89 839/168/795 
f 869/1/823 870/2/824 871/3/825 872/4/826 
f 873/5/827 874/6/828 875/7/829 876/8/830 
f 871/9/825 873/5/827 876/8/830 872/10/826 
f 871/11/825 870/12/824 874/13/828 873/14/827 
f 872/15/826 876/16/830 875/17/829 869/18/823 
f 869/1/823 877/19/831 878/20/832 870/2/824 
f 875/17/829 879/21/833 877/22/831 869/18/823 
f 874/6/828 880/23/834 879/24/833 875/7/829 
f 874/13/828 870/12/824 878/25/832 880/26/834 
f 881/27/835 882/28/836 883/29/837 884/30/838 
f 879/24/833 880/23/834 881/27/835 884/30/838 
f 880/26/834 878/25/832 882/31/836 881/32/835 
f 877/19/831 883/33/837 882/34/836 878/20/832 
f 879/21/833 884/35/838 883/36/837 877/22/831 
f 885/37/839 886/38/840 887/39/841 888/40/842 
f 889/41/843 890/42/844 891/43/845 892/44/846 
f 887/39/841 889/45/843 892/46/846 888/40/842 
f 887/47/841 886/48/840 890/49/844 889/50/843 
f 888/51/842 892/52/846 891/53/845 885/54/839 
f 885/37/839 893/55/847 894/56/848 886/38/840 
f 891/53/845 895/57/849 893/58/847 885/54/839 
f 890/42/844 896/59/850 895/60/849 891/43/845 
f 886/48/840 894/61/848 896/62/850 890/49/844 
f 897/63/851 898/64/852 899/65/853 900/66/854 
f 896/59/850 897/67/851 900/68/854 895/60/849 
f 896/62/850 894/61/848 898/69/852 897/70/851 
f 893/55/847 899/65/853 898/64/852 894/56/848 
f 895/57/849 900/71/854 899/72/853 893/58/847 
f 901/73/855 902/74/856 903/75/857 904/76/858 
f 902/74/856 905/77/859 906/78/860 903/75/857 
f 905/77/859 907/79/861 908/80/862 906/78/860 
f 907/79/861 909/81/863 910/82/864 908/80/862 
f 909/81/863 911/83/865 912/84/866 910/82/864 
f 911/83/865 913/85/867 914/86/868 912/84/866 
f 913/85/867 915/87/869 916/88/870 914/86/868 
f 915/87/869 917/89/871 918/90/872 916/88/870 
f 917/89/871 919/91/873 920/92/874 918/90/872 
f 919/91/873 921/93/875 922/94/876 920/92/874 
f 921/93/875 866/95/877 865/96/878 922/94/876 
f 923/97/879 924/98/880 925/99/881 926/100/882 
f 927/101/883 928/102/884 924/98/880 923/97/879 
f 929/103/885 930/104/886 928/102/884 927/101/883 
f 931/105/887 932/106/888 930/104/886 929/103/885 
f 933/107/889 934/108/890 932/106/888 931/105/887 
f 935/109/891 936/110/892 934/108/890 933/107/889 
f 937/111/893 938/112/894 936/110/892 935/109/891 
f 939/113/895 940/114/896 938/112/894 937/111/893 
f 941/115/897 942/116/898 940/114/896 939/113/895 
f 943/117/899 944/118/900 942/116/898 941/115/897 
f 868/119/901 867/120/902 944/118/900 943/117/899 
f 903/121/857 923/122/879 926/123/882 904/124/858 
f 906/125/860 927/126/883 923/122/879 903/121/857 
f 908/127/862 929/128/885 927/126/883 906/125/860 
f 910/129/864 931/130/887 929/128/885 908/127/862 
f 912/131/866 933/132/889 931/130/887 910/129/864 
f 914/133/868 935/134/891 933/132/889 912/131/866 
f 916/135/870 937/136/893 935/134/891 914/133/868 
f 918/137/872 939/138/895 937/136/893 916/135/870 
f 920/139/874 941/140/897 939/138/895 918/137/872 
f 922/141/876 943/142/899 941/140/897 920/139/874 
f 865/143/878 868/144/901 943/142/899 922/141/876 
f 921/145/875 944/146/900 867/147/902 866/148/877 
f 919/149/873 942/150/898 944/146/900 921/145/875 
f 917/151/871 940/152/896 942/150/898 919/149/873 
f 915/153/869 938/154/894 940/152/896 917/151/871 
f 913/155/867 936/156/892 938/154/894 915/153/869 
f 911/157/865 934/158/890 936/156/892 913/155/867 
f 909/159/863 932/160/888 934/158/890 911/157/865 
f 907/161/861 930/162/886 932/160/888 909/159/863 
f 905/163/859 928/164/884 930/162/886 907/161/861 
f 902/165/856 924/166/880 928/164/884 905/163/859 
f 901/167/855 925/168/881 924/166/880 902/165/856 
f 945/169/903 946/170/904 947/171/905 948/172/906 
f 949/173/907 945/169/903 948/172/906 950/174/908 
f 949/175/907 946/170/904 945/169/903 
f 947/171/905 950/176/908 948/172/906 
f 904/76/858 951/177/144 952/178/217 901/73/855 
f 925/99/881 953/179/218 954/180/145 926/100/882 
f 926/123/882 954/181/145 951/182/144 904/124/858 
f 901/167/855 952/183/217 953/184/218 925/168/881 
f 955/1/909 956/2/910 957/3/911 958/4/912 
f 959/5/913 960/6/914 961/7/915 962/8/916 
f 957/9/911 959/5/913 962/8/916 958/10/912 
f 957/11/911 956/12/910 960/13/914 959/14/913 
f 958/15/912 962/16/916 961/17/915 955/18/909 
f 955/1/909 963/19/917 964/20/918 956/2/910 
f 961/17/915 965/21/919 963/22/917 955/18/909 
f 960/6/914 966/23/920 965/24/919 961/7/915 
f 960/13/914 956/12/910 964/25/918 966/26/920 
f 967/27/921 968/28/922 969/29/923 970/30/924 
f 965/24/919 966/23/920 967/27/921 970/30/924 
f 966/26/920 964/25/918 968/31/922 967/32/921 
f 963/19/917 969/33/923 968/34/922 964/20/918 
f 965/21/919 970/35/924 969/36/923 963/22/917 
f 971/37/925 972/38/926 973/39/927 974/40/928 
f 975/41/929 976/42/930 977/43/931 978/44/932 
f 973/39/927 975/45/929 978/46/932 974/40/928 
f 973/47/927 972/48/926 976/49/930 975/50/929 
f 974/51/928 978/52/932 977/53/931 971/54/925 
f 971/37/925 979/55/933 980/56/934 972/38/926 
f 977/53/931 981/57/935 979/58/933 971/54/925 
f 976/42/930 982/59/936 981/60/935 977/43/931 
f 972/48/926 980/61/934 982/62/936 976/49/930 
f 983/63/937 984/64/938 985/65/939 986/66/940 
f 982/59/936 983/67/937 986/68/940 981/60/935 
f 982/62/936 980/61/934 984/69/938 983/70/937 
f 979/55/933 985/65/939 984/64/938 980/56/934 
f 981/57/935 986/71/940 985/72/939 979/58/933 
f 987/73/941 988/74/942 989/75/943 990/76/944 
f 988/74/942 991/77/945 992/78/946 989/75/943 
f 991/77/945 993/79/947 994/80/948 992/78/946 
f 993/79/947 995/81/949 996/82/950 994/80/948 
f 995/81/949 997/83/951 998/84/952 996/82/950 
f 997/83/951 999/85/953 1000/86/954 998/84/952 
f 999/85/953 1001/87/955 1002/88/956 1000/86/954 
f 1001/87/955 1003/89/957 1004/90/958 1002/88/956 
f 1003/89/957 1005/91/959 1006/92/960 1004/90/958 
f 1005/91/959 1007/93/961 1008/94/962 1006/92/960 
f 1007/93/961 952/95/963 951/96/964 1008/94/962 
f 1009/97/965 1010/98/966 1011/99/967 1012/100/968 
f 1013/101/969 1014/102/970 1010/98/966 1009/97/965 
f 1015/103/971 1016/104/972 1014/102/970 1013/101/969 
f 1017/105/973 1018/106/974 1016/104/972 1015/103/971 
f 1019/107/975 1020/108/976 1018/106/974 1017/105/973 
f 1021/109/977 1022/110/978 1020/108/976 1019/107/975 
f 1023/111/979 1024/112/980 1022/110/978 1021/109/977 
f 1025/113/981 1026/114/982 1024/112/980 1023/111/979 
f 1027/115/983 1028/116/984 1026/114/982 1025/113/981 
f 1029/117/985 1030/118/986 1028/116/984 1027/115/983 
f 954/119/987 953/120/988 1030/118/986 1029/117/985 
f 989/121/943 1009/122/965 1012/123/968 990/124/944 
f 992/125/946 1013/126/969 1009/122/965 989/121/943 
f 994/127/948 1015/128/971 1013/126/969 992/125/946 
f 996/129/950 1017/130/973 1015/128/971 994/127/948 
f 998/131/952 1019/132/975 1017/130/973 996/129/950 
f 1000/133/954 1021/134/977 1019/132/975 998/131/952 
f 1002/135/956 1023/136/979 1021/134/977 1000/133/954 
f 1004/137/958 1025/138/981 1023/136/979 1002/135/956 
f 1006/139/960 1027/140/983 1025/138/981 1004/137/958 
f 1008/141/962 1029/142/985 1027/140/983 1006/139/960 
f 951/143/964 954/144/987 1029/142/985 1008/141/962 
f 1007/145/961 1030/146/986 953/147/988 952/148/963 
f 1005/149/959 1028/150/984 1030/146/986 1007/145/961 
f 1003/151/957 1026/152/982 1028/150/984 1005/149/959 
f 1001/153/955 1024/154/980 1026/152/982 1003/151/957 
f 999/155/953 1022/156/978 1024/154/980 1001/153/955 
f 997/157/951 1020/158/976 1022/156/978 999/155/953 
f 995/159/949 1018/160/974 1020/158/976 997/157/951 
f 993/161/947 1016/162/972 1018/160/974 995/159/949 
f 991/163/945 1014/164/970 1016/162/972 993/161/947 
f 988/165/942 1010/166/966 1014/164/970 991/163/945 
f 987/167/941 1011/168/967 1010/166/966 988/165/942 
f 1031/169/989 1032/170/990 1033/171/991 1034/172/992 
f 1035/173/993 1031/169/989 1034/172/992 1036/174/994 
f 1035/175/993 1032/170/990 1031/169/989 
f 1033/171/991 1036/176/994 1034/172/992 
f 990/76/944 1037/177/144 1038/178/217 987/73/941 
f 1011/99/967 1039/179/218 1040/180/145 1012/100/968 
f 1012/123/968 1040/181/145 1037/182/144 990/124/944 
f 987/167/941 1038/183/217 1039/184/218 1011/168/967 
f 1041/1/995 1042/2/996 1043/3/997 1044/4/998 
f 1045/5/999 1046/6/1000 1047/7/1001 1048/8/1002 
f 1043/9/997 1045/5/999 1048/8/1002 1044/10/998 
f 1043/11/997 1042/12/996 1046/13/1000 1045/14/999 
f 1044/15/998 1048/16/1002 1047/17/1001 1041/18/995 
f 1041/1/995 1049/19/1003 1050/20/1004 1042/2/996 
f 1047/17/1001 1051/21/1005 1049/22/1003 1041/18/995 
f 1046/6/1000 1052/23/1006 1051/24/1005 1047/7/1001 
f 1046/13/1000 1042/12/996 1050/25/1004 1052/26/1006 
f 1053/27/1007 1054/28/1008 1055/29/1009 1056/30/1010 
f 1051/24/1005 1052/23/1006 1053/27/1007 1056/30/1010 
f 1052/26/1006 1050/25/1004 1054/31/1008 1053/32/1007 
f 1049/19/1003 1055/33/1009 1054/34/1008 1050/20/1004 
f 1051/21/1005 1056/35/1010 1055/36/1009 1049/22/1003 
f 1057/37/1011 1058/38/1012 1059/39/1013 1060/40/1014 
f 1061/41/1015 1062/42/1016 1063/43/1017 1064/44/1018 
f 1059/39/1013 1061/45/1015 1064/46/1018 1060/40/1014 
f 1059/47/1013 1058/48/1012 1062/49/1016 1061/50/1015 
f 1060/51/1014 1064/52/1018 1063/53/1017 1057/54/1011 
f 1057/37/1011 1065/55/1019 1066/56/1020 1058/38/1012 
f 1063/53/1017 1067/57/1021 1065/58/1019 1057/54/1011 
f 1062/42/1016 1068/59/1022 1067/60/1021 1063/43/1017 
f 1058/48/1012 1066/61/1020 1068/62/1022 1062/49/1016 
f 1069/63/1023 1070/64/1024 1071/65/1025 1072/66/1026 
f 1068/59/1022 1069/67/1023 1072/68/1026 1067/60/1021 
f 1068/62/1022 1066/61/1020 1070/69/1024 1069/70/1023 
f 1065/55/1019 1071/65/1025 1070/64/1024 1066/56/1020 
f 1067/57/1021 1072/71/1026 1071/72/1025 1065/58/1019 
f 1073/73/1027 1074/74/1028 1075/75/1029 1076/76/1030 
f 1074/74/1028 1077/77/1031 1078/78/1032 1075/75/1029 
f 1077/77/1031 1079/79/1033 1080/80/1034 1078/78/1032 
f 1079/79/1033 1081/81/1035 1082/82/1036 1080/80/1034 
f 1081/81/1035 1083/83/1037 1084/84/1038 1082/82/1036 
f 1083/83/1037 1085/85/1039 1086/86/1040 1084/84/1038 
f 1085/85/1039 1087/87/1041 1088/88/1042 1086/86/1040 
f 1087/87/1041 1089/89/1043 1090/90/1044 1088/88/1042 
f 1089/89/1043 1091/91/1045 1092/92/1046 1090/90/1044 
f 1091/91/1045 1093/93/1047 1094/94/1048 1092/92/1046 
f 1093/93/1047 1038/95/1049 1037/96/1050 1094/94/1048 
f 1095/97/1051 1096/98/1052 1097/99/1053 1098/100/1054 
f 1099/101/1055 1100/102/1056 1096/98/1052 1095/97/1051 
f 1101/103/1057 1102/104/1058 1100/102/1056 1099/101/1055 
f 1103/105/1059 1104/106/1060 1102/104/1058 1101/103/1057 
f 1105/107/1061 1106/108/1062 1104/106/1060 1103/105/1059 
f 1107/109/1063 1108/110/1064 1106/108/1062 1105/107/1061 
f 1109/111/1065 1110/112/1066 1108/110/1064 1107/109/1063 
f 1111/113/1067 1112/114/1068 1110/112/1066 1109/111/1065 
f 1113/115/1069 1114/116/1070 1112/114/1068 1111/113/1067 
f 1115/117/1071 1116/118/1072 1114/116/1070 1113/115/1069 
f 1040/119/1073 1039/120/1074 1116/118/1072 1115/117/1071 
f 1075/121/1029 1095/122/1051 1098/123/1054 1076/124/1030 
f 1078/125/1032 1099/126/1055 1095/122/1051 1075/121/1029 
f 1080/127/1034 1101/128/1057 1099/126/1055 1078/125/1032 
f 1082/129/1036 1103/130/1059 1101/128/1057 1080/127/1034 
f 1084/131/1038 1105/132/1061 1103/130/1059 1082/129/1036 
f 1086/133/1040 1107/134/1063 1105/132/1061 1084/131/1038 
f 1088/135/1042 1109/136/1065 1107/134/1063 1086/133/1040 
f 1090/137/1044 1111/138/1067 1109/136/1065 1088/135/1042 
f 1092/139/1046 1113/140/1069 1111/138/1067 1090/137/1044 
f 1094/141/1048 1115/142/1071 1113/140/1069 1092/139/1046 
f 1037/143/1050 1040/144/1073 1115/142/1071 1094/141/1048 
f 1093/145/1047 1116/146/1072 1039/147/1074 1038/148/1049 
f 1091/149/1045 1114/150/1070 1116/146/1072 1093/145/1047 
f 1089/151/1043 1112/152/1068 1114/150/1070 1091/149/1045 
f 1087/153/1041 1110/154/1066 1112/152/1068 1089/151/1043 
f 1085/155/1039 1108/156/1064 1110/154/1066 1087/153/1041 
f 1083/157/1037 1106/158/1062 1108/156/1064 1085/155/1039 
f 1081/159/1035 1104/160/1060 1106/158/1062 1083/157/1037 
f 1079/161/1033 1102/162/1058 1104/160/1060 1081/159/1035 
f 1077/163/1031 1100/164/1056 1102/162/1058 1079/161/1033 
f 1074/165/1028 1096/166/1052 1100/164/1056 1077/163/1031 
f 1073/167/1027 1097/168/1053 1096/166/1052 1074/165/1028 
f 1117/169/1075 1118/170/1076 1119/171/1077 1120/172/1078 
f 1121/173/1079 1117/169/1075 1120/172/1078 1122/174/1080 
f 1121/175/1079 1118/170/1076 1117/169/1075 
f 1119/171/1077 1122/176/1080 1120/172/1078 
f 1076/76/1030 1123/177/144 1124/178/86 1073/73/1027 
f 1097/99/1053 1125/179/89 1126/180/145 1098/100/1054 
f 1098/123/1054 1126/181/145 1123/182/144 1076/124/1030 
f 1073/167/1027 1124/183/86 1125/184/89 1097/168/1053 
f 1127/1/1081 1128/2/1082 1129/3/1083 1130/4/1084 
f 1131/5/1085 1132/6/1086 1133/7/1087 1134/8/1088 
f 1129/9/1083 1131/5/1085 1134/8/1088 1130/10/1084 
f 1129/11/1083 1128/12/1082 1132/13/1086 1131/14/1085 
f 1130/15/1084 1134/16/1088 1133/17/1087 1127/18/1081 
f 1127/1/1081 1135/19/1089 1136/20/1090 1128/2/1082 
f 1133/17/1087 1137/21/1091 1135/22/1089 1127/18/1081 
f 1132/6/1086 1138/23/1092 1137/24/1091 1133/7/1087 
f 1132/13/1086 1128/12/1082 1136/25/1090 1138/26/1092 
f 1139/27/1093 1140/28/1094 1141/29/1095 1142/30/1096 
f 1137/24/1091 1138/23/1092 1139/27/1093 1142/30/1096 
f 1138/26/1092 1136/25/1090 1140/31/1094 1139/32/1093 
f 1135/19/1089 1141/33/1095 1140/34/1094 1136/20/1090 
f 1137/21/1091 1142/35/1096 1141/36/1095 1135/22/1089 
f 1143/37/1097 1144/38/1098 1145/39/1099 1146/40/1100 
f 1147/41/1101 1148/42/1102 1149/43/1103 1150/44/1104 
f 1145/39/1099 1147/45/1101 1150/46/1104 1146/40/1100 
f 1145/47/1099 1144/48/1098 1148/49/1102 1147/50/1101 
f 1146/51/1100 1150/52/1104 1149/53/1103 1143/54/1097 
f 1143/37/1097 1151/55/1105 1152/56/1106 1144/38/1098 
f 1149/53/1103 1153/57/1107 1151/58/1105 1143/54/1097 
f 1148/42/1102 1154/59/1108 1153/60/1107 1149/43/1103 
f 1144/48/1098 1152/61/1106 1154/62/1108 1148/49/1102 
f 1155/63/1109 1156/64/1110 1157/65/1111 1158/66/1112 
f 1154/59/1108 1155/67/1109 1158/68/1112 1153/60/1107 
f 1154/62/1108 1152/61/1106 1156/69/1110 1155/70/1109 
f 1151/55/1105 1157/65/1111 1156/64/1110 1152/56/1106 
f 1153/57/1107 1158/71/1112 1157/72/1111 1151/58/1105 
f 1159/73/1113 1160/74/1114 1161/75/1115 1162/76/1116 
f 1160/74/1114 1163/77/1117 1164/78/1118 1161/75/1115 
f 1163/77/1117 1165/79/1119 1166/80/1120 1164/78/1118 
f 1165/79/1119 1167/81/1121 1168/82/1122 1166/80/1120 
f 1167/81/1121 1169/83/1123 1170/84/1124 1168/82/1122 
f 1169/83/1123 1171/85/1125 1172/86/1126 1170/84/1124 
f 1171/85/1125 1173/87/1127 1174/88/1128 1172/86/1126 
f 1173/87/1127 1175/89/36 1176/90/33 1174/88/1128 
f 1175/89/36 1177/91/178 1178/92/177 1176/90/33 
f 1177/91/178 1179/93/1129 1180/94/1130 1178/92/177 
f 1179/93/1129 1124/95/1131 1123/96/1132 1180/94/1130 
f 1181/97/1133 1182/98/1134 1183/99/1135 1184/100/1136 
f 1185/101/1137 1186/102/1138 1182/98/1134 1181/97/1133 
f 1187/103/1139 1188/104/1140 1186/102/1138 1185/101/1137 
f 1189/105/1141 1190/106/1142 1188/104/1140 1187/103/1139 
f 1191/107/1143 1192/108/1144 1190/106/1142 1189/105/1141 
f 1193/109/1145 1194/110/1146 1192/108/1144 1191/107/1143 
f 1195/111/1147 1196/112/1148 1194/110/1146 1193/109/1145 
f 1197/113/58 1198/114/59 1196/112/1148 1195/111/1147 
f 1199/115/200 1200/116/199 1198/114/59 1197/113/58 
f 1201/117/1149 1202/118/1150 1200/116/199 1199/115/200 
f 1126/119/1151 1125/120/1152 1202/118/1150 1201/117/1149 
f 1161/121/1115 1181/122/1133 1184/123/1136 1162/124/1116 
f 1164/125/1118 1185/126/1137 1181/122/1133 1161/121/1115 
f 1166/127/1120 1187/128/1139 1185/126/1137 1164/125/1118 
f 1168/129/1122 1189/130/1141 1187/128/1139 1166/127/1120 
f 1170/131/1124 1191/132/1143 1189/130/1141 1168/129/1122 
f 1172/133/1126 1193/134/1145 1191/132/1143 1170/131/1124 
f 1174/135/1128 1195/136/1147 1193/134/1145 1172/133/1126 
f 1176/137/33 1197/138/58 1195/136/1147 1174/135/1128 
f 1178/139/177 1199/140/200 1197/138/58 1176/137/33 
f 1180/141/1130 1201/142/1149 1199/140/200 1178/139/177 
f 1123/143/1132 1126/144/1151 1201/142/1149 1180/141/1130 
f 1179/145/1129 1202/146/1150 1125/147/1152 1124/148/1131 
f 1177/149/178 1200/150/199 1202/146/1150 1179/145/1129 
f 1175/151/36 1198/152/59 1200/150/199 1177/149/178 
f 1173/153/1127 1196/154/1148 1198/152/59 1175/151/36 
f 1171/155/1125 1194/156/1146 1196/154/1148 1173/153/1127 
f 1169/157/1123 1192/158/1144 1194/156/1146 1171/155/1125 
f 1167/159/1121 1190/160/1142 1192/158/1144 1169/157/1123 
f 1165/161/1119 1188/162/1140 1190/160/1142 1167/159/1121 
f 1163/163/1117 1186/164/1138 1188/162/1140 1165/161/1119 
f 1160/165/1114 1182/166/1134 1186/164/1138 1163/163/1117 
f 1159/167/1113 1183/168/1135 1182/166/1134 1160/165/1114 
f 1203/169/1153 1204/170/1154 1205/171/1155 1206/172/1156 
f 1207/173/1157 1203/169/1153 1206/172/1156 1208/174/1158 
f 1207/175/1157 1204/170/1154 1203/169/1153 
f 1205/171/1155 1208/176/1158 1206/172/1156 
f 1162/76/1116 1209/177/144 1210/178/86 1159/73/1113 
f 1183/99/1135 1211/179/89 1212/180/145 1184/100/1136 
f 1184/123/1136 1212/181/145 1209/182/144 1162/124/1116 
f 1159/167/1113 1210/183/86 1211/184/89 1183/168/1135 
f 1213/1/1159 1214/2/1160 1215/3/1161 1216/4/1162 
f 1217/5/1163 1218/6/1164 1219/7/1165 1220/8/1166 
f 1215/9/1161 1217/5/1163 1220/8/1166 1216/10/1162 
f 1215/11/1161 1214/12/1160 1218/13/1164 1217/14/1163 
f 1216/15/1162 1220/16/1166 1219/17/1165 1213/18/1159 
f 1213/1/1159 1221/19/1167 1222/20/1168 1214/2/1160 
f 1219/17/1165 1223/21/1169 1221/22/1167 1213/18/1159 
f 1218/6/1164 1224/23/1170 1223/24/1169 1219/7/1165 
f 1218/13/1164 1214/12/1160 1222/25/1168 1224/26/1170 
f 1225/27/1171 1226/28/1172 1227/29/1173 1228/30/1174 
f 1223/24/1169 1224/23/1170 1225/27/1171 1228/30/1174 
f 1224/26/1170 1222/25/1168 1226/31/1172 1225/32/1171 
f 1221/19/1167 1227/33/1173 1226/34/1172 1222/20/1168 
f 1223/21/1169 1228/35/1174 1227/36/1173 1221/22/1167 
f 1229/37/1175 1230/38/1176 1231/39/1099 1232/40/1100 
f 1233/41/1101 1234/42/1177 1235/43/1178 1236/44/1104 
f 1231/39/1099 1233/45/1101 1236/46/1104 1232/40/1100 
f 1231/47/1099 1230/48/1176 1234/49/1177 1233/50/1101 
f 1232/51/1100 1236/52/1104 1235/53/1178 1229/54/1175 
f 1229/37/1175 1237/55/1179 1238/56/1180 1230/38/1176 
f 1235/53/1178 1239/57/1181 1237/58/1179 1229/54/1175 
f 1234/42/1177 1240/59/1182 1239/60/1181 1235/43/1178 
f 1230/48/1176 1238/61/1180 1240/62/1182 1234/49/1177 
f 1241/63/1183 1242/64/1184 1243/65/1185 1244/66/1186 
f 1240/59/1182 1241/67/1183 1244/68/1186 1239/60/1181 
f 1240/62/1182 1238/61/1180 1242/69/1184 1241/70/1183 
f 1237/55/1179 1243/65/1185 1242/64/1184 1238/56/1180 
f 1239/57/1181 1244/71/1186 1243/72/1185 1237/58/1179 
f 1245/73/1187 1246/74/1188 1247/75/1189 1248/76/1190 
f 1246/74/1188 1249/77/1191 1250/78/1192 1247/75/1189 
f 1249/77/1191 1251/79/1193 1252/80/1194 1250/78/1192 
f 1251/79/1193 1253/81/1195 1254/82/1196 1252/80/1194 
f 1253/81/1195 1255/83/1197 1256/84/1198 1254/82/1196 
f 1255/83/1197 1257/85/1199 1258/86/1200 1256/84/1198 
f 1257/85/1199 1259/87/1201 1260/88/1202 1258/86/1200 
f 1259/87/1201 1261/89/1203 1262/90/1204 1260/88/1202 
f 1261/89/1203 1263/91/1205 1264/92/1206 1262/90/1204 
f 1263/91/1205 1265/93/1207 1266/94/1208 1264/92/1206 
f 1265/93/1207 1210/95/1209 1209/96/1210 1266/94/1208 
f 1267/97/1211 1268/98/1212 1269/99/1213 1270/100/1214 
f 1271/101/1215 1272/102/1216 1268/98/1212 1267/97/1211 
f 1273/103/1217 1274/104/1218 1272/102/1216 1271/101/1215 
f 1275/105/1219 1276/106/1220 1274/104/1218 1273/103/1217 
f 1277/107/1221 1278/108/1222 1276/106/1220 1275/105/1219 
f 1279/109/1223 1280/110/1224 1278/108/1222 1277/107/1221 
f 1281/111/1225 1282/112/1226 1280/110/1224 1279/109/1223 
f 1283/113/1227 1284/114/1228 1282/112/1226 1281/111/1225 
f 1285/115/1229 1286/116/1230 1284/114/1228 1283/113/1227 
f 1287/117/1231 1288/118/1232 1286/116/1230 1285/115/1229 
f 1212/119/1233 1211/120/1234 1288/118/1232 1287/117/1231 
f 1247/121/1189 1267/122/1211 1270/123/1214 1248/124/1190 
f 1250/125/1192 1271/126/1215 1267/122/1211 1247/121/1189 
f 1252/127/1194 1273/128/1217 1271/126/1215 1250/125/1192 
f 1254/129/1196 1275/130/1219 1273/128/1217 1252/127/1194 
f 1256/131/1198 1277/132/1221 1275/130/1219 1254/129/1196 
f 1258/133/1200 1279/134/1223 1277/132/1221 1256/131/1198 
f 1260/135/1202 1281/136/1225 1279/134/1223 1258/133/1200 
f 1262/137/1204 1283/138/1227 1281/136/1225 1260/135/1202 
f 1264/139/1206 1285/140/1229 1283/138/1227 1262/137/1204 
f 1266/141/1208 1287/142/1231 1285/140/1229 1264/139/1206 
f 1209/143/1210 1212/144/1233 1287/142/1231 1266/141/1208 
f 1265/145/1207 1288/146/1232 1211/147/1234 1210/148/1209 
f 1263/149/1205 1286/150/1230 1288/146/1232 1265/145/1207 
f 1261/151/1203 1284/152/1228 1286/150/1230 1263/149/1205 
f 1259/153/1201 1282/154/1226 1284/152/1228 1261/151/1203 
f 1257/155/1199 1280/156/1224 1282/154/1226 1259/153/1201 
f 1255/157/1197 1278/158/1222 1280/156/1224 1257/155/1199 
f 1253/159/1195 1276/160/1220 1278/158/1222 1255/157/1197 
f 1251/161/1193 1274/162/1218 1276/160/1220 1253/159/1195 
f 1249/163/1191 1272/164/1216 1274/162/1218 1251/161/1193 
f 1246/165/1188 1268/166/1212 1272/164/1216 1249/163/1191 
f 1245/167/1187 1269/168/1213 1268/166/1212 1246/165/1188 
f 1289/169/1235 1290/170/1236 1291/171/1237 1292/172/1238 
f 1293/173/1239 1289/169/1235 1292/172/1238 1294/174/1240 
f 1293/175/1239 1290/170/1236 1289/169/1235 
f 1291/171/1237 1294/176/1240 1292/172/1238 
f 1248/76/1190 1295/177/144 1296/178/86 1245/73/1187 
f 1269/99/1213 1297/179/89 1298/180/145 1270/100/1214 
f 1270/123/1214 1298/181/145 1295/182/144 1248/124/1190 
f 1245/167/1187 1296/183/86 1297/184/89 1269/168/1213 
f 1299/1/1241 1300/2/1242 1301/3/1243 1302/4/1244 
f 1303/5/1245 1304/6/1246 1305/7/1247 1306/8/1248 
f 1301/9/1243 1303/5/1245 1306/8/1248 1302/10/1244 
f 1301/11/1243 1300/12/1242 1304/13/1246 1303/14/1245 
f 1302/15/1244 1306/16/1248 1305/17/1247 1299/18/1241 
f 1299/1/1241 1307/19/1249 1308/20/1250 1300/2/1242 
f 1305/17/1247 1309/21/1251 1307/22/1249 1299/18/1241 
f 1304/6/1246 1310/23/1252 1309/24/1251 1305/7/1247 
f 1304/13/1246 1300/12/1242 1308/25/1250 1310/26/1252 
f 1311/27/1253 1312/28/1254 1313/29/1255 1314/30/1256 
f 1309/24/1251 1310/23/1252 1311/27/1253 1314/30/1256 
f 1310/26/1252 1308/25/1250 1312/31/1254 1311/32/1253 
f 1307/19/1249 1313/33/1255 1312/34/1254 1308/20/1250 
f 1309/21/1251 1314/35/1256 1313/36/1255 1307/22/1249 
f 1315/37/1257 1316/38/1258 1317/39/1099 1318/40/1100 
f 1319/41/1101 1320/42/1259 1321/43/1260 1322/44/1104 
f 1317/39/1099 1319/45/1101 1322/46/1104 1318/40/1100 
f 1317/47/1099 1316/48/1258 1320/49/1259 1319/50/1101 
f 1318/51/1100 1322/52/1104 1321/53/1260 1315/54/1257 
f 1315/37/1257 1323/55/1261 1324/56/1262 1316/38/1258 
f 1321/53/1260 1325/57/1263 1323/58/1261 1315/54/1257 
f 1320/42/1259 1326/59/1264 1325/60/1263 1321/43/1260 
f 1316/48/1258 1324/61/1262 1326/62/1264 1320/49/1259 
f 1327/63/1265 1328/64/1266 1329/65/1267 1330/66/1268 
f 1326/59/1264 1327/67/1265 1330/68/1268 1325/60/1263 
f 1326/62/1264 1324/61/1262 1328/69/1266 1327/70/1265 
f 1323/55/1261 1329/65/1267 1328/64/1266 1324/56/1262 
f 1325/57/1263 1330/71/1268 1329/72/1267 1323/58/1261 
f 1331/73/1269 1332/74/1270 1333/75/1271 1334/76/1272 
f 1332/74/1270 1335/77/1273 1336/78/1274 1333/75/1271 
f 1335/77/1273 1337/79/1275 1338/80/1276 1336/78/1274 
f 1337/79/1275 1339/81/1277 1340/82/1278 1338/80/1276 
f 1339/81/1277 1341/83/1279 1342/84/1280 1340/82/1278 
f 1341/83/1279 1343/85/1281 1344/86/1282 1342/84/1280 
f 1343/85/1281 1345/87/1277 1346/88/1278 1344/86/1282 
f 1345/87/1277 1347/89/1279 1348/90/1280 1346/88/1278 
f 1347/89/1279 1349/91/1283 1350/92/1284 1348/90/1280 
f 1349/91/1283 1351/93/1285 1352/94/1286 1350/92/1284 
f 1351/93/1285 1296/95/1287 1295/96/1288 1352/94/1286 
f 1353/97/1289 1354/98/1290 1355/99/1291 1356/100/1292 
f 1357/101/1293 1358/102/1294 1354/98/1290 1353/97/1289 
f 1359/103/1295 1360/104/1296 1358/102/1294 1357/101/1293 
f 1361/105/1297 1362/106/1298 1360/104/1296 1359/103/1295 
f 1363/107/1299 1364/108/1300 1362/106/1298 1361/105/1297 
f 1365/109/1301 1366/110/1302 1364/108/1300 1363/107/1299 
f 1367/111/1297 1368/112/1298 1366/110/1302 1365/109/1301 
f 1369/113/1299 1370/114/1300 1368/112/1298 1367/111/1297 
f 1371/115/1303 1372/116/1304 1370/114/1300 1369/113/1299 
f 1373/117/1305 1374/118/1306 1372/116/1304 1371/115/1303 
f 1298/119/1307 1297/120/1308 1374/118/1306 1373/117/1305 
f 1333/121/1271 1353/122/1289 1356/123/1292 1334/124/1272 
f 1336/125/1274 1357/126/1293 1353/122/1289 1333/121/1271 
f 1338/127/1276 1359/128/1295 1357/126/1293 1336/125/1274 
f 1340/129/1278 1361/130/1297 1359/128/1295 1338/127/1276 
f 1342/131/1280 1363/132/1299 1361/130/1297 1340/129/1278 
f 1344/133/1282 1365/134/1301 1363/132/1299 1342/131/1280 
f 1346/135/1278 1367/136/1297 1365/134/1301 1344/133/1282 
f 1348/137/1280 1369/138/1299 1367/136/1297 1346/135/1278 
f 1350/139/1284 1371/140/1303 1369/138/1299 1348/137/1280 
f 1352/141/1286 1373/142/1305 1371/140/1303 1350/139/1284 
f 1295/143/1288 1298/144/1307 1373/142/1305 1352/141/1286 
f 1351/145/1285 1374/146/1306 1297/147/1308 1296/148/1287 
f 1349/149/1283 1372/150/1304 1374/146/1306 1351/145/1285 
f 1347/151/1279 1370/152/1300 1372/150/1304 1349/149/1283 
f 1345/153/1277 1368/154/1298 1370/152/1300 1347/151/1279 
f 1343/155/1281 1366/156/1302 1368/154/1298 1345/153/1277 
f 1341/157/1279 1364/158/1300 1366/156/1302 1343/155/1281 
f 1339/159/1277 1362/160/1298 1364/158/1300 1341/157/1279 
f 1337/161/1275 1360/162/1296 1362/160/1298 1339/159/1277 
f 1335/163/1273 1358/164/1294 1360/162/1296 1337/161/1275 
f 1332/165/1270 1354/166/1290 1358/164/1294 1335/163/1273 
f 1331/167/1269 1355/168/1291 1354/166/1290 1332/165/1270 
f 1375/169/1309 1376/170/1310 1377/171/1311 1378/172/1312 
f 1379/173/1313 1375/169/1309 1378/172/1312 1380/174/1314 
f 1379/175/1313 1376/170/1310 1375/169/1309 
f 1377/171/1311 1380/176/1314 1378/172/1312 
f 1334/76/1272 1381/177/144 1382/178/86 1331/73/1269 
f 1355/99/1291 1383/179/89 1384/180/145 1356/100/1292 
f 1356/123/1292 1384/181/145 1381/182/144 1334/124/1272 
f 1331/167/1269 1382/183/86 1383/184/89 1355/168/1291 
f 1385/1/1315 1386/2/1160 1387/3/1316 1388/4/1317 
f 1389/5/1318 1390/6/1319 1391/7/1165 1392/8/1320 
f 1387/9/1316 1389/5/1318 1392/8/1320 1388/10/1317 
f 1387/11/1316 1386/12/1160 1390/13/1319 1389/14/1318 
f 1388/15/1317 1392/16/1320 1391/17/1165 1385/18/1315 
f 1385/1/1315 1393/19/1321 1394/20/1168 1386/2/1160 
f 1391/17/1165 1395/21/1322 1393/22/1321 1385/18/1315 
f 1390/6/1319 1396/23/1323 1395/24/1322 1391/7/1165 
f 1390/13/1319 1386/12/1160 1394/25/1168 1396/26/1323 
f 1397/27/1171 1398/28/1324 1399/29/1325 1400/30/1326 
f 1395/24/1322 1396/23/1323 1397/27/1171 1400/30/1326 
f 1396/26/1323 1394/25/1168 1398/31/1324 1397/32/1171 
f 1393/19/1321 1399/33/1325 1398/34/1324 1394/20/1168 
f 1395/21/1322 1400/35/1326 1399/36/1325 1393/22/1321 
f 1401/37/1327 1402/38/1328 1403/39/1099 1404/40/1100 
f 1405/41/1101 1406/42/1259 1407/43/1329 1408/44/1104 
f 1403/39/1099 1405/45/1101 1408/46/1104 1404/40/1100 
f 1403/47/1099 1402/48/1328 1406/49/1259 1405/50/1101 
f 1404/51/1100 1408/52/1104 1407/53/1329 1401/54/1327 
f 1401/37/1327 1409/55/1261 1410/56/1330 1402/38/1328 
f 1407/53/1329 1411/57/1331 1409/58/1261 1401/54/1327 
f 1406/42/1259 1412/59/1332 1411/60/1331 1407/43/1329 
f 1402/48/1328 1410/61/1330 1412/62/1332 1406/49/1259 
f 1413/63/1265 1414/64/1333 1415/65/1334 1416/66/1335 
f 1412/59/1332 1413/67/1265 1416/68/1335 1411/60/1331 
f 1412/62/1332 1410/61/1330 1414/69/1333 1413/70/1265 
f 1409/55/1261 1415/65/1334 1414/64/1333 1410/56/1330 
f 1411/57/1331 1416/71/1335 1415/72/1334 1409/58/1261 
f 1417/73/1113 1418/74/1336 1419/75/1337 1420/76/1116 
f 1418/74/1336 1421/77/1338 1422/78/1339 1419/75/1337 
f 1421/77/1338 1423/79/1205 1424/80/1206 1422/78/1339 
f 1423/79/1205 1425/81/1340 1426/82/1341 1424/80/1206 
f 1425/81/1340 1427/83/1342 1428/84/1343 1426/82/1341 
f 1427/83/1342 1429/85/1199 1430/86/1200 1428/84/1343 
f 1429/85/1199 1431/87/1344 1432/88/1345 1430/86/1200 
f 1431/87/1344 1433/89/1346 1434/90/1347 1432/88/1345 
f 1433/89/1346 1435/91/1193 1436/92/1194 1434/90/1347 
f 1435/91/1193 1437/93/1348 1438/94/1349 1436/92/1194 
f 1437/93/1348 1382/95/1350 1381/96/1351 1438/94/1349 
f 1439/97/1352 1440/98/1353 1441/99/1135 1442/100/1136 
f 1443/101/1354 1444/102/1355 1440/98/1353 1439/97/1352 
f 1445/103/1229 1446/104/1230 1444/102/1355 1443/101/1354 
f 1447/105/1356 1448/106/1357 1446/104/1230 1445/103/1229 
f 1449/107/1358 1450/108/1359 1448/106/1357 1447/105/1356 
f 1451/109/1223 1452/110/1224 1450/108/1359 1449/107/1358 
f 1453/111/1360 1454/112/1361 1452/110/1224 1451/109/1223 
f 1455/113/1362 1456/114/1363 1454/112/1361 1453/111/1360 
f 1457/115/1217 1458/116/1218 1456/114/1363 1455/113/1362 
f 1459/117/1364 1460/118/1365 1458/116/1218 1457/115/1217 
f 1384/119/1366 1383/120/1367 1460/118/1365 1459/117/1364 
f 1419/121/1337 1439/122/1352 1442/123/1136 1420/124/1116 
f 1422/125/1339 1443/126/1354 1439/122/1352 1419/121/1337 
f 1424/127/1206 1445/128/1229 1443/126/1354 1422/125/1339 
f 1426/129/1341 1447/130/1356 1445/128/1229 1424/127/1206 
f 1428/131/1343 1449/132/1358 1447/130/1356 1426/129/1341 
f 1430/133/1200 1451/134/1223 1449/132/1358 1428/131/1343 
f 1432/135/1345 1453/136/1360 1451/134/1223 1430/133/1200 
f 1434/137/1347 1455/138/1362 1453/136/1360 1432/135/1345 
f 1436/139/1194 1457/140/1217 1455/138/1362 1434/137/1347 
f 1438/141/1349 1459/142/1364 1457/140/1217 1436/139/1194 
f 1381/143/1351 1384/144/1366 1459/142/1364 1438/141/1349 
f 1437/145/1348 1460/146/1365 1383/147/1367 1382/148/1350 
f 1435/149/1193 1458/150/1218 1460/146/1365 1437/145/1348 
f 1433/151/1346 1456/152/1363 1458/150/1218 1435/149/1193 
f 1431/153/1344 1454/154/1361 1456/152/1363 1433/151/1346 
f 1429/155/1199 1452/156/1224 1454/154/1361 1431/153/1344 
f 1427/157/1342 1450/158/1359 1452/156/1224 1429/155/1199 
f 1425/159/1340 1448/160/1357 1450/158/1359 1427/157/1342 
f 1423/161/1205 1446/162/1230 1448/160/1357 1425/159/1340 
f 1421/163/1338 1444/164/1355 1446/162/1230 1423/161/1205 
f 1418/165/1336 1440/166/1353 1444/164/1355 1421/163/1338 
f 1417/167/1113 1441/168/1135 1440/166/1353 1418/165/1336 
f 1461/169/1368 1462/170/1369 1463/171/1370 1464/172/1371 
f 1465/173/1372 1461/169/1368 1464/172/1371 1466/174/1373 
f 1465/175/1372 1462/170/1369 1461/169/1368 
f 1463/171/1370 1466/176/1373 1464/172/1371 
f 1420/76/1116 1467/177/87 1468/178/217 1417/73/1113 
f 1441/99/1135 1469/179/89 1470/180/145 1442/100/1136 
f 1442/123/1136 1470/181/145 1467/182/87 1420/124/1116 
f 1417/167/1113 1468/183/217 1469/184/89 1441/168/1135 
f 1471/1/1374 1472/2/1082 1473/3/1375 1474/4/1376 
f 1475/5/1377 1476/6/1378 1477/7/1087 1478/8/1379 
f 1473/9/1375 1475/5/1377 1478/8/1379 1474/10/1376 
f 1473/11/1375 1472/12/1082 1476/13/1378 1475/14/1377 
f 1474/15/1376 1478/16/1379 1477/17/1087 1471/18/1374 
f 1471/1/1374 1479/19/1380 1480/20/1381 1472/2/1082 
f 1477/17/1087 1481/21/1382 1479/22/1380 1471/18/1374 
f 1476/6/1378 1482/23/1383 1481/24/1382 1477/7/1087 
f 1476/13/1378 1472/12/1082 1480/25/1381 1482/26/1383 
f 1483/27/1384 1484/28/1385 1485/29/1386 1486/30/1387 
f 1481/24/1382 1482/23/1383 1483/27/1384 1486/30/1387 
f 1482/26/1383 1480/25/1381 1484/31/1385 1483/32/1384 
f 1479/19/1380 1485/33/1386 1484/34/1385 1480/20/1381 
f 1481/21/1382 1486/35/1387 1485/36/1386 1479/22/1380 
f 1487/37/1388 1488/38/1389 1489/39/1099 1490/40/1100 
f 1491/41/1101 1492/42/1390 1493/43/1391 1494/44/1104 
f 1489/39/1099 1491/45/1101 1494/46/1104 1490/40/1100 
f 1489/47/1099 1488/48/1389 1492/49/1390 1491/50/1101 
f 1490/51/1100 1494/52/1104 1493/53/1391 1487/54/1388 
f 1487/37/1388 1495/55/1179 1496/56/1392 1488/38/1389 
f 1493/53/1391 1497/57/1393 1495/58/1179 1487/54/1388 
f 1492/42/1390 1498/59/1394 1497/60/1393 1493/43/1391 
f 1488/48/1389 1496/61/1392 1498/62/1394 1492/49/1390 
f 1499/63/1395 1500/64/1184 1501/65/1396 1502/66/1397 
f 1498/59/1394 1499/67/1395 1502/68/1397 1497/60/1393 
f 1498/62/1394 1496/61/1392 1500/69/1184 1499/70/1395 
f 1495/55/1179 1501/65/1396 1500/64/1184 1496/56/1392 
f 1497/57/1393 1502/71/1397 1501/72/1396 1495/58/1179 
f 1503/73/1398 1504/74/1399 1505/75/1400 1506/76/1401 
f 1504/74/1399 1507/77/1402 1508/78/1403 1505/75/1400 
f 1507/77/1402 1509/79/1404 1510/80/1405 1508/78/1403 
f 1509/79/1404 1511/81/1406 1512/82/1407 1510/80/1405 
f 1511/81/1406 1513/83/184 1514/84/183 1512/82/1407 
f 1513/83/184 1515/85/1125 1516/86/1126 1514/84/183 
f 1515/85/1125 1517/87/1408 1518/88/1409 1516/86/1126 
f 1517/87/1408 1519/89/1410 1520/90/1411 1518/88/1409 
f 1519/89/1410 1521/91/1412 1522/92/1413 1520/90/1411 
f 1521/91/1412 1523/93/1414 1524/94/1415 1522/92/1413 
f 1523/93/1414 1468/95/1416 1467/96/1417 1524/94/1415 
f 1525/97/1418 1526/98/1419 1527/99/1420 1528/100/1421 
f 1529/101/1422 1530/102/1423 1526/98/1419 1525/97/1418 
f 1531/103/1424 1532/104/1425 1530/102/1423 1529/101/1422 
f 1533/105/1426 1534/106/1427 1532/104/1425 1531/103/1424 
f 1535/107/206 1536/108/205 1534/106/1427 1533/105/1426 
f 1537/109/1145 1538/110/1146 1536/108/205 1535/107/206 
f 1539/111/1428 1540/112/1429 1538/110/1146 1537/109/1145 
f 1541/113/1430 1542/114/1431 1540/112/1429 1539/111/1428 
f 1543/115/1432 1544/116/1433 1542/114/1431 1541/113/1430 
f 1545/117/1434 1546/118/1435 1544/116/1433 1543/115/1432 
f 1470/119/1436 1469/120/1437 1546/118/1435 1545/117/1434 
f 1505/121/1400 1525/122/1418 1528/123/1421 1506/124/1401 
f 1508/125/1403 1529/126/1422 1525/122/1418 1505/121/1400 
f 1510/127/1405 1531/128/1424 1529/126/1422 1508/125/1403 
f 1512/129/1407 1533/130/1426 1531/128/1424 1510/127/1405 
f 1514/131/183 1535/132/206 1533/130/1426 1512/129/1407 
f 1516/133/1126 1537/134/1145 1535/132/206 1514/131/183 
f 1518/135/1409 1539/136/1428 1537/134/1145 1516/133/1126 
f 1520/137/1411 1541/138/1430 1539/136/1428 1518/135/1409 
f 1522/139/1413 1543/140/1432 1541/138/1430 1520/137/1411 
f 1524/141/1415 1545/142/1434 1543/140/1432 1522/139/1413 
f 1467/143/1417 1470/144/1436 1545/142/1434 1524/141/1415 
f 1523/145/1414 1546/146/1435 1469/147/1437 1468/148/1416 
f 1521/149/1412 1544/150/1433 1546/146/1435 1523/145/1414 
f 1519/151/1410 1542/152/1431 1544/150/1433 1521/149/1412 
f 1517/153/1408 1540/154/1429 1542/152/1431 1519/151/1410 
f 1515/155/1125 1538/156/1146 1540/154/1429 1517/153/1408 
f 1513/157/184 1536/158/205 1538/156/1146 1515/155/1125 
f 1511/159/1406 1534/160/1427 1536/158/205 1513/157/184 
f 1509/161/1404 1532/162/1425 1534/160/1427 1511/159/1406 
f 1507/163/1402 1530/164/1423 1532/162/1425 1509/161/1404 
f 1504/165/1399 1526/166/1419 1530/164/1423 1507/163/1402 
f 1503/167/1398 1527/168/1420 1526/166/1419 1504/165/1399 
f 1547/169/1438 1548/170/1439 1549/171/1440 1550/172/1441 
f 1551/173/1442 1547/169/1438 1550/172/1441 1552/174/1443 
f 1551/175/1442 1548/170/1439 1547/169/1438 
f 1549/171/1440 1552/176/1443 1550/172/1441 
f 1506/76/1401 1553/177/144 1554/178/86 1503/73/1398 
f 1527/99/1420 1555/179/89 1556/180/145 1528/100/1421 
f 1528/123/1421 1556/181/145 1553/182/144 1506/124/1401 
f 1503/167/1398 1554/183/86 1555/184/89 1527/168/1420 
f 1557/1/1444 1558/2/910 1559/3/1445 1560/4/1446 
f 1561/5/1447 1562/6/1448 1563/7/1449 1564/8/1450 
f 1559/9/1445 1561/5/1447 1564/8/1450 1560/10/1446 
f 1559/11/1445 1558/12/910 1562/13/1448 1561/14/1447 
f 1560/15/1446 1564/16/1450 1563/17/1449 1557/18/1444 
f 1557/1/1444 1565/19/1451 1566/20/1452 1558/2/910 
f 1563/17/1449 1567/21/1453 1565/22/1451 1557/18/1444 
f 1562/6/1448 1568/23/1454 1567/24/1453 1563/7/1449 
f 1562/13/1448 1558/12/910 1566/25/1452 1568/26/1454 
f 1569/27/1455 1570/28/922 1571/29/1456 1572/30/1457 
f 1567/24/1453 1568/23/1454 1569/27/1455 1572/30/1457 
f 1568/26/1454 1566/25/1452 1570/31/922 1569/32/1455 
f 1565/19/1451 1571/33/1456 1570/34/922 1566/20/1452 
f 1567/21/1453 1572/35/1457 1571/36/1456 1565/22/1451 
f 1573/37/1458 1574/38/1459 1575/39/927 1576/40/928 
f 1577/41/929 1578/42/1460 1579/43/1461 1580/44/932 
f 1575/39/927 1577/45/929 1580/46/932 1576/40/928 
f 1575/47/927 1574/48/1459 1578/49/1460 1577/50/929 
f 1576/51/928 1580/52/932 1579/53/1461 1573/54/1458 
f 1573/37/1458 1581/55/1462 1582/56/1463 1574/38/1459 
f 1579/53/1461 1583/57/1464 1581/58/1462 1573/54/1458 
f 1578/42/1460 1584/59/1465 1583/60/1464 1579/43/1461 
f 1574/48/1459 1582/61/1463 1584/62/1465 1578/49/1460 
f 1585/63/1466 1586/64/1467 1587/65/1468 1588/66/1469 
f 1584/59/1465 1585/67/1466 1588/68/1469 1583/60/1464 
f 1584/62/1465 1582/61/1463 1586/69/1467 1585/70/1466 
f 1581/55/1462 1587/65/1468 1586/64/1467 1582/56/1463 
f 1583/57/1464 1588/71/1469 1587/72/1468 1581/58/1462 
f 1589/73/1470 1590/74/1471 1591/75/1472 1592/76/1473 
f 1590/74/1471 1593/77/1474 1594/78/1475 1591/75/1472 
f 1593/77/1474 1595/79/1476 1596/80/1477 1594/78/1475 
f 1595/79/1476 1597/81/1478 1598/82/1479 1596/80/1477 
f 1597/81/1478 1599/83/1480 1600/84/1481 1598/82/1479 
f 1599/83/1480 1601/85/1482 1602/86/1483 1600/84/1481 
f 1601/85/1482 1603/87/1484 1604/88/1485 1602/86/1483 
f 1603/87/1484 1605/89/1486 1606/90/1487 1604/88/1485 
f 1605/89/1486 1607/91/947 1608/92/948 1606/90/1487 
f 1607/91/947 1609/93/1488 1610/94/1489 1608/92/948 
f 1609/93/1488 1611/95/1490 1612/96/1491 1610/94/1489 
f 1613/97/1492 1614/98/1493 1615/99/1494 1616/100/1495 
f 1617/101/1496 1618/102/1497 1614/98/1493 1613/97/1492 
f 1619/103/1498 1620/104/1499 1618/102/1497 1617/101/1496 
f 1621/105/1500 1622/106/1501 1620/104/1499 1619/103/1498 
f 1623/107/1502 1624/108/1503 1622/106/1501 1621/105/1500 
f 1625/109/1504 1626/110/1505 1624/108/1503 1623/107/1502 
f 1627/111/1506 1628/112/1507 1626/110/1505 1625/109/1504 
f 1629/113/1508 1630/114/1509 1628/112/1507 1627/111/1506 
f 1631/115/971 1632/116/972 1630/114/1509 1629/113/1508 
f 1633/117/1510 1634/118/1511 1632/116/972 1631/115/971 
f 1635/119/1512 1636/120/1513 1634/118/1511 1633/117/1510 
f 1591/121/1472 1613/122/1492 1616/123/1495 1592/124/1473 
f 1594/125/1475 1617/126/1496 1613/122/1492 1591/121/1472 
f 1596/127/1477 1619/128/1498 1617/126/1496 1594/125/1475 
f 1598/129/1479 1621/130/1500 1619/128/1498 1596/127/1477 
f 1600/131/1481 1623/132/1502 1621/130/1500 1598/129/1479 
f 1602/133/1483 1625/134/1504 1623/132/1502 1600/131/1481 
f 1604/135/1485 1627/136/1506 1625/134/1504 1602/133/1483 
f 1606/137/1487 1629/138/1508 1627/136/1506 1604/135/1485 
f 1608/139/948 1631/140/971 1629/138/1508 1606/137/1487 
f 1610/141/1489 1633/142/1510 1631/140/971 1608/139/948 
f 1612/143/1491 1635/144/1512 1633/142/1510 1610/141/1489 
f 1609/145/1488 1634/146/1511 1636/147/1513 1611/148/1490 
f 1607/149/947 1632/150/972 1634/146/1511 1609/145/1488 
f 1605/151/1486 1630/152/1509 1632/150/972 1607/149/947 
f 1603/153/1484 1628/154/1507 1630/152/1509 1605/151/1486 
f 1601/155/1482 1626/156/1505 1628/154/1507 1603/153/1484 
f 1599/157/1480 1624/158/1503 1626/156/1505 1601/155/1482 
f 1597/159/1478 1622/160/1501 1624/158/1503 1599/157/1480 
f 1595/161/1476 1620/162/1499 1622/160/1501 1597/159/1478 
f 1593/163/1474 1618/164/1497 1620/162/1499 1595/161/1476 
f 1590/165/1471 1614/166/1493 1618/164/1497 1593/163/1474 
f 1589/167/1470 1615/168/1494 1614/166/1493 1590/165/1471 
f 1637/169/1514 1638/170/1515 1639/171/1516 1640/172/1517 
f 1641/173/1518 1637/169/1514 1640/172/1517 1642/174/1519 
f 1641/175/1518 1638/170/1515 1637/169/1514 
f 1639/171/1516 1642/176/1519 1640/172/1517 
f 1592/76/1473 1643/177/144 1644/178/86 1589/73/1470 
f 1615/99/1494 1645/179/89 1646/180/145 1616/100/1495 
f 1616/123/1495 1646/181/145 1643/182/144 1592/124/1473 
f 1589/167/1470 1644/183/86 1645/184/89 1615/168/1494 
f 1647/1/1520 1648/2/996 1649/3/1521 1650/4/1522 
f 1651/5/1523 1652/6/1524 1653/7/1525 1654/8/1526 
f 1649/9/1521 1651/5/1523 1654/8/1526 1650/10/1522 
f 1649/11/1521 1648/12/996 1652/13/1524 1651/14/1523 
f 1650/15/1522 1654/16/1526 1653/17/1525 1647/18/1520 
f 1647/1/1520 1655/19/1527 1656/20/1004 1648/2/996 
f 1653/17/1525 1657/21/1528 1655/22/1527 1647/18/1520 
f 1652/6/1524 1658/23/1529 1657/24/1528 1653/7/1525 
f 1652/13/1524 1648/12/996 1656/25/1004 1658/26/1529 
f 1659/27/1530 1660/28/1531 1661/29/1532 1662/30/1533 
f 1657/24/1528 1658/23/1529 1659/27/1530 1662/30/1533 
f 1658/26/1529 1656/25/1004 1660/31/1531 1659/32/1530 
f 1655/19/1527 1661/33/1532 1660/34/1531 1656/20/1004 
f 1657/21/1528 1662/35/1533 1661/36/1532 1655/22/1527 
f 1663/37/1534 1664/38/1535 1665/39/1099 1666/40/1100 
f 1667/41/1101 1668/42/1536 1669/43/1537 1670/44/1104 
f 1665/39/1099 1667/45/1101 1670/46/1104 1666/40/1100 
f 1665/47/1099 1664/48/1535 1668/49/1536 1667/50/1101 
f 1666/51/1100 1670/52/1104 1669/53/1537 1663/54/1534 
f 1663/37/1534 1671/55/1538 1672/56/1539 1664/38/1535 
f 1669/53/1537 1673/57/1540 1671/58/1538 1663/54/1534 
f 1668/42/1536 1674/59/1541 1673/60/1540 1669/43/1537 
f 1664/48/1535 1672/61/1539 1674/62/1541 1668/49/1536 
f 1675/63/1542 1676/64/1543 1677/65/1544 1678/66/1545 
f 1674/59/1541 1675/67/1542 1678/68/1545 1673/60/1540 
f 1674/62/1541 1672/61/1539 1676/69/1543 1675/70/1542 
f 1671/55/1538 1677/65/1544 1676/64/1543 1672/56/1539 
f 1673/57/1540 1678/71/1545 1677/72/1544 1671/58/1538 
f 1679/73/1546 1680/74/1547 1681/75/1548 1682/76/1549 
f 1680/74/1547 1683/77/1550 1684/78/1551 1681/75/1548 
f 1683/77/1550 1685/79/340 1686/80/339 1684/78/1551 
f 1685/79/340 1687/81/1552 1688/82/1553 1686/80/339 
f 1687/81/1552 1689/83/1554 1690/84/1555 1688/82/1553 
f 1689/83/1554 1691/85/1039 1692/86/1040 1690/84/1555 
f 1691/85/1039 1693/87/1556 1694/88/1557 1692/86/1040 
f 1693/87/1556 1695/89/1558 1696/90/1559 1694/88/1557 
f 1695/89/1558 1697/91/1033 1698/92/1034 1696/90/1559 
f 1697/91/1033 1699/93/1560 1700/94/1561 1698/92/1034 
f 1699/93/1560 1554/95/1562 1553/96/1563 1700/94/1561 
f 1701/97/1564 1702/98/1565 1703/99/1566 1704/100/1567 
f 1705/101/1568 1706/102/1569 1702/98/1565 1701/97/1564 
f 1707/103/364 1708/104/363 1706/102/1569 1705/101/1568 
f 1709/105/1570 1710/106/1571 1708/104/363 1707/103/364 
f 1711/107/1572 1712/108/1573 1710/106/1571 1709/105/1570 
f 1713/109/1063 1714/110/1064 1712/108/1573 1711/107/1572 
f 1715/111/1574 1716/112/1575 1714/110/1064 1713/109/1063 
f 1717/113/1576 1718/114/1577 1716/112/1575 1715/111/1574 
f 1719/115/1057 1720/116/1058 1718/114/1577 1717/113/1576 
f 1721/117/1578 1722/118/1579 1720/116/1058 1719/115/1057 
f 1556/119/1580 1555/120/1581 1722/118/1579 1721/117/1578 
f 1681/121/1548 1701/122/1564 1704/123/1567 1682/124/1549 
f 1684/125/1551 1705/126/1568 1701/122/1564 1681/121/1548 
f 1686/127/339 1707/128/364 1705/126/1568 1684/125/1551 
f 1688/129/1553 1709/130/1570 1707/128/364 1686/127/339 
f 1690/131/1555 1711/132/1572 1709/130/1570 1688/129/1553 
f 1692/133/1040 1713/134/1063 1711/132/1572 1690/131/1555 
f 1694/135/1557 1715/136/1574 1713/134/1063 1692/133/1040 
f 1696/137/1559 1717/138/1576 1715/136/1574 1694/135/1557 
f 1698/139/1034 1719/140/1057 1717/138/1576 1696/137/1559 
f 1700/141/1561 1721/142/1578 1719/140/1057 1698/139/1034 
f 1553/143/1563 1556/144/1580 1721/142/1578 1700/141/1561 
f 1699/145/1560 1722/146/1579 1555/147/1581 1554/148/1562 
f 1697/149/1033 1720/150/1058 1722/146/1579 1699/145/1560 
f 1695/151/1558 1718/152/1577 1720/150/1058 1697/149/1033 
f 1693/153/1556 1716/154/1575 1718/152/1577 1695/151/1558 
f 1691/155/1039 1714/156/1064 1716/154/1575 1693/153/1556 
f 1689/157/1554 1712/158/1573 1714/156/1064 1691/155/1039 
f 1687/159/1552 1710/160/1571 1712/158/1573 1689/157/1554 
f 1685/161/340 1708/162/363 1710/160/1571 1687/159/1552 
f 1683/163/1550 1706/164/1569 1708/162/363 1685/161/340 
f 1680/165/1547 1702/166/1565 1706/164/1569 1683/163/1550 
f 1679/167/1546 1703/168/1566 1702/166/1565 1680/165/1547 
f 1723/169/1582 1724/170/1583 1725/171/1584 1726/172/1585 
f 1727/173/1586 1723/169/1582 1726/172/1585 1728/174/1587 
f 1727/175/1586 1724/170/1583 1723/169/1582 
f 1725/171/1584 1728/176/1587 1726/172/1585 
f 1682/76/1549 1612/177/144 1611/178/86 1679/73/1546 
f 1703/99/1566 1636/179/89 1635/180/145 1704/100/1567 
f 1704/123/1567 1635/181/145 1612/182/144 1682/124/1549 
f 1679/167/1546 1611/183/86 1636/184/89 1703/168/1566 
f 1729/185/1588 1730/186/1589 1731/187/1590 1732/188/1591 
f 1733/189/1592 1734/190/1593 1735/191/1594 1736/192/1595 
f 1731/193/1590 1733/189/1592 1736/192/1595 1732/194/1591 
f 1731/195/1590 1730/196/1589 1734/197/1593 1733/198/1592 
f 1732/199/1591 1736/200/1595 1735/201/1594 1729/202/1588 
f 1729/185/1588 1737/203/1596 1738/204/1597 1730/186/1589 
f 1735/201/1594 1739/205/1598 1737/206/1596 1729/202/1588 
f 1734/190/1593 1740/207/1599 1739/208/1598 1735/191/1594 
f 1734/197/1593 1730/196/1589 1738/209/1597 1740/210/1599 
f 1741/211/1600 1742/212/1601 1743/213/1602 1744/214/1603 
f 1739/208/1598 1740/207/1599 1741/211/1600 1744/214/1603 
f 1740/210/1599 1738/209/1597 1742/215/1601 1741/216/1600 
f 1737/203/1596 1743/217/1602 1742/218/1601 1738/204/1597 
f 1739/205/1598 1744/219/1603 1743/220/1602 1737/206/1596 
f 1745/221/1604 1746/222/1605 1747/223/927 1748/224/928 
f 1749/225/929 1750/226/1606 1751/227/1607 1752/228/932 
f 1747/223/927 1749/229/929 1752/230/932 1748/224/928 
f 1747/231/927 1746/232/1605 1750/233/1606 1749/234/929 
f 1748/235/928 1752/236/932 1751/237/1607 1745/238/1604 
f 1745/221/1604 1753/239/933 1754/240/1608 1746/222/1605 
f 1751/237/1607 1755/241/1609 1753/242/933 1745/238/1604 
f 1750/226/1606 1756/243/1610 1755/244/1609 1751/227/1607 
f 1746/232/1605 1754/245/1608 1756/246/1610 1750/233/1606 
f 1757/247/1611 1758/248/1612 1759/249/1613 1760/250/1614 
f 1756/243/1610 1757/251/1611 1760/252/1614 1755/244/1609 
f 1756/246/1610 1754/245/1608 1758/253/1612 1757/254/1611 
f 1753/239/933 1759/249/1613 1758/248/1612 1754/240/1608 
f 1755/241/1609 1760/255/1614 1759/256/1613 1753/242/933 
f 1761/257/1615 1762/258/1616 1763/259/1617 1764/260/1618 
f 1762/258/1616 1765/261/1619 1766/262/1620 1763/259/1617 
f 1765/261/1619 1767/263/1621 1768/264/1622 1766/262/1620 
f 1767/263/1621 1769/265/1623 1770/266/1624 1768/264/1622 
f 1769/265/1623 1771/267/1625 1772/268/1626 1770/266/1624 
f 1771/267/1625 1773/269/1627 1774/270/1628 1772/268/1626 
f 1773/269/1627 1775/271/1629 1776/272/1630 1774/270/1628 
f 1775/271/1629 1777/273/1631 1778/274/1632 1776/272/1630 
f 1777/273/1631 1779/275/1633 1780/276/1634 1778/274/1632 
f 1779/275/1633 1781/277/1635 1782/278/1636 1780/276/1634 
f 1781/277/1635 1644/279/1637 1643/280/1638 1782/278/1636 
f 1783/281/1639 1784/282/1640 1785/283/1641 1786/284/1642 
f 1787/285/1643 1788/286/1644 1784/282/1640 1783/281/1639 
f 1789/287/1645 1790/288/1646 1788/286/1644 1787/285/1643 
f 1791/289/1647 1792/290/1648 1790/288/1646 1789/287/1645 
f 1793/291/1649 1794/292/1650 1792/290/1648 1791/289/1647 
f 1795/293/1651 1796/294/1652 1794/292/1650 1793/291/1649 
f 1797/295/1653 1798/296/1654 1796/294/1652 1795/293/1651 
f 1799/297/1655 1800/298/1656 1798/296/1654 1797/295/1653 
f 1801/299/1657 1802/300/1658 1800/298/1656 1799/297/1655 
f 1803/301/1659 1804/302/1660 1802/300/1658 1801/299/1657 
f 1646/180/1661 1645/303/1662 1804/302/1660 1803/301/1659 
f 1763/304/1617 1783/305/1639 1786/306/1642 1764/307/1618 
f 1766/308/1620 1787/309/1643 1783/305/1639 1763/304/1617 
f 1768/310/1622 1789/311/1645 1787/309/1643 1766/308/1620 
f 1770/312/1624 1791/313/1647 1789/311/1645 1768/310/1622 
f 1772/314/1626 1793/315/1649 1791/313/1647 1770/312/1624 
f 1774/316/1628 1795/317/1651 1793/315/1649 1772/314/1626 
f 1776/318/1630 1797/319/1653 1795/317/1651 1774/316/1628 
f 1778/320/1632 1799/321/1655 1797/319/1653 1776/318/1630 
f 1780/322/1634 1801/323/1657 1799/321/1655 1778/320/1632 
f 1782/324/1636 1803/325/1659 1801/323/1657 1780/322/1634 
f 1643/326/1638 1646/327/1661 1803/325/1659 1782/324/1636 
f 1781/328/1635 1804/329/1660 1645/330/1662 1644/331/1637 
f 1779/332/1633 1802/333/1658 1804/329/1660 1781/328/1635 
f 1777/334/1631 1800/335/1656 1802/333/1658 1779/332/1633 
f 1775/336/1629 1798/337/1654 1800/335/1656 1777/334/1631 
f 1773/338/1627 1796/339/1652 1798/337/1654 1775/336/1629 
f 1771/340/1625 1794/341/1650 1796/339/1652 1773/338/1627 
f 1769/342/1623 1792/343/1648 1794/341/1650 1771/340/1625 
f 1767/344/1621 1790/345/1646 1792/343/1648 1769/342/1623 
f 1765/346/1619 1788/347/1644 1790/345/1646 1767/344/1621 
f 1762/348/1616 1784/349/1640 1788/347/1644 1765/346/1619 
f 1761/350/1615 1785/351/1641 1784/349/1640 1762/348/1616 
f 1805/352/1663 1806/353/1664 1807/354/1665 1808/355/1666 
f 1809/356/1667 1805/352/1663 1808/355/1666 1810/357/1668 
f 1809/358/1667 1806/353/1664 1805/352/1663 
f 1807/354/1665 1810/359/1668 1808/355/1666 
f 1764/260/1618 1811/360/1669 1812/361/1670 1761/257/1615 
f 1785/283/1641 1813/362/1671 1814/363/1672 1786/284/1642 
f 1786/306/1642 1814/144/1672 1811/143/1669 1764/307/1618 
f 1761/350/1615 1812/364/1670 1813/365/1671 1785/351/1641 
f 1815/1/1673 1816/2/1674 1817/3/1675 1818/4/1676 
f 1819/5/1677 1820/6/1678 1821/7/1679 1822/8/1680 
f 1817/9/1675 1819/5/1677 1822/8/1680 1818/10/1676 
f 1817/11/1675 1816/12/1674 1820/13/1678 1819/14/1677 
f 1818/15/1676 1822/16/1680 1821/17/1679 1815/18/1673 
f 1815/1/1673 1823/19/1681 1824/20/1682 1816/2/1674 
f 1821/17/1679 1825/21/1683 1823/22/1681 1815/18/1673 
f 1820/6/1678 1826/23/1684 1825/24/1683 1821/7/1679 
f 1820/13/1678 1816/12/1674 1824/25/1682 1826/26/1684 
f 1827/27/1685 1828/28/1686 1829/29/1687 1830/30/1688 
f 1825/24/1683 1826/23/1684 1827/27/1685 1830/30/1688 
f 1826/26/1684 1824/25/1682 1828/31/1686 1827/32/1685 
f 1823/19/1681 1829/33/1687 1828/34/1686 1824/20/1682 
f 1825/21/1683 1830/35/1688 1829/36/1687 1823/22/1681 
f 1831/37/1689 1832/38/1690 1833/39/1691 1834/40/1692 
f 1835/41/1693 1836/42/1694 1837/43/1695 1838/44/1696 
f 1833/39/1691 1835/45/1693 1838/46/1696 1834/40/1692 
f 1833/47/1691 1832/48/1690 1836/49/1694 1835/50/1693 
f 1834/51/1692 1838/52/1696 1837/53/1695 1831/54/1689 
f 1831/37/1689 1839/55/1697 1840/56/1698 1832/38/1690 
f 1837/53/1695 1841/57/1699 1839/58/1697 1831/54/1689 
f 1836/42/1694 1842/59/1700 1841/60/1699 1837/43/1695 
f 1832/48/1690 1840/61/1698 1842/62/1700 1836/49/1694 
f 1843/63/1701 1844/64/1702 1845/65/1703 1846/66/1704 
f 1842/59/1700 1843/67/1701 1846/68/1704 1841/60/1699 
f 1842/62/1700 1840/61/1698 1844/69/1702 1843/70/1701 
f 1839/55/1697 1845/65/1703 1844/64/1702 1840/56/1698 
f 1841/57/1699 1846/71/1704 1845/72/1703 1839/58/1697 
f 1847/73/1705 1848/74/1706 1849/75/1707 1850/76/1708 
f 1848/74/1706 1851/77/1709 1852/78/1710 1849/75/1707 
f 1851/77/1709 1853/79/1711 1854/80/1712 1852/78/1710 
f 1853/79/1711 1855/81/1713 1856/82/1714 1854/80/1712 
f 1855/81/1713 1857/83/1715 1858/84/1716 1856/82/1714 
f 1857/83/1715 1859/85/1717 1860/86/1718 1858/84/1716 
f 1859/85/1717 1861/87/1719 1862/88/1720 1860/86/1718 
f 1861/87/1719 1863/89/1721 1864/90/1722 1862/88/1720 
f 1863/89/1721 1865/91/1723 1866/92/1724 1864/90/1722 
f 1865/91/1723 1867/93/1725 1868/94/1726 1866/92/1724 
f 1867/93/1725 1812/95/1727 1811/96/1728 1868/94/1726 
f 1869/97/1729 1870/98/1730 1871/99/1731 1872/100/1732 
f 1873/101/1733 1874/102/1734 1870/98/1730 1869/97/1729 
f 1875/103/1735 1876/104/1736 1874/102/1734 1873/101/1733 
f 1877/105/1737 1878/106/1738 1876/104/1736 1875/103/1735 
f 1879/107/1739 1880/108/1740 1878/106/1738 1877/105/1737 
f 1881/109/1741 1882/110/1742 1880/108/1740 1879/107/1739 
f 1883/111/1743 1884/112/1744 1882/110/1742 1881/109/1741 
f 1885/113/1745 1886/114/1746 1884/112/1744 1883/111/1743 
f 1887/115/1747 1888/116/1748 1886/114/1746 1885/113/1745 
f 1889/117/1749 1890/118/1750 1888/116/1748 1887/115/1747 
f 1814/119/1751 1813/120/1752 1890/118/1750 1889/117/1749 
f 1849/121/1707 1869/122/1729 1872/123/1732 1850/124/1708 
f 1852/125/1710 1873/126/1733 1869/122/1729 1849/121/1707 
f 1854/127/1712 1875/128/1735 1873/126/1733 1852/125/1710 
f 1856/129/1714 1877/130/1737 1875/128/1735 1854/127/1712 
f 1858/131/1716 1879/132/1739 1877/130/1737 1856/129/1714 
f 1860/133/1718 1881/134/1741 1879/132/1739 1858/131/1716 
f 1862/135/1720 1883/136/1743 1881/134/1741 1860/133/1718 
f 1864/137/1722 1885/138/1745 1883/136/1743 1862/135/1720 
f 1866/139/1724 1887/140/1747 1885/138/1745 1864/137/1722 
f 1868/141/1726 1889/142/1749 1887/140/1747 1866/139/1724 
f 1811/143/1728 1814/144/1751 1889/142/1749 1868/141/1726 
f 1867/145/1725 1890/146/1750 1813/147/1752 1812/148/1727 
f 1865/149/1723 1888/150/1748 1890/146/1750 1867/145/1725 
f 1863/151/1721 1886/152/1746 1888/150/1748 1865/149/1723 
f 1861/153/1719 1884/154/1744 1886/152/1746 1863/151/1721 
f 1859/155/1717 1882/156/1742 1884/154/1744 1861/153/1719 
f 1857/157/1715 1880/158/1740 1882/156/1742 1859/155/1717 
f 1855/159/1713 1878/160/1738 1880/158/1740 1857/157/1715 
f 1853/161/1711 1876/162/1736 1878/160/1738 1855/159/1713 
f 1851/163/1709 1874/164/1734 1876/162/1736 1853/161/1711 
f 1848/165/1706 1870/166/1730 1874/164/1734 1851/163/1709 
f 1847/167/1705 1871/168/1731 1870/166/1730 1848/165/1706 
f 1891/169/1753 1892/170/1754 1893/171/1755 1894/172/1756 
f 1895/173/1757 1891/169/1753 1894/172/1756 1896/174/1758 
f 1895/175/1757 1892/170/1754 1891/169/1753 
f 1893/171/1755 1896/176/1758 1894/172/1756 
f 1850/76/1708 1897/177/1759 1898/178/1760 1847/73/1705 
f 1871/99/1731 1899/179/1761 1900/180/1762 1872/100/1732 
f 1872/123/1732 1900/181/1762 1897/182/1759 1850/124/1708 
f 1847/167/1705 1898/183/1760 1899/184/1761 1871/168/1731 
f 1901/1/1763 1902/2/1764 1903/3/1765 1904/4/1766 
f 1905/5/1767 1906/6/1768 1907/7/1769 1908/8/1770 
f 1903/9/1765 1905/5/1767 1908/8/1770 1904/10/1766 
f 1903/11/1765 1902/12/1764 1906/13/1768 1905/14/1767 
f 1904/15/1766 1908/16/1770 1907/17/1769 1901/18/1763 
f 1901/1/1763 1909/19/1771 1910/20/1772 1902/2/1764 
f 1907/17/1769 1911/21/1773 1909/22/1771 1901/18/1763 
f 1906/6/1768 1912/23/1774 1911/24/1773 1907/7/1769 
f 1906/13/1768 1902/12/1764 1910/25/1772 1912/26/1774 
f 1913/27/1775 1914/28/1776 1915/29/1777 1916/30/1778 
f 1911/24/1773 1912/23/1774 1913/27/1775 1916/30/1778 
f 1912/26/1774 1910/25/1772 1914/31/1776 1913/32/1775 
f 1909/19/1771 1915/33/1777 1914/34/1776 1910/20/1772 
f 1911/21/1773 1916/35/1778 1915/36/1777 1909/22/1771 
f 1917/37/1779 1918/38/1780 1919/39/1781 1920/40/1782 
f 1921/41/1783 1922/42/1784 1923/43/1785 1924/44/1786 
f 1919/39/1781 1921/45/1783 1924/46/1786 1920/40/1782 
f 1919/47/1781 1918/48/1780 1922/49/1784 1921/50/1783 
f 1920/51/1782 1924/52/1786 1923/53/1785 1917/54/1779 
f 1917/37/1779 1925/55/1787 1926/56/1788 1918/38/1780 
f 1923/53/1785 1927/57/1789 1925/58/1787 1917/54/1779 
f 1922/42/1784 1928/59/1790 1927/60/1789 1923/43/1785 
f 1918/48/1780 1926/61/1788 1928/62/1790 1922/49/1784 
f 1929/63/1791 1930/64/1792 1931/65/1793 1932/66/1794 
f 1928/59/1790 1929/67/1791 1932/68/1794 1927/60/1789 
f 1928/62/1790 1926/61/1788 1930/69/1792 1929/70/1791 
f 1925/55/1787 1931/65/1793 1930/64/1792 1926/56/1788 
f 1927/57/1789 1932/71/1794 1931/72/1793 1925/58/1787 
f 1933/73/1795 1934/74/1796 1935/75/1797 1936/76/1798 
f 1934/74/1796 1937/77/1799 1938/78/1800 1935/75/1797 
f 1937/77/1799 1939/79/1801 1940/80/1802 1938/78/1800 
f 1939/79/1801 1941/81/1803 1942/82/1804 1940/80/1802 
f 1941/81/1803 1943/83/1805 1944/84/1806 1942/82/1804 
f 1943/83/1805 1945/85/1807 1946/86/1808 1944/84/1806 
f 1945/85/1807 1947/87/1809 1948/88/1810 1946/86/1808 
f 1947/87/1809 1949/89/1811 1950/90/1812 1948/88/1810 
f 1949/89/1811 1951/91/1813 1952/92/1814 1950/90/1812 
f 1951/91/1813 1953/93/1815 1954/94/1816 1952/92/1814 
f 1953/93/1815 1898/95/1817 1897/96/1818 1954/94/1816 
f 1955/97/1819 1956/98/1820 1957/99/1821 1958/100/1822 
f 1959/101/1823 1960/102/1824 1956/98/1820 1955/97/1819 
f 1961/103/1825 1962/104/1826 1960/102/1824 1959/101/1823 
f 1963/105/1827 1964/106/1828 1962/104/1826 1961/103/1825 
f 1965/107/1829 1966/108/1830 1964/106/1828 1963/105/1827 
f 1967/109/1831 1968/110/1832 1966/108/1830 1965/107/1829 
f 1969/111/1833 1970/112/1834 1968/110/1832 1967/109/1831 
f 1971/113/1835 1972/114/1836 1970/112/1834 1969/111/1833 
f 1973/115/1837 1974/116/1838 1972/114/1836 1971/113/1835 
f 1975/117/1839 1976/118/1840 1974/116/1838 1973/115/1837 
f 1900/119/1841 1899/120/1842 1976/118/1840 1975/117/1839 
f 1935/121/1797 1955/122/1819 1958/123/1822 1936/124/1798 
f 1938/125/1800 1959/126/1823 1955/122/1819 1935/121/1797 
f 1940/127/1802 1961/128/1825 1959/126/1823 1938/125/1800 
f 1942/129/1804 1963/130/1827 1961/128/1825 1940/127/1802 
f 1944/131/1806 1965/132/1829 1963/130/1827 1942/129/1804 
f 1946/133/1808 1967/134/1831 1965/132/1829 1944/131/1806 
f 1948/135/1810 1969/136/1833 1967/134/1831 1946/133/1808 
f 1950/137/1812 1971/138/1835 1969/136/1833 1948/135/1810 
f 1952/139/1814 1973/140/1837 1971/138/1835 1950/137/1812 
f 1954/141/1816 1975/142/1839 1973/140/1837 1952/139/1814 
f 1897/143/1818 1900/144/1841 1975/142/1839 1954/141/1816 
f 1953/145/1815 1976/146/1840 1899/147/1842 1898/148/1817 
f 1951/149/1813 1974/150/1838 1976/146/1840 1953/145/1815 
f 1949/151/1811 1972/152/1836 1974/150/1838 1951/149/1813 
f 1947/153/1809 1970/154/1834 1972/152/1836 1949/151/1811 
f 1945/155/1807 1968/156/1832 1970/154/1834 1947/153/1809 
f 1943/157/1805 1966/158/1830 1968/156/1832 1945/155/1807 
f 1941/159/1803 1964/160/1828 1966/158/1830 1943/157/1805 
f 1939/161/1801 1962/162/1826 1964/160/1828 1941/159/1803 
f 1937/163/1799 1960/164/1824 1962/162/1826 1939/161/1801 
f 1934/165/1796 1956/166/1820 1960/164/1824 1937/163/1799 
f 1933/167/1795 1957/168/1821 1956/166/1820 1934/165/1796 
f 1977/169/1843 1978/170/1844 1979/171/1845 1980/172/1846 
f 1981/173/1847 1977/169/1843 1980/172/1846 1982/174/1848 
f 1981/175/1847 1978/170/1844 1977/169/1843 
f 1979/171/1845 1982/176/1848 1980/172/1846 
f 1936/76/1798 1983/177/1849 1984/178/1850 1933/73/1795 
f 1957/99/1821 1985/179/1851 1986/180/1852 1958/100/1822 
f 1958/123/1822 1986/181/1852 1983/182/1849 1936/124/1798 
f 1933/167/1795 1984/183/1850 1985/184/1851 1957/168/1821 
f 1987/1/1853 1988/2/1854 1989/3/1855 1990/4/1856 
f 1991/5/1857 1992/6/1858 1993/7/1859 1994/8/1860 
f 1989/9/1855 1991/5/1857 1994/8/1860 1990/10/1856 
f 1989/11/1855 1988/12/1854 1992/13/1858 1991/14/1857 
f 1990/15/1856 1994/16/1860 1993/17/1859 1987/18/1853 
f 1987/1/1853 1995/19/1861 1996/20/1862 1988/2/1854 
f 1993/17/1859 1997/21/1863 1995/22/1861 1987/18/1853 
f 1992/6/1858 1998/23/1864 1997/24/1863 1993/7/1859 
f 1992/13/1858 1988/12/1854 1996/25/1862 1998/26/1864 
f 1999/27/1865 2000/28/1866 2001/29/1867 2002/30/1868 
f 1997/24/1863 1998/23/1864 1999/27/1865 2002/30/1868 
f 1998/26/1864 1996/25/1862 2000/31/1866 1999/32/1865 
f 1995/19/1861 2001/33/1867 2000/34/1866 1996/20/1862 
f 1997/21/1863 2002/35/1868 2001/36/1867 1995/22/1861 
f 2003/37/1869 2004/38/1870 2005/39/1871 2006/40/1872 
f 2007/41/1873 2008/42/1874 2009/43/1875 2010/44/1876 
f 2005/39/1871 2007/45/1873 2010/46/1876 2006/40/1872 
f 2005/47/1871 2004/48/1870 2008/49/1874 2007/50/1873 
f 2006/51/1872 2010/52/1876 2009/53/1875 2003/54/1869 
f 2003/37/1869 2011/55/1877 2012/56/1878 2004/38/1870 
f 2009/53/1875 2013/57/1879 2011/58/1877 2003/54/1869 
f 2008/42/1874 2014/59/1880 2013/60/1879 2009/43/1875 
f 2004/48/1870 2012/61/1878 2014/62/1880 2008/49/1874 
f 2015/63/1881 2016/64/1882 2017/65/1883 2018/66/1884 
f 2014/59/1880 2015/67/1881 2018/68/1884 2013/60/1879 
f 2014/62/1880 2012/61/1878 2016/69/1882 2015/70/1881 
f 2011/55/1877 2017/65/1883 2016/64/1882 2012/56/1878 
f 2013/57/1879 2018/71/1884 2017/72/1883 2011/58/1877 
f 2019/73/1885 2020/74/1886 2021/75/1887 2022/76/1888 
f 2020/74/1886 2023/77/1889 2024/78/1890 2021/75/1887 
f 2023/77/1889 2025/79/1891 2026/80/1892 2024/78/1890 
f 2025/79/1891 2027/81/1893 2028/82/1894 2026/80/1892 
f 2027/81/1893 2029/83/1895 2030/84/1896 2028/82/1894 
f 2029/83/1895 2031/85/1897 2032/86/1898 2030/84/1896 
f 2031/85/1897 2033/87/1899 2034/88/1900 2032/86/1898 
f 2033/87/1899 2035/89/1901 2036/90/1902 2034/88/1900 
f 2035/89/1901 2037/91/1903 2038/92/1904 2036/90/1902 
f 2037/91/1903 2039/93/1905 2040/94/1906 2038/92/1904 
f 2039/93/1905 1984/95/1907 1983/96/1908 2040/94/1906 
f 2041/97/1909 2042/98/1910 2043/99/1911 2044/100/1912 
f 2045/101/1913 2046/102/1914 2042/98/1910 2041/97/1909 
f 2047/103/1915 2048/104/1916 2046/102/1914 2045/101/1913 
f 2049/105/1917 2050/106/1918 2048/104/1916 2047/103/1915 
f 2051/107/1919 2052/108/1920 2050/106/1918 2049/105/1917 
f 2053/109/1921 2054/110/1922 2052/108/1920 2051/107/1919 
f 2055/111/1923 2056/112/1924 2054/110/1922 2053/109/1921 
f 2057/113/1925 2058/114/1926 2056/112/1924 2055/111/1923 
f 2059/115/1927 2060/116/1928 2058/114/1926 2057/113/1925 
f 2061/117/1929 2062/118/1930 2060/116/1928 2059/115/1927 
f 1986/119/1931 1985/120/1932 2062/118/1930 2061/117/1929 
f 2021/121/1887 2041/122/1909 2044/123/1912 2022/124/1888 
f 2024/125/1890 2045/126/1913 2041/122/1909 2021/121/1887 
f 2026/127/1892 2047/128/1915 2045/126/1913 2024/125/1890 
f 2028/129/1894 2049/130/1917 2047/128/1915 2026/127/1892 
f 2030/131/1896 2051/132/1919 2049/130/1917 2028/129/1894 
f 2032/133/1898 2053/134/1921 2051/132/1919 2030/131/1896 
f 2034/135/1900 2055/136/1923 2053/134/1921 2032/133/1898 
f 2036/137/1902 2057/138/1925 2055/136/1923 2034/135/1900 
f 2038/139/1904 2059/140/1927 2057/138/1925 2036/137/1902 
f 2040/141/1906 2061/142/1929 2059/140/1927 2038/139/1904 
f 1983/143/1908 1986/144/1931 2061/142/1929 2040/141/1906 
f 2039/145/1905 2062/146/1930 1985/147/1932 1984/148/1907 
f 2037/149/1903 2060/150/1928 2062/146/1930 2039/145/1905 
f 2035/151/1901 2058/152/1926 2060/150/1928 2037/149/1903 
f 2033/153/1899 2056/154/1924 2058/152/1926 2035/151/1901 
f 2031/155/1897 2054/156/1922 2056/154/1924 2033/153/1899 
f 2029/157/1895 2052/158/1920 2054/156/1922 2031/155/1897 
f 2027/159/1893 2050/160/1918 2052/158/1920 2029/157/1895 
f 2025/161/1891 2048/162/1916 2050/160/1918 2027/159/1893 
f 2023/163/1889 2046/164/1914 2048/162/1916 2025/161/1891 
f 2020/165/1886 2042/166/1910 2046/164/1914 2023/163/1889 
f 2019/167/1885 2043/168/1911 2042/166/1910 2020/165/1886 
f 2063/169/1933 2064/170/1934 2065/171/1935 2066/172/1936 
f 2067/173/1937 2063/169/1933 2066/172/1936 2068/174/1938 
f 2067/175/1937 2064/170/1934 2063/169/1933 
f 2065/171/1935 2068/176/1938 2066/172/1936 
f 2022/76/1888 2069/177/1939 2070/178/1940 2019/73/1885 
f 2043/99/1911 2071/179/1941 2072/180/1942 2044/100/1912 
f 2044/123/1912 2072/181/1942 2069/182/1939 2022/124/1888 
f 2019/167/1885 2070/183/1940 2071/184/1941 2043/168/1911 
f 2073/1/1943 2074/2/1944 2075/3/1945 2076/4/1946 
f 2077/5/1947 2078/6/1948 2079/7/1949 2080/8/1950 
f 2075/9/1945 2077/5/1947 2080/8/1950 2076/10/1946 
f 2075/11/1945 2074/12/1944 2078/13/1948 2077/14/1947 
f 2076/15/1946 2080/16/1950 2079/17/1949 2073/18/1943 
f 2073/1/1943 2081/19/1951 2082/20/1952 2074/2/1944 
f 2079/17/1949 2083/21/1953 2081/22/1951 2073/18/1943 
f 2078/6/1948 2084/23/1954 2083/24/1953 2079/7/1949 
f 2078/13/1948 2074/12/1944 2082/25/1952 2084/26/1954 
f 2085/27/1955 2086/28/1956 2087/29/1957 2088/30/1958 
f 2083/24/1953 2084/23/1954 2085/27/1955 2088/30/1958 
f 2084/26/1954 2082/25/1952 2086/31/1956 2085/32/1955 
f 2081/19/1951 2087/33/1957 2086/34/1956 2082/20/1952 
f 2083/21/1953 2088/35/1958 2087/36/1957 2081/22/1951 
f 2089/37/1959 2090/38/1960 2091/39/1961 2092/40/1962 
f 2093/41/1963 2094/42/1964 2095/43/1965 2096/44/1966 
f 2091/39/1961 2093/45/1963 2096/46/1966 2092/40/1962 
f 2091/47/1961 2090/48/1960 2094/49/1964 2093/50/1963 
f 2092/51/1962 2096/52/1966 2095/53/1965 2089/54/1959 
f 2089/37/1959 2097/55/1967 2098/56/1968 2090/38/1960 
f 2095/53/1965 2099/57/1969 2097/58/1967 2089/54/1959 
f 2094/42/1964 2100/59/1970 2099/60/1969 2095/43/1965 
f 2090/48/1960 2098/61/1968 2100/62/1970 2094/49/1964 
f 2101/63/1971 2102/64/1972 2103/65/1973 2104/66/1974 
f 2100/59/1970 2101/67/1971 2104/68/1974 2099/60/1969 
f 2100/62/1970 2098/61/1968 2102/69/1972 2101/70/1971 
f 2097/55/1967 2103/65/1973 2102/64/1972 2098/56/1968 
f 2099/57/1969 2104/71/1974 2103/72/1973 2097/58/1967 
f 2105/73/1975 2106/74/1976 2107/75/1977 2108/76/1978 
f 2106/74/1976 2109/77/1979 2110/78/1980 2107/75/1977 
f 2109/77/1979 2111/79/1981 2112/80/1982 2110/78/1980 
f 2111/79/1981 2113/81/1983 2114/82/1984 2112/80/1982 
f 2113/81/1983 2115/83/1985 2116/84/1986 2114/82/1984 
f 2115/83/1985 2117/85/1987 2118/86/1988 2116/84/1986 
f 2117/85/1987 2119/87/1989 2120/88/1990 2118/86/1988 
f 2119/87/1989 2121/89/1991 2122/90/1992 2120/88/1990 
f 2121/89/1991 2123/91/1993 2124/92/1625 2122/90/1992 
f 2123/91/1993 2125/93/1994 2126/94/1995 2124/92/1625 
f 2125/93/1994 2070/95/1996 2069/96/1997 2126/94/1995 
f 2127/97/1998 2128/98/1999 2129/99/2000 2130/100/2001 
f 2131/101/2002 2132/102/2003 2128/98/1999 2127/97/1998 
f 2133/103/2004 2134/104/2005 2132/102/2003 2131/101/2002 
f 2135/105/2006 2136/106/2007 2134/104/2005 2133/103/2004 
f 2137/107/2008 2138/108/2009 2136/106/2007 2135/105/2006 
f 2139/109/2010 2140/110/2011 2138/108/2009 2137/107/2008 
f 2141/111/2012 2142/112/2013 2140/110/2011 2139/109/2010 
f 2143/113/2014 2144/114/2015 2142/112/2013 2141/111/2012 
f 2145/115/2016 2146/116/2017 2144/114/2015 2143/113/2014 
f 2147/117/2018 2148/118/2019 2146/116/2017 2145/115/2016 
f 2072/119/2020 2071/120/2021 2148/118/2019 2147/117/2018 
f 2107/121/1977 2127/122/1998 2130/123/2001 2108/124/1978 
f 2110/125/1980 2131/126/2002 2127/122/1998 2107/121/1977 
f 2112/127/1982 2133/128/2004 2131/126/2002 2110/125/1980 
f 2114/129/1984 2135/130/2006 2133/128/2004 2112/127/1982 
f 2116/131/1986 2137/132/2008 2135/130/2006 2114/129/1984 
f 2118/133/1988 2139/134/2010 2137/132/2008 2116/131/1986 
f 2120/135/1990 2141/136/2012 2139/134/2010 2118/133/1988 
f 2122/137/1992 2143/138/2014 2141/136/2012 2120/135/1990 
f 2124/139/1625 2145/140/2016 2143/138/2014 2122/137/1992 
f 2126/141/1995 2147/142/2018 2145/140/2016 2124/139/1625 
f 2069/143/1997 2072/144/2020 2147/142/2018 2126/141/1995 
f 2125/145/1994 2148/146/2019 2071/147/2021 2070/148/1996 
f 2123/149/1993 2146/150/2017 2148/146/2019 2125/145/1994 
f 2121/151/1991 2144/152/2015 2146/150/2017 2123/149/1993 
f 2119/153/1989 2142/154/2013 2144/152/2015 2121/151/1991 
f 2117/155/1987 2140/156/2011 2142/154/2013 2119/153/1989 
f 2115/157/1985 2138/158/2009 2140/156/2011 2117/155/1987 
f 2113/159/1983 2136/160/2007 2138/158/2009 2115/157/1985 
f 2111/161/1981 2134/162/2005 2136/160/2007 2113/159/1983 
f 2109/163/1979 2132/164/2003 2134/162/2005 2111/161/1981 
f 2106/165/1976 2128/166/1999 2132/164/2003 2109/163/1979 
f 2105/167/1975 2129/168/2000 2128/166/1999 2106/165/1976 
f 2149/169/2022 2150/170/2023 2151/171/2024 2152/172/2025 
f 2153/173/2026 2149/169/2022 2152/172/2025 2154/174/2027 
f 2153/175/2026 2150/170/2023 2149/169/2022 
f 2151/171/2024 2154/176/2027 2152/172/2025 
f 2108/76/1978 2155/177/86 2156/178/144 2105/73/1975 
f 2129/99/2000 2157/179/145 2158/180/89 2130/100/2001 
f 2130/123/2001 2158/181/89 2155/182/86 2108/124/1978 
f 2105/167/1975 2156/183/144 2157/184/145 2129/168/2000 
f 2159/1/2028 2160/2/2029 2161/3/2030 2162/4/2031 
f 2163/5/2032 2164/6/2033 2165/7/2034 2166/8/2035 
f 2161/9/2030 2163/5/2032 2166/8/2035 2162/10/2031 
f 2161/11/2030 2160/12/2029 2164/13/2033 2163/14/2032 
f 2162/15/2031 2166/16/2035 2165/17/2034 2159/18/2028 
f 2159/1/2028 2167/19/2036 2168/20/2037 2160/2/2029 
f 2165/17/2034 2169/21/2038 2167/22/2036 2159/18/2028 
f 2164/6/2033 2170/23/2039 2169/24/2038 2165/7/2034 
f 2164/13/2033 2160/12/2029 2168/25/2037 2170/26/2039 
f 2171/27/2040 2172/28/2041 2173/29/2042 2174/30/2043 
f 2169/24/2038 2170/23/2039 2171/27/2040 2174/30/2043 
f 2170/26/2039 2168/25/2037 2172/31/2041 2171/32/2040 
f 2167/19/2036 2173/33/2042 2172/34/2041 2168/20/2037 
f 2169/21/2038 2174/35/2043 2173/36/2042 2167/22/2036 
f 2175/37/2044 2176/38/2045 2177/39/401 2178/40/487 
f 2179/41/403 2180/42/2046 2181/43/2047 2182/44/490 
f 2177/39/401 2179/45/403 2182/46/490 2178/40/487 
f 2177/47/401 2176/48/2045 2180/49/2046 2179/50/403 
f 2178/51/487 2182/52/490 2181/53/2047 2175/54/2044 
f 2175/37/2044 2183/55/2048 2184/56/2049 2176/38/2045 
f 2181/53/2047 2185/57/2050 2183/58/2048 2175/54/2044 
f 2180/42/2046 2186/59/2051 2185/60/2050 2181/43/2047 
f 2176/48/2045 2184/61/2049 2186/62/2051 2180/49/2046 
f 2187/63/2052 2188/64/2053 2189/65/2054 2190/66/2055 
f 2186/59/2051 2187/67/2052 2190/68/2055 2185/60/2050 
f 2186/62/2051 2184/61/2049 2188/69/2053 2187/70/2052 
f 2183/55/2048 2189/65/2054 2188/64/2053 2184/56/2049 
f 2185/57/2050 2190/71/2055 2189/72/2054 2183/58/2048 
f 2191/73/2056 2192/74/2057 2193/75/2058 2194/76/2059 
f 2192/74/2057 2195/77/2060 2196/78/2061 2193/75/2058 
f 2195/77/2060 2197/79/2062 2198/80/2063 2196/78/2061 
f 2197/79/2062 2199/81/2064 2200/82/2065 2198/80/2063 
f 2199/81/2064 2201/83/2066 2202/84/2067 2200/82/2065 
f 2201/83/2066 2203/85/2068 2204/86/2069 2202/84/2067 
f 2203/85/2068 2205/87/2070 2206/88/2071 2204/86/2069 
f 2205/87/2070 2207/89/2072 2208/90/2073 2206/88/2071 
f 2207/89/2072 2209/91/2074 2210/92/2075 2208/90/2073 
f 2209/91/2074 2211/93/2076 2212/94/2077 2210/92/2075 
f 2211/93/2076 2156/95/2078 2155/96/2079 2212/94/2077 
f 2213/97/2080 2214/98/2081 2215/99/2082 2216/100/2083 
f 2217/101/2084 2218/102/2085 2214/98/2081 2213/97/2080 
f 2219/103/2086 2220/104/2087 2218/102/2085 2217/101/2084 
f 2221/105/2088 2222/106/2089 2220/104/2087 2219/103/2086 
f 2223/107/2090 2224/108/2091 2222/106/2089 2221/105/2088 
f 2225/109/2092 2226/110/2093 2224/108/2091 2223/107/2090 
f 2227/111/2094 2228/112/2095 2226/110/2093 2225/109/2092 
f 2229/113/2096 2230/114/2097 2228/112/2095 2227/111/2094 
f 2231/115/2098 2232/116/2099 2230/114/2097 2229/113/2096 
f 2233/117/2100 2234/118/2101 2232/116/2099 2231/115/2098 
f 2158/119/2102 2157/120/2103 2234/118/2101 2233/117/2100 
f 2193/121/2058 2213/122/2080 2216/123/2083 2194/124/2059 
f 2196/125/2061 2217/126/2084 2213/122/2080 2193/121/2058 
f 2198/127/2063 2219/128/2086 2217/126/2084 2196/125/2061 
f 2200/129/2065 2221/130/2088 2219/128/2086 2198/127/2063 
f 2202/131/2067 2223/132/2090 2221/130/2088 2200/129/2065 
f 2204/133/2069 2225/134/2092 2223/132/2090 2202/131/2067 
f 2206/135/2071 2227/136/2094 2225/134/2092 2204/133/2069 
f 2208/137/2073 2229/138/2096 2227/136/2094 2206/135/2071 
f 2210/139/2075 2231/140/2098 2229/138/2096 2208/137/2073 
f 2212/141/2077 2233/142/2100 2231/140/2098 2210/139/2075 
f 2155/143/2079 2158/144/2102 2233/142/2100 2212/141/2077 
f 2211/145/2076 2234/146/2101 2157/147/2103 2156/148/2078 
f 2209/149/2074 2232/150/2099 2234/146/2101 2211/145/2076 
f 2207/151/2072 2230/152/2097 2232/150/2099 2209/149/2074 
f 2205/153/2070 2228/154/2095 2230/152/2097 2207/151/2072 
f 2203/155/2068 2226/156/2093 2228/154/2095 2205/153/2070 
f 2201/157/2066 2224/158/2091 2226/156/2093 2203/155/2068 
f 2199/159/2064 2222/160/2089 2224/158/2091 2201/157/2066 
f 2197/161/2062 2220/162/2087 2222/160/2089 2199/159/2064 
f 2195/163/2060 2218/164/2085 2220/162/2087 2197/161/2062 
f 2192/165/2057 2214/166/2081 2218/164/2085 2195/163/2060 
f 2191/167/2056 2215/168/2082 2214/166/2081 2192/165/2057 
f 2235/169/2104 2236/170/2105 2237/171/2106 2238/172/2107 
f 2239/173/2108 2235/169/2104 2238/172/2107 2240/174/2109 
f 2239/175/2108 2236/170/2105 2235/169/2104 
f 2237/171/2106 2240/176/2109 2238/172/2107 
f 2194/76/2059 2241/177/86 2242/178/144 2191/73/2056 
f 2215/99/2082 2243/179/145 2244/180/89 2216/100/2083 
f 2216/123/2083 2244/181/89 2241/182/86 2194/124/2059 
f 2191/167/2056 2242/183/144 2243/184/145 2215/168/2082 
f 2245/1/2110 2246/2/2111 2247/3/2112 2248/4/2113 
f 2249/5/2114 2250/6/2115 2251/7/2116 2252/8/2117 
f 2247/9/2112 2249/5/2114 2252/8/2117 2248/10/2113 
f 2247/11/2112 2246/12/2111 2250/13/2115 2249/14/2114 
f 2248/15/2113 2252/16/2117 2251/17/2116 2245/18/2110 
f 2245/1/2110 2253/19/2118 2254/20/2119 2246/2/2111 
f 2251/17/2116 2255/21/2120 2253/22/2118 2245/18/2110 
f 2250/6/2115 2256/23/2121 2255/24/2120 2251/7/2116 
f 2250/13/2115 2246/12/2111 2254/25/2119 2256/26/2121 
f 2257/27/2122 2258/28/2123 2259/29/2124 2260/30/2125 
f 2255/24/2120 2256/23/2121 2257/27/2122 2260/30/2125 
f 2256/26/2121 2254/25/2119 2258/31/2123 2257/32/2122 
f 2253/19/2118 2259/33/2124 2258/34/2123 2254/20/2119 
f 2255/21/2120 2260/35/2125 2259/36/2124 2253/22/2118 
f 2261/37/2126 2262/38/2127 2263/39/401 2264/40/487 
f 2265/41/403 2266/42/2128 2267/43/2129 2268/44/490 
f 2263/39/401 2265/45/403 2268/46/490 2264/40/487 
f 2263/47/401 2262/48/2127 2266/49/2128 2265/50/403 
f 2264/51/487 2268/52/490 2267/53/2129 2261/54/2126 
f 2261/37/2126 2269/55/2130 2270/56/2131 2262/38/2127 
f 2267/53/2129 2271/57/2132 2269/58/2130 2261/54/2126 
f 2266/42/2128 2272/59/2133 2271/60/2132 2267/43/2129 
f 2262/48/2127 2270/61/2131 2272/62/2133 2266/49/2128 
f 2273/63/2134 2274/64/2135 2275/65/2136 2276/66/2137 
f 2272/59/2133 2273/67/2134 2276/68/2137 2271/60/2132 
f 2272/62/2133 2270/61/2131 2274/69/2135 2273/70/2134 
f 2269/55/2130 2275/65/2136 2274/64/2135 2270/56/2131 
f 2271/57/2132 2276/71/2137 2275/72/2136 2269/58/2130 
f 2277/73/2138 2278/74/2139 2279/75/2140 2280/76/2141 
f 2278/74/2139 2281/77/2142 2282/78/2143 2279/75/2140 
f 2281/77/2142 2283/79/2144 2284/80/2145 2282/78/2143 
f 2283/79/2144 2285/81/2146 2286/82/2147 2284/80/2145 
f 2285/81/2146 2287/83/2148 2288/84/2149 2286/82/2147 
f 2287/83/2148 2289/85/2150 2290/86/2151 2288/84/2149 
f 2289/85/2150 2291/87/2152 2292/88/2153 2290/86/2151 
f 2291/87/2152 2293/89/2154 2294/90/2155 2292/88/2153 
f 2293/89/2154 2295/91/2156 2296/92/2157 2294/90/2155 
f 2295/91/2156 2297/93/2158 2298/94/2159 2296/92/2157 
f 2297/93/2158 2242/95/2160 2241/96/2161 2298/94/2159 
f 2299/97/2162 2300/98/2163 2301/99/2164 2302/100/2165 
f 2303/101/2166 2304/102/2167 2300/98/2163 2299/97/2162 
f 2305/103/2168 2306/104/2169 2304/102/2167 2303/101/2166 
f 2307/105/2170 2308/106/2171 2306/104/2169 2305/103/2168 
f 2309/107/2172 2310/108/2173 2308/106/2171 2307/105/2170 
f 2311/109/2174 2312/110/2175 2310/108/2173 2309/107/2172 
f 2313/111/2176 2314/112/2177 2312/110/2175 2311/109/2174 
f 2315/113/2178 2316/114/2179 2314/112/2177 2313/111/2176 
f 2317/115/2180 2318/116/2181 2316/114/2179 2315/113/2178 
f 2319/117/2182 2320/118/2183 2318/116/2181 2317/115/2180 
f 2244/119/2184 2243/120/2185 2320/118/2183 2319/117/2182 
f 2279/121/2140 2299/122/2162 2302/123/2165 2280/124/2141 
f 2282/125/2143 2303/126/2166 2299/122/2162 2279/121/2140 
f 2284/127/2145 2305/128/2168 2303/126/2166 2282/125/2143 
f 2286/129/2147 2307/130/2170 2305/128/2168 2284/127/2145 
f 2288/131/2149 2309/132/2172 2307/130/2170 2286/129/2147 
f 2290/133/2151 2311/134/2174 2309/132/2172 2288/131/2149 
f 2292/135/2153 2313/136/2176 2311/134/2174 2290/133/2151 
f 2294/137/2155 2315/138/2178 2313/136/2176 2292/135/2153 
f 2296/139/2157 2317/140/2180 2315/138/2178 2294/137/2155 
f 2298/141/2159 2319/142/2182 2317/140/2180 2296/139/2157 
f 2241/143/2161 2244/144/2184 2319/142/2182 2298/141/2159 
f 2297/145/2158 2320/146/2183 2243/147/2185 2242/148/2160 
f 2295/149/2156 2318/150/2181 2320/146/2183 2297/145/2158 
f 2293/151/2154 2316/152/2179 2318/150/2181 2295/149/2156 
f 2291/153/2152 2314/154/2177 2316/152/2179 2293/151/2154 
f 2289/155/2150 2312/156/2175 2314/154/2177 2291/153/2152 
f 2287/157/2148 2310/158/2173 2312/156/2175 2289/155/2150 
f 2285/159/2146 2308/160/2171 2310/158/2173 2287/157/2148 
f 2283/161/2144 2306/162/2169 2308/160/2171 2285/159/2146 
f 2281/163/2142 2304/164/2167 2306/162/2169 2283/161/2144 
f 2278/165/2139 2300/166/2163 2304/164/2167 2281/163/2142 
f 2277/167/2138 2301/168/2164 2300/166/2163 2278/165/2139 
f 2321/169/2186 2322/170/2187 2323/171/2188 2324/172/2189 
f 2325/173/2190 2321/169/2186 2324/172/2189 2326/174/2191 
f 2325/175/2190 2322/170/2187 2321/169/2186 
f 2323/171/2188 2326/176/2191 2324/172/2189 
f 2280/76/2141 2327/177/217 2328/178/144 2277/73/2138 
f 2301/99/2164 2329/179/145 2330/180/218 2302/100/2165 
f 2302/123/2165 2330/181/218 2327/182/217 2280/124/2141 
f 2277/167/2138 2328/183/144 2329/184/145 2301/168/2164 
f 2331/1/2192 2332/2/2193 2333/3/2194 2334/4/2195 
f 2335/5/2196 2336/6/2197 2337/7/2198 2338/8/2199 
f 2333/9/2194 2335/5/2196 2338/8/2199 2334/10/2195 
f 2333/11/2194 2332/12/2193 2336/13/2197 2335/14/2196 
f 2334/15/2195 2338/16/2199 2337/17/2198 2331/18/2192 
f 2331/1/2192 2339/19/2200 2340/20/2201 2332/2/2193 
f 2337/17/2198 2341/21/2202 2339/22/2200 2331/18/2192 
f 2336/6/2197 2342/23/2203 2341/24/2202 2337/7/2198 
f 2336/13/2197 2332/12/2193 2340/25/2201 2342/26/2203 
f 2343/27/2204 2344/28/2205 2345/29/2206 2346/30/2207 
f 2341/24/2202 2342/23/2203 2343/27/2204 2346/30/2207 
f 2342/26/2203 2340/25/2201 2344/31/2205 2343/32/2204 
f 2339/19/2200 2345/33/2206 2344/34/2205 2340/20/2201 
f 2341/21/2202 2346/35/2207 2345/36/2206 2339/22/2200 
f 2347/37/2208 2348/38/2209 2349/39/2210 2350/40/402 
f 2351/41/2211 2352/42/2212 2353/43/2213 2354/44/406 
f 2349/39/2210 2351/45/2211 2354/46/406 2350/40/402 
f 2349/47/2210 2348/48/2209 2352/49/2212 2351/50/2211 
f 2350/51/402 2354/52/406 2353/53/2213 2347/54/2208 
f 2347/37/2208 2355/55/2214 2356/56/2215 2348/38/2209 
f 2353/53/2213 2357/57/2216 2355/58/2214 2347/54/2208 
f 2352/42/2212 2358/59/2217 2357/60/2216 2353/43/2213 
f 2348/48/2209 2356/61/2215 2358/62/2217 2352/49/2212 
f 2359/63/2218 2360/64/2219 2361/65/2220 2362/66/2221 
f 2358/59/2217 2359/67/2218 2362/68/2221 2357/60/2216 
f 2358/62/2217 2356/61/2215 2360/69/2219 2359/70/2218 
f 2355/55/2214 2361/65/2220 2360/64/2219 2356/56/2215 
f 2357/57/2216 2362/71/2221 2361/72/2220 2355/58/2214 
f 2363/73/2222 2364/74/2223 2365/75/2224 2366/76/2225 
f 2364/74/2223 2367/77/2226 2368/78/2227 2365/75/2224 
f 2367/77/2226 2369/79/1559 2370/80/1558 2368/78/2227 
f 2369/79/1559 2371/81/2228 2372/82/2229 2370/80/1558 
f 2371/81/2228 2373/83/2230 2374/84/2231 2372/82/2229 
f 2373/83/2230 2375/85/2232 2376/86/2233 2374/84/2231 
f 2375/85/2232 2377/87/2234 2378/88/2235 2376/86/2233 
f 2377/87/2234 2379/89/2236 2380/90/2237 2378/88/2235 
f 2379/89/2236 2381/91/2238 2382/92/2239 2380/90/2237 
f 2381/91/2238 2383/93/2240 2384/94/2241 2382/92/2239 
f 2383/93/2240 2328/95/2242 2327/96/2243 2384/94/2241 
f 2385/97/2244 2386/98/2245 2387/99/2246 2388/100/2247 
f 2389/101/2248 2390/102/2249 2386/98/2245 2385/97/2244 
f 2391/103/1577 2392/104/1576 2390/102/2249 2389/101/2248 
f 2393/105/2250 2394/106/2251 2392/104/1576 2391/103/1577 
f 2395/107/2252 2396/108/2253 2394/106/2251 2393/105/2250 
f 2397/109/2254 2398/110/2255 2396/108/2253 2395/107/2252 
f 2399/111/2256 2400/112/2257 2398/110/2255 2397/109/2254 
f 2401/113/2258 2402/114/2259 2400/112/2257 2399/111/2256 
f 2403/115/2260 2404/116/2261 2402/114/2259 2401/113/2258 
f 2405/117/2262 2406/118/2263 2404/116/2261 2403/115/2260 
f 2330/119/2264 2329/120/2265 2406/118/2263 2405/117/2262 
f 2365/121/2224 2385/122/2244 2388/123/2247 2366/124/2225 
f 2368/125/2227 2389/126/2248 2385/122/2244 2365/121/2224 
f 2370/127/1558 2391/128/1577 2389/126/2248 2368/125/2227 
f 2372/129/2229 2393/130/2250 2391/128/1577 2370/127/1558 
f 2374/131/2231 2395/132/2252 2393/130/2250 2372/129/2229 
f 2376/133/2233 2397/134/2254 2395/132/2252 2374/131/2231 
f 2378/135/2235 2399/136/2256 2397/134/2254 2376/133/2233 
f 2380/137/2237 2401/138/2258 2399/136/2256 2378/135/2235 
f 2382/139/2239 2403/140/2260 2401/138/2258 2380/137/2237 
f 2384/141/2241 2405/142/2262 2403/140/2260 2382/139/2239 
f 2327/143/2243 2330/144/2264 2405/142/2262 2384/141/2241 
f 2383/145/2240 2406/146/2263 2329/147/2265 2328/148/2242 
f 2381/149/2238 2404/150/2261 2406/146/2263 2383/145/2240 
f 2379/151/2236 2402/152/2259 2404/150/2261 2381/149/2238 
f 2377/153/2234 2400/154/2257 2402/152/2259 2379/151/2236 
f 2375/155/2232 2398/156/2255 2400/154/2257 2377/153/2234 
f 2373/157/2230 2396/158/2253 2398/156/2255 2375/155/2232 
f 2371/159/2228 2394/160/2251 2396/158/2253 2373/157/2230 
f 2369/161/1559 2392/162/1576 2394/160/2251 2371/159/2228 
f 2367/163/2226 2390/164/2249 2392/162/1576 2369/161/1559 
f 2364/165/2223 2386/166/2245 2390/164/2249 2367/163/2226 
f 2363/167/2222 2387/168/2246 2386/166/2245 2364/165/2223 
f 2407/169/2266 2408/170/2267 2409/171/2268 2410/172/2269 
f 2411/173/2270 2407/169/2266 2410/172/2269 2412/174/2271 
f 2411/175/2270 2408/170/2267 2407/169/2266 
f 2409/171/2268 2412/176/2271 2410/172/2269 
f 2366/76/2225 2413/177/217 2414/178/144 2363/73/2222 
f 2387/99/2246 2415/179/145 2416/180/218 2388/100/2247 
f 2388/123/2247 2416/181/218 2413/182/217 2366/124/2225 
f 2363/167/2222 2414/183/144 2415/184/145 2387/168/2246 
f 2417/1/2272 2418/2/2273 2419/3/2274 2420/4/2275 
f 2421/5/2276 2422/6/2277 2423/7/2278 2424/8/2279 
f 2419/9/2274 2421/5/2276 2424/8/2279 2420/10/2275 
f 2419/11/2274 2418/12/2273 2422/13/2277 2421/14/2276 
f 2420/15/2275 2424/16/2279 2423/17/2278 2417/18/2272 
f 2417/1/2272 2425/19/2280 2426/20/2281 2418/2/2273 
f 2423/17/2278 2427/21/2282 2425/22/2280 2417/18/2272 
f 2422/6/2277 2428/23/2283 2427/24/2282 2423/7/2278 
f 2422/13/2277 2418/12/2273 2426/25/2281 2428/26/2283 
f 2429/27/2284 2430/28/2285 2431/29/2286 2432/30/2287 
f 2427/24/2282 2428/23/2283 2429/27/2284 2432/30/2287 
f 2428/26/2283 2426/25/2281 2430/31/2285 2429/32/2284 
f 2425/19/2280 2431/33/2286 2430/34/2285 2426/20/2281 
f 2427/21/2282 2432/35/2287 2431/36/2286 2425/22/2280 
f 2433/37/2288 2434/38/2289 2435/39/19 2436/40/20 
f 2437/41/21 2438/42/2290 2439/43/2291 2440/44/24 
f 2435/39/19 2437/45/21 2440/46/24 2436/40/20 
f 2435/47/19 2434/48/2289 2438/49/2290 2437/50/21 
f 2436/51/20 2440/52/24 2439/53/2291 2433/54/2288 
f 2433/37/2288 2441/55/2292 2442/56/2293 2434/38/2289 
f 2439/53/2291 2443/57/2294 2441/58/2292 2433/54/2288 
f 2438/42/2290 2444/59/2295 2443/60/2294 2439/43/2291 
f 2434/48/2289 2442/61/2293 2444/62/2295 2438/49/2290 
f 2445/63/2296 2446/64/2297 2447/65/2298 2448/66/2299 
f 2444/59/2295 2445/67/2296 2448/68/2299 2443/60/2294 
f 2444/62/2295 2442/61/2293 2446/69/2297 2445/70/2296 
f 2441/55/2292 2447/65/2298 2446/64/2297 2442/56/2293 
f 2443/57/2294 2448/71/2299 2447/72/2298 2441/58/2292 
f 2449/73/2300 2450/74/2301 2451/75/2302 2452/76/2303 
f 2450/74/2301 2453/77/171 2454/78/172 2451/75/2302 
f 2453/77/171 2455/79/2304 2456/80/2305 2454/78/172 
f 2455/79/2304 2457/81/2306 2458/82/2307 2456/80/2305 
f 2457/81/2306 2459/83/2308 2460/84/2309 2458/82/2307 
f 2459/83/2308 2461/85/2310 2462/86/2311 2460/84/2309 
f 2461/85/2310 2463/87/2312 2464/88/2313 2462/86/2311 
f 2463/87/2312 2465/89/263 2466/90/264 2464/88/2313 
f 2465/89/263 2467/91/2314 2468/92/2315 2466/90/264 
f 2467/91/2314 2469/93/2316 2470/94/2317 2468/92/2315 
f 2469/93/2316 2414/95/2318 2413/96/2319 2470/94/2317 
f 2471/97/2320 2472/98/2321 2473/99/2322 2474/100/2323 
f 2475/101/193 2476/102/194 2472/98/2321 2471/97/2320 
f 2477/103/2324 2478/104/2325 2476/102/194 2475/101/193 
f 2479/105/2326 2480/106/2327 2478/104/2325 2477/103/2324 
f 2481/107/2328 2482/108/2329 2480/106/2327 2479/105/2326 
f 2483/109/2330 2484/110/2331 2482/108/2329 2481/107/2328 
f 2485/111/2332 2486/112/2333 2484/110/2331 2483/109/2330 
f 2487/113/287 2488/114/288 2486/112/2333 2485/111/2332 
f 2489/115/2334 2490/116/2335 2488/114/288 2487/113/287 
f 2491/117/2336 2492/118/2337 2490/116/2335 2489/115/2334 
f 2416/119/2338 2415/120/2339 2492/118/2337 2491/117/2336 
f 2451/121/2302 2471/122/2320 2474/123/2323 2452/124/2303 
f 2454/125/172 2475/126/193 2471/122/2320 2451/121/2302 
f 2456/127/2305 2477/128/2324 2475/126/193 2454/125/172 
f 2458/129/2307 2479/130/2326 2477/128/2324 2456/127/2305 
f 2460/131/2309 2481/132/2328 2479/130/2326 2458/129/2307 
f 2462/133/2311 2483/134/2330 2481/132/2328 2460/131/2309 
f 2464/135/2313 2485/136/2332 2483/134/2330 2462/133/2311 
f 2466/137/264 2487/138/287 2485/136/2332 2464/135/2313 
f 2468/139/2315 2489/140/2334 2487/138/287 2466/137/264 
f 2470/141/2317 2491/142/2336 2489/140/2334 2468/139/2315 
f 2413/143/2319 2416/144/2338 2491/142/2336 2470/141/2317 
f 2469/145/2316 2492/146/2337 2415/147/2339 2414/148/2318 
f 2467/149/2314 2490/150/2335 2492/146/2337 2469/145/2316 
f 2465/151/263 2488/152/288 2490/150/2335 2467/149/2314 
f 2463/153/2312 2486/154/2333 2488/152/288 2465/151/263 
f 2461/155/2310 2484/156/2331 2486/154/2333 2463/153/2312 
f 2459/157/2308 2482/158/2329 2484/156/2331 2461/155/2310 
f 2457/159/2306 2480/160/2327 2482/158/2329 2459/157/2308 
f 2455/161/2304 2478/162/2325 2480/160/2327 2457/159/2306 
f 2453/163/171 2476/164/194 2478/162/2325 2455/161/2304 
f 2450/165/2301 2472/166/2321 2476/164/194 2453/163/171 
f 2449/167/2300 2473/168/2322 2472/166/2321 2450/165/2301 
f 2493/169/2340 2494/170/2341 2495/171/2342 2496/172/2343 
f 2497/173/2344 2493/169/2340 2496/172/2343 2498/174/2345 
f 2497/175/2344 2494/170/2341 2493/169/2340 
f 2495/171/2342 2498/176/2345 2496/172/2343 
f 2452/76/2303 2499/177/217 2500/178/144 2449/73/2300 
f 2473/99/2322 2501/179/145 2502/180/218 2474/100/2323 
f 2474/123/2323 2502/181/218 2499/182/217 2452/124/2303 
f 2449/167/2300 2500/183/144 2501/184/145 2473/168/2322 
# 2262 polygons - 58 triangles

#
# object chainsaw_body_LP
#

v  -4.3203 1.6548 1.1264
v  -4.3066 1.2380 2.2485
v  -4.2644 4.7920 2.2592
v  -4.2780 4.7369 1.1580
v  -1.0073 14.2997 0.9101
v  -0.9877 13.9208 1.8708
v  0.3825 13.9208 1.8708
v  0.4021 14.2997 0.9101
v  0.4067 14.3049 0.5591
v  -1.0119 14.3049 0.5591
v  3.6976 1.1227 2.3362
v  3.7889 1.1103 1.2991
v  3.6082 4.6801 1.1686
v  3.5949 4.7920 2.2592
v  -3.3038 -5.8278 7.8274
v  -3.3751 -5.7815 7.6832
v  -3.3751 -8.3931 7.3274
v  -3.3038 -8.4334 7.4582
v  -3.4932 -8.2722 6.9356
v  -3.4932 -5.6428 7.2511
v  3.4212 4.6257 5.2593
v  3.5230 0.9677 5.1338
v  3.5779 1.0631 4.8558
v  3.4747 4.7484 4.9552
v  3.0459 3.7315 7.1070
v  3.1374 0.2758 6.8150
v  -4.3397 0.1513 1.1213
v  -4.3262 -0.5493 2.2407
v  3.5775 -1.9213 4.7816
v  3.6070 -1.8636 4.4328
v  3.6108 1.0990 4.4130
v  -3.2890 2.4334 8.9531
v  -3.3427 2.8789 8.8686
v  -3.3751 -0.3885 8.4178
v  -3.3038 -0.4557 8.5897
v  -3.4932 -0.1869 7.9024
v  -3.4596 3.1530 8.3022
v  2.6501 -0.4545 8.5897
v  2.6501 -3.1973 8.1998
v  2.7698 -3.1380 8.0421
v  2.7698 -0.3838 8.4178
v  2.8880 -2.9602 7.5693
v  2.8880 -0.1717 7.9024
v  -3.3751 -3.1660 8.0421
v  -3.3038 -3.2043 8.1998
v  -3.4932 -3.0514 7.5693
v  -5.5279 -6.5725 1.2280
v  -5.5279 -6.6579 2.2448
v  -5.5279 -4.0385 2.2390
v  -5.5279 -3.8978 1.2081
v  3.5774 -4.7511 4.7028
v  3.5774 -7.5567 4.6230
v  3.6061 -7.4468 4.3189
v  3.6063 -4.6671 4.3828
v  2.6501 -5.8266 7.8274
v  2.6501 -8.4334 7.4582
v  2.7698 -8.3931 7.3274
v  2.7698 -5.7769 7.6832
v  2.8880 -8.2722 6.9356
v  2.8880 -5.6276 7.2511
v  3.6082 4.5443 0.2664
v  3.8474 1.0909 0.3917
v  3.8392 1.0393 -2.0495
v  3.5844 4.1828 -2.0130
v  3.7560 1.0219 -2.5863
v  3.5129 4.0612 -2.5310
v  3.0994 3.6566 -3.5682
v  3.2754 0.9641 -3.5655
v  -4.2024 -10.3106 4.5759
v  -4.1282 -10.3522 4.7336
v  -4.1282 -7.6227 4.8303
v  -4.2024 -7.5686 4.6550
v  -3.7427 -8.0171 6.1087
v  -3.7427 -10.6564 5.8837
v  -5.5279 -8.9318 1.2920
v  -5.5279 -9.1038 2.3427
v  -5.4877 -2.9634 4.6537
v  -5.5055 -2.5479 4.3310
v  -5.5279 -4.6922 4.2745
v  -5.5052 -4.8044 4.6329
v  3.5773 -10.2948 4.5452
v  3.6060 -10.1596 4.2565
v  4.3041 -4.2630 1.9964
v  4.2313 -1.6592 1.8975
v  3.6749 -1.6863 2.8534
v  3.6703 -4.3165 2.9325
v  2.6501 -10.9775 7.0979
v  2.7698 -10.9464 6.9802
v  2.8880 -10.8532 6.6277
v  3.5230 -2.0049 5.0292
v  3.5230 -4.8259 4.9293
v  3.1374 -2.5850 6.5716
v  3.1374 -5.3127 6.3391
v  3.6695 -6.9252 2.9241
v  3.6686 -9.4712 2.9158
v  4.3022 -8.9786 1.9964
v  4.3032 -6.7995 1.9964
v  4.7702 -8.6881 1.0038
v  4.7712 -6.7650 1.0038
v  4.6408 -1.6592 0.9172
v  4.7722 -4.2630 1.0038
v  4.8739 -8.5909 -1.9711
v  4.8746 -6.7535 -1.9711
v  4.7282 -1.6592 -1.9835
v  4.8756 -4.2630 -1.9711
v  4.7170 -8.5900 -2.5956
v  4.7169 -6.7534 -2.5956
v  3.8097 -8.5850 -3.5651
v  3.8054 -6.7528 -3.5651
v  4.5811 -1.6592 -2.5956
v  3.7307 -1.6592 -3.5651
v  4.7178 -4.2630 -2.5956
v  3.8057 -4.2630 -3.5651
v  -4.1754 4.7897 4.4795
v  -4.2489 4.7916 2.6464
v  -4.2909 1.2095 2.6234
v  -4.2166 1.0501 4.3985
v  0.4782 6.1884 4.2030
v  -1.0817 6.1884 4.2030
v  -1.3141 6.1554 4.5813
v  0.7194 6.1554 4.5813
v  3.6825 1.1186 2.6983
v  3.5796 4.7916 2.6464
v  3.5073 4.7897 4.4795
v  -4.3107 -0.7469 2.6066
v  -4.2376 -1.8541 4.3392
v  3.6631 -1.7172 3.1288
v  -5.5279 -4.1482 2.5939
v  -5.5279 -6.7841 2.5952
v  -5.5279 -7.4034 4.2168
v  3.6592 -4.3776 3.1854
v  3.6584 -7.0162 3.1673
v  -5.5279 -10.0828 4.2009
v  -5.5279 -9.2429 2.7212
v  -5.5279 -9.7512 2.7228
v  -5.5279 -10.5299 4.1583
v  -5.5068 -1.3895 2.6099
v  -5.5071 -1.1810 2.2464
v  3.6656 -9.9387 2.8260
v  3.6577 -9.5913 3.1496
v  3.6560 -10.0504 3.0545
v  3.4578 -12.0497 2.7012
v  3.5407 -12.3112 2.4877
v  3.6510 -11.1740 2.7710
v  3.5407 -11.2509 2.9673
v  3.5420 -12.2928 2.2888
v  3.6564 -11.0903 2.5573
v  3.5774 -10.0659 3.3564
v  3.6212 -12.1172 1.5675
v  3.9732 -10.7515 1.7513
v  3.6797 -11.9213 0.7780
v  4.2072 -10.5089 0.8747
v  4.2199 -9.4743 1.9351
v  4.6295 -9.1884 0.9715
v  3.6927 -11.4112 -1.6719
v  4.2591 -10.1763 -1.8001
v  4.7202 -9.0300 -1.9284
v  3.6731 -11.2987 -2.1653
v  4.1806 -10.1196 -2.3497
v  3.5597 -11.0895 -2.8257
v  3.7271 -10.0439 -3.1426
v  4.5829 -9.0152 -2.5341
v  3.7892 -8.9923 -3.4594
v  -5.5279 -10.9225 2.3470
v  -5.5279 -10.7354 1.4049
v  -5.5279 -12.1574 1.4871
v  -5.5279 -12.3276 2.3372
v  -5.5279 -9.6187 2.3466
v  -5.5279 -9.4405 1.3221
v  -4.2873 4.4537 -1.9967
v  -4.2877 4.3580 -2.5126
v  -4.3203 3.2983 -2.4572
v  -4.3203 3.1297 -1.9478
v  -4.2822 3.9747 -3.5691
v  -4.3203 3.3828 -3.5719
v  -4.3203 2.1029 0.2146
v  -4.3397 2.1938 -1.9395
v  -4.3397 0.7634 0.2082
v  -4.3397 2.4312 -2.4479
v  -4.3397 2.5595 -3.5722
v  -4.2793 4.6659 0.2534
v  0.5410 5.3268 1.7348
v  0.9178 5.2223 1.1633
v  -1.5199 5.2223 1.1633
v  -1.6303 5.3268 1.7348
v  0.7102 5.0670 0.2599
v  -1.4609 5.0670 0.2599
v  0.1350 4.7251 -1.9914
v  -1.7644 4.7251 -1.9914
v  -5.5065 -8.5830 -3.7013
v  -5.5279 -8.5916 -3.5798
v  -5.5279 -6.7433 -3.5818
v  -5.5066 -6.7475 -3.7019
v  -5.5279 -6.7135 -2.7426
v  -5.5279 -8.6509 -2.7297
v  -5.5279 -3.7445 -3.5799
v  -5.5067 -3.7461 -3.7048
v  -5.5279 -3.7330 -2.7062
v  -5.4912 0.9542 -3.6784
v  -5.5073 1.5959 -3.5666
v  -5.5073 1.4923 -2.4781
v  -5.5279 -9.3578 0.4149
v  -5.5279 -8.8670 0.3644
v  -5.5279 -6.6050 0.3122
v  -5.5279 -3.8488 0.2940
v  -5.5073 -0.5307 1.1403
v  -5.5073 0.0126 0.2271
v  -5.5279 -10.6101 0.5605
v  -5.5279 -12.0134 0.7056
v  -5.5279 -9.1214 -2.1245
v  -5.5279 -8.6883 -2.1943
v  -5.5279 -6.6947 -2.2140
v  -5.5279 -3.7464 -2.1810
v  -5.5073 1.2831 -1.9673
v  -5.5279 -10.2315 -1.9173
v  -5.5279 -11.5668 -1.7076
v  -5.5279 -9.0726 -2.6601
v  -5.5279 -10.1549 -2.4528
v  -5.5279 -8.9991 -3.5252
v  -5.5279 -10.0496 -3.3617
v  -5.5279 -11.3597 -3.1441
v  -5.5279 -11.4774 -2.2354
v  -4.2024 -4.8357 4.7360
v  -4.2839 -4.8151 4.6719
v  -4.2839 -7.5508 4.5969
v  -5.4374 -7.5541 4.6039
v  -5.4374 -4.8185 4.6789
v  -4.2024 -2.4144 4.7617
v  -4.2858 -2.7625 4.6906
v  -5.4375 -2.7659 4.6976
v  -4.3006 -2.2452 4.3317
v  -5.4386 -2.2486 4.3387
v  -4.3848 -0.7543 2.2401
v  -4.3701 -0.9801 2.6048
v  -5.4436 -0.9835 2.6117
v  -5.4447 -0.7576 2.2470
v  -4.3977 -0.0185 1.1217
v  -4.3977 0.6068 0.2086
v  -5.4456 0.6035 0.2156
v  -5.4456 -0.0219 1.1286
v  -4.3977 2.0711 -1.9391
v  -5.4456 2.0677 -1.9321
v  -4.3977 2.3126 -2.4475
v  -4.3977 2.4351 -3.5718
v  -5.4456 2.3093 -2.4405
v  -4.2606 -3.7456 -3.7542
v  -4.3622 -3.7431 -3.7538
v  -4.3926 1.6134 -3.7278
v  -4.3026 1.9861 -3.7491
v  -5.4453 1.6100 -3.7208
v  -5.4431 -3.7464 -3.7468
v  -4.2554 -6.7452 -3.7496
v  -4.3571 -6.7453 -3.7492
v  -5.4427 -6.7487 -3.7422
v  -4.2504 -8.5765 -3.7496
v  -4.3524 -8.5766 -3.7492
v  -5.4424 -8.5800 -3.7422
v  -4.2501 -10.0257 -3.5304
v  -4.3522 -10.0259 -3.5424
v  -4.3522 -8.9815 -3.6975
v  -4.2502 -8.9814 -3.6948
v  -4.2577 -11.3589 -3.2876
v  -4.3519 -11.3341 -3.3247
v  -5.4423 -10.0292 -3.5354
v  -5.4423 -11.3371 -3.3177
v  -5.4423 -8.9849 -3.6905
v  -4.2903 -13.3896 -2.7726
v  -4.3505 -13.6713 -2.7180
v  -4.3507 -13.3861 -2.8686
v  -4.3061 -13.1658 -2.8909
v  -4.2903 -13.4078 -2.1124
v  -4.3505 -13.6713 -2.1017
v  -5.4422 -13.6713 -2.0948
v  -5.4422 -13.6713 -2.7110
v  -5.4422 -13.3865 -2.8616
v  -4.2903 -13.4923 0.7472
v  -4.3505 -13.6713 0.7478
v  -4.3505 -13.6713 -1.6270
v  -4.2903 -13.4219 -1.6301
v  -5.4422 -13.6713 -1.6201
v  -5.4422 -13.6713 0.7548
v  -4.2903 -13.5148 1.5077
v  -4.3505 -13.6713 1.5083
v  -4.2899 -13.5354 2.2591
v  -4.3501 -13.6713 2.2681
v  -5.4422 -13.6713 1.5153
v  -5.4422 -13.6713 2.2750
v  -4.2760 -12.8679 4.4175
v  -4.2530 -11.7793 4.4483
v  -4.3141 -11.8005 4.5145
v  -4.3365 -12.8895 4.5105
v  -4.1874 -10.5593 4.5097
v  -4.2914 -10.7404 4.5196
v  -5.4379 -10.7437 4.5266
v  -5.4396 -11.8038 4.5215
v  -5.4412 -12.8925 4.5174
v  -4.2839 -10.2968 4.5237
v  -5.4374 -10.3002 4.5307
v  -4.1922 -10.5381 3.3493
v  -4.1832 -10.6134 4.1608
v  -4.2417 -11.6315 3.9937
v  -4.2280 -11.2988 3.0924
v  -5.5279 -12.4078 2.6824
v  -5.5279 -12.7359 3.8894
v  -5.5279 -11.6075 4.0314
v  -5.5279 -11.0342 2.7130
v  -4.3495 -13.6713 2.5381
v  -4.3456 -13.6713 3.7338
v  -5.4419 -13.6713 3.7408
v  -5.4421 -13.6713 2.5451
v  -4.2297 -12.7524 2.2078
v  -4.2706 -13.1276 2.2334
v  -4.2708 -13.0454 1.5070
v  -4.2297 -12.6215 1.5064
v  -4.2602 -12.7228 3.7989
v  -4.2657 -13.3205 3.7337
v  -4.2703 -13.1506 2.4654
v  -4.2296 -12.7780 2.4113
v  -4.2443 -12.5449 2.7146
v  -4.3434 -13.4201 4.5097
v  -4.2831 -13.4070 4.4069
v  -5.4417 -13.4217 4.5166
v  -5.4417 -13.6089 4.4135
v  -4.3432 -13.6085 4.4066
v  -4.2987 -13.5538 4.3260
v  -5.5062 -12.8723 4.4347
v  -5.5279 -13.3358 3.8018
v  -5.5063 -13.4103 4.4215
v  -5.4896 -13.5553 4.3367
v  -5.5064 -13.5874 3.7563
v  -5.5279 -13.1461 2.3106
v  -5.5279 -13.1879 2.6216
v  -5.5064 -13.5504 2.5645
v  -5.5064 -13.5400 2.2842
v  -5.5279 -13.0474 1.5150
v  -5.5279 -12.9572 0.7546
v  -5.5064 -13.4928 0.7550
v  -5.5064 -13.5153 1.5155
v  -5.5279 -12.6757 -1.6304
v  -5.5064 -13.4224 -1.6224
v  -5.5279 -12.6194 -2.1355
v  -5.5279 -12.5464 -2.9271
v  -5.5064 -13.3900 -2.7648
v  -5.5064 -13.4083 -2.1047
v  -5.5065 -11.3428 -3.2741
v  -5.4423 -12.5323 -3.0785
v  -5.5065 -12.5359 -3.0404
v  -4.3513 -12.5306 -3.0855
v  -5.4898 -13.1667 -2.8834
v  -4.2297 -11.7054 -3.0763
v  -4.2708 -12.5444 -2.9352
v  -4.2910 -12.5340 -3.0481
v  -4.2297 -11.8652 -2.1704
v  -4.2708 -12.6175 -2.1435
v  -4.2297 -12.4637 0.7459
v  -4.2708 -12.9553 0.7465
v  -4.2708 -12.6738 -1.6385
v  -4.2297 -11.9692 -1.6457
v  3.1949 5.3478 4.4917
v  3.2613 5.3498 2.6498
v  2.7632 5.3498 2.6498
v  2.7061 5.3478 4.4917
v  3.2753 5.3502 2.2608
v  2.7752 5.3502 2.2608
v  -4.1509 5.2223 1.1633
v  -4.1377 5.3502 2.2608
v  -2.7326 5.3502 2.2608
v  -2.6210 5.2223 1.1633
v  3.1766 -10.2462 4.1891
v  3.1277 -10.3095 4.3885
v  2.8311 -10.1996 4.1258
v  2.6668 -10.1014 3.8676
v  3.4771 -10.3501 4.4543
v  3.4242 -10.4088 4.6450
v  2.7775 -10.6940 5.6952
v  3.0475 -10.7308 5.8310
v  2.5075 -10.6422 5.5564
v  -3.2078 -11.0704 7.0824
v  -3.2459 -11.0676 6.9543
v  -1.8542 -11.0491 6.9187
v  -1.8330 -11.0658 7.0735
v  -1.8754 -11.0141 6.7642
v  -3.3602 -10.9654 6.5839
v  -2.6938 -10.9467 6.5623
v  2.3959 -0.4781 8.6470
v  2.4076 2.7886 9.0567
v  1.9512 2.7886 9.0567
v  1.9414 -0.4781 8.6470
v  2.5972 2.4334 8.9531
v  -3.1951 -0.4781 8.6470
v  -1.8259 -0.4781 8.6470
v  -1.8326 2.7886 9.0567
v  -3.2077 2.7886 9.0567
v  2.4429 3.3690 8.9364
v  1.9805 3.3690 8.9364
v  2.6881 2.8789 8.8686
v  2.8031 3.1530 8.3022
v  2.5485 3.6529 8.3623
v  2.0683 3.6529 8.3623
v  -3.9668 5.1780 5.2782
v  -2.1846 5.2118 5.2097
v  -2.5477 5.3136 4.9532
v  -4.0195 5.3051 4.9704
v  -3.5975 4.2519 7.1509
v  -2.0379 4.2519 7.1509
v  3.5044 -10.2235 4.1843
v  3.1994 -10.1478 3.9740
v  3.2215 -10.2373 3.3686
v  -3.2610 -10.0898 3.8452
v  -4.0272 -10.3569 4.4017
v  -4.0578 -10.2356 4.1427
v  -3.1967 -10.0243 3.7368
v  2.3959 -3.2171 8.2524
v  1.9414 -3.2171 8.2524
v  -3.1951 -3.2171 8.2524
v  -1.8259 -3.2171 8.2524
v  2.3959 -8.4469 7.5018
v  2.3959 -5.8432 7.8755
v  1.9414 -5.8432 7.8755
v  1.9414 -8.4469 7.5018
v  -3.1951 -8.4469 7.5018
v  -1.8259 -8.4469 7.5018
v  -1.8259 -5.8432 7.8755
v  -3.1951 -5.8432 7.8755
v  1.9515 -11.0665 7.0749
v  2.4078 -11.0687 7.0791
v  2.3959 -10.9879 7.1371
v  1.9414 -10.9879 7.1371
v  2.5973 -11.0379 7.0552
v  -3.1951 -10.9879 7.1371
v  -1.8259 -10.9879 7.1371
v  3.1650 5.3051 4.9704
v  2.6532 5.3072 4.9661
v  -4.0515 5.3478 4.4917
v  -2.6780 5.3478 4.4917
v  -2.7230 5.3498 2.6498
v  -4.1227 5.3498 2.6498
v  -4.1017 -10.2430 3.3795
v  -4.1047 -11.2766 3.0327
v  -3.2131 -11.2766 3.0327
v  -3.2120 -10.2294 3.3534
v  -4.1047 -12.3377 2.6719
v  -3.2131 -12.4035 2.6719
v  3.2231 -12.3650 2.6719
v  3.2231 -11.2766 3.0327
v  2.6274 -11.2766 3.0327
v  2.6274 -12.3990 2.6719
v  2.6267 -10.2303 3.3552
v  -4.1047 -12.7017 2.3933
v  -3.2131 -12.9648 2.3933
v  -4.1047 -12.7143 2.1993
v  -3.2131 -13.1922 2.1993
v  3.2231 -12.8781 1.5062
v  3.2231 -12.9129 2.1993
v  2.6274 -13.1596 2.1993
v  2.6274 -13.2220 1.5062
v  -4.1048 -11.0618 -3.2586
v  -4.1048 -10.0257 -3.4935
v  -3.2135 -10.0262 -3.3124
v  -3.2132 -11.0842 -2.9538
v  -3.2140 -8.9822 -3.6404
v  -4.1049 -8.9814 -3.6857
v  3.2171 -8.9876 -3.6357
v  3.2197 -10.0292 -3.2936
v  2.6243 -10.0290 -3.2936
v  2.6219 -8.9871 -3.6357
v  3.5705 -8.9889 -3.5916
v  3.5571 -10.0330 -3.2559
v  3.4651 -10.8029 -2.9843
v  3.2222 -11.0719 -2.9222
v  2.6266 -11.0834 -2.9222
v  2.6274 -13.0417 0.7457
v  3.2231 -12.6978 0.7457
v  -4.1047 -12.6013 1.5062
v  -3.2131 -13.2674 1.5062
v  -3.2131 -13.0871 0.7457
v  -4.1047 -12.4210 0.7457
v  2.6274 -12.4461 -1.6292
v  3.2231 -12.1161 -1.6292
v  -4.1047 -11.8506 -1.6454
v  -3.2131 -12.4896 -1.6307
v  3.2231 -11.4790 -2.7201
v  2.6274 -11.5251 -2.7201
v  3.2231 -11.9478 -2.1039
v  2.6274 -12.2358 -2.1039
v  -4.1047 -11.7159 -2.1687
v  -3.2131 -12.2739 -2.1100
v  -3.2131 -11.5312 -2.7527
v  -4.1047 -11.4419 -3.0663
v  3.2875 5.2223 1.1633
v  2.7558 5.2223 1.1633
v  3.2875 5.0670 0.2599
v  2.7227 5.0670 0.2599
v  -4.1564 5.0670 0.2599
v  -2.5756 5.0670 0.2599
v  3.2647 4.6539 -2.0048
v  2.6497 4.6724 -2.1315
v  -3.5626 4.6724 -2.1315
v  -2.8127 4.7251 -1.9914
v  3.1960 4.5149 -2.5218
v  2.7732 4.5699 -2.5531
v  2.7993 4.0526 -3.5687
v  2.4298 4.1527 -3.5323
v  -4.1640 3.9151 -3.7205
v  -4.1676 4.0526 -3.5687
v  -3.6214 4.1527 -3.5323
v  -3.4100 3.9743 -3.7078
v  -4.1898 4.5149 -2.5218
v  -3.7138 4.5699 -2.5531
v  -4.1052 -8.5766 -3.7497
v  -3.2143 -8.5774 -3.7497
v  -4.1102 -6.7452 -3.7497
v  -3.2194 -6.7461 -3.7497
v  3.2110 -6.7523 -3.7497
v  3.2160 -8.5836 -3.7497
v  2.6209 -8.5830 -3.7497
v  2.6158 -6.7517 -3.7497
v  3.5700 -6.7526 -3.7036
v  3.5749 -8.5841 -3.7036
v  -4.1481 1.6712 -3.7812
v  -4.1590 3.3368 -3.7835
v  -3.3031 3.0274 -3.7799
v  -3.2583 1.2821 -3.7776
v  2.7845 1.1099 -3.7537
v  3.1492 -1.4737 -3.7514
v  2.5561 -1.2150 -3.7539
v  2.2205 1.3091 -3.7562
v  3.1069 0.9951 -3.7058
v  3.5043 -1.6129 -3.7040
v  -4.1155 -3.7538 -3.7542
v  -3.2240 -3.8124 -3.7537
v  3.2108 -4.2353 -3.7500
v  2.6153 -4.1961 -3.7503
v  3.5701 -4.2560 -3.7036
v  2.7426 3.6232 -3.7162
v  2.1955 3.8314 -3.7056
v  2.9787 3.3240 -3.6763
v  -3.7427 -5.3502 6.3391
v  -4.1282 -4.8977 4.9293
v  1.5843 5.2118 5.2097
v  1.1339 5.3219 5.0010
v  -1.7283 5.3219 5.0010
v  -3.7064 3.7315 7.1070
v  -3.7427 0.2384 6.8150
v  -4.0879 4.6257 5.2593
v  -4.1282 0.8959 5.1338
v  -3.7427 -2.8094 6.5716
v  -4.1282 -2.4354 5.0292
v  3.1374 -8.0171 6.1087
v  3.5230 -7.6227 4.8303
v  -3.4600 -10.9448 6.6092
v  -3.3428 -11.0396 6.9652
v  -3.3751 -10.9464 6.9802
v  -3.4932 -10.8532 6.6277
v  -3.2890 -11.0387 7.0567
v  -3.3038 -10.9775 7.0979
v  3.1374 -10.6564 5.8837
v  2.8038 -10.9391 6.5983
v  3.5230 -10.3522 4.7336
v  2.6883 -11.0379 6.9619
v  2.4436 -11.0606 6.9409
v  2.5510 -10.9428 6.5404
v  1.9816 -11.0520 6.9243
v  2.1076 -10.9490 6.5669
v  -3.7073 -10.7448 5.8578
v  -3.6014 -10.7498 5.8023
v  -4.0897 -10.4355 4.6963
v  -3.9743 -10.4164 4.5939
v  -3.4100 -10.1820 4.0921
v  -3.0838 -10.6331 5.5388
v  2.7713 4.2519 7.1509
v  3.1159 5.1780 5.2782
v  2.5294 5.1864 5.2611
v  2.2536 4.2519 7.1509
v  -3.2454 3.3690 8.9364
v  -3.3586 3.6529 8.3623
v  -1.8525 3.3690 8.9364
v  -1.9121 3.6529 8.3623
v  2.7323 -10.2244 4.0187
v  2.4971 -10.1630 3.8161
v  2.4175 -10.6718 5.4952
v  2.4175 -10.7968 5.4553
v  2.7323 -10.3883 3.9663
v  2.4971 -10.3323 3.7620
v  -3.0300 -10.6718 5.4952
v  -2.6118 -10.9460 6.4000
v  -3.3514 -10.2244 4.0187
v  -3.0300 -10.7968 5.4553
v  -3.3514 -10.3883 3.9663
v  -2.6118 -11.0471 6.3677
v  2.0728 5.3478 4.4917
v  2.1178 5.3498 2.6498
v  1.5731 5.3581 2.6518
v  1.5381 5.3562 4.4888
v  2.1274 5.3502 2.2608
v  1.5805 5.3585 2.2643
v  -2.0437 5.3353 1.8218
v  -2.1857 5.3585 2.2643
v  2.2718 -12.6831 3.0688
v  2.4592 -12.6973 3.2289
v  1.8458 -12.7018 3.2274
v  1.6791 -12.6874 3.0599
v  2.1730 -12.5566 4.8933
v  1.6237 -12.5601 4.8921
v  -2.4804 -12.4773 5.6537
v  -2.7854 -12.5566 4.8933
v  -2.0517 -12.5834 4.8847
v  -1.9248 -12.4721 5.9126
v  -3.0783 -12.6973 3.2289
v  -2.2589 -12.7324 3.2177
v  1.4593 2.7886 9.0567
v  1.4516 -0.4781 8.6470
v  1.4822 3.3690 8.9364
v  1.5508 3.6529 8.3623
v  2.6158 -10.0387 3.7645
v  1.9767 -10.0340 3.7554
v  1.9849 -10.2300 3.3546
v  -2.3001 -10.0023 3.6946
v  -2.2972 -10.0654 3.7619
v  1.4516 -3.2171 8.2524
v  1.4516 -5.8432 7.9486
v  1.4516 -8.4469 7.5018
v  1.4516 -10.9879 7.1371
v  1.4595 -11.0664 7.0747
v  1.9437 5.3136 4.9532
v  1.4317 5.3473 4.8987
v  -2.3103 -11.2766 3.0327
v  -2.3096 -10.2280 3.3507
v  -2.3103 -12.4103 2.6719
v  1.9855 -11.2766 3.0327
v  1.9855 -12.4005 2.6719
v  -2.3103 -12.9921 2.3933
v  -2.3103 -13.2419 2.1993
v  1.9855 -13.1703 2.1993
v  1.9855 -13.2369 1.5062
v  -2.3111 -10.0266 -3.2936
v  -2.3105 -11.0866 -2.9222
v  -2.3119 -8.9829 -3.6357
v  1.9827 -10.0286 -3.2936
v  1.9805 -8.9865 -3.6357
v  1.9848 -11.0838 -2.9222
v  1.9855 -13.0566 0.7457
v  -2.3103 -13.3366 1.5062
v  -2.3103 -13.1563 0.7457
v  1.9855 -12.4603 -1.6292
v  -2.3103 -12.5560 -1.6292
v  1.9855 -11.5271 -2.7201
v  1.9855 -12.2483 -2.1039
v  -2.3103 -12.3319 -2.1039
v  -2.3103 -11.5405 -2.7201
v  1.4394 5.3353 1.8218
v  2.0158 5.2223 1.1633
v  -2.3123 -8.5783 -3.7497
v  -2.3174 -6.7470 -3.7497
v  1.9796 -8.5824 -3.7497
v  1.9745 -6.7511 -3.7497
v  -2.4482 2.7588 -3.7762
v  -2.3594 0.8956 -3.7739
v  1.9171 -0.9406 -3.7565
v  1.6136 1.4976 -3.7588
v  -2.3214 -3.8717 -3.7532
v  1.9735 -4.1540 -3.7507
v  -2.4918 3.9249 -3.7199
v  1.5861 3.8435 -3.7075
v  1.4830 -11.0516 6.9235
v  1.5029 -11.0264 6.8050
v  -2.0342 5.3473 4.8987
v  1.6957 4.2519 7.1509
v  1.8739 -10.1603 3.8073
v  2.0215 -10.0968 3.8538
v  1.8739 -10.3299 3.7531
v  -2.8916 -12.6831 3.0688
v  -3.1172 -12.6078 3.0352
v  -2.2968 -12.6130 2.9595
v  -2.2873 -12.7162 3.0006
v  -3.1172 -12.3214 3.1267
v  -2.2968 -12.3236 3.0519
v  -1.8824 -11.0374 6.7016
v  -1.8824 -11.1305 6.6719
v  2.0034 -12.4055 5.9339
v  1.4982 -12.4024 6.2634
v  1.3775 -12.4766 5.8997
v  1.8710 -12.4773 5.6537
v  2.0034 -12.2345 5.9885
v  1.4982 -12.2332 6.3174
v  0.6377 6.1933 3.9407
v  0.7137 6.1805 4.1987
v  0.7446 6.1824 2.8474
v  0.6639 6.1949 2.8444
v  0.7513 6.1828 2.6060
v  0.8416 6.1577 2.8415
v  0.8482 6.1581 2.5958
v  0.5097 6.1908 2.5904
v  -1.3709 6.1585 2.3345
v  -1.3566 6.1828 2.6060
v  -1.1150 6.1908 2.5904
v  -1.0464 6.1585 2.3345
v  -1.4469 6.1392 2.3500
v  -1.4535 6.1581 2.5958
v  0.7942 6.1362 4.5490
v  0.8101 6.1558 4.2074
v  -1.4468 6.1577 2.8415
v  -1.4149 6.1558 4.2074
v  -1.3174 6.1805 4.1987
v  -1.3498 6.1824 2.8474
v  1.0306 5.3268 1.7348
v  -4.1832 0.9898 4.8541
v  -4.1422 4.7484 4.9552
v  -5.5052 -7.5370 4.5599
v  -5.5054 -10.7190 4.4832
v  -5.5052 -10.2754 4.4932
v  -5.5058 -11.7798 4.4595
v  -4.2852 -13.5836 3.7335
v  -2.1433 5.3562 4.4888
v  -1.3947 6.1362 4.5490
v  1.0536 5.3840 1.9359
v  1.3050 5.3839 1.9676
v  0.5481 5.3840 1.9359
v  1.0122 5.4801 1.9814
v  0.5281 5.4801 1.9814
v  1.2473 5.4800 2.0131
v  -1.1424 5.3840 1.9359
v  -1.1218 5.4801 1.9814
v  -1.6525 5.3840 1.9359
v  -1.9086 5.3839 1.9676
v  -1.8509 5.4800 2.0131
v  -1.6109 5.4801 1.9814
v  -1.9888 5.3836 2.2747
v  -1.9258 5.4797 2.3145
v  -1.9505 5.3813 4.4800
v  -1.9822 5.3832 2.6578
v  -2.1783 5.3581 2.6518
v  -1.8502 5.3809 4.8722
v  -1.7951 5.4770 4.8361
v  -1.8874 5.4774 4.4462
v  -1.5689 5.3808 4.9230
v  0.9777 5.3808 4.9230
v  0.9470 5.4769 4.8870
v  -1.5375 5.4769 4.8870
v  1.2485 5.3809 4.8722
v  1.1935 5.4770 4.8361
v  1.3453 5.3813 4.4800
v  1.2822 5.4774 4.4462
v  1.3769 5.3832 2.6578
v  1.3836 5.3836 2.2747
v  1.3205 5.4797 2.3145
v  1.3139 5.4793 2.6806
v  0.4419 6.1585 2.3345
v  -4.2894 -13.5411 2.5197
v  3.2231 -12.8110 2.3933
v  2.6274 -12.9469 2.3933
v  1.9855 -12.9527 2.3933
v  0.8418 6.1392 2.3500
v  0.7662 6.1585 2.3345
v  -1.2691 6.1949 2.8444
v  -1.9191 5.4793 2.6806
v  0.6370 8.7220 2.2413
v  0.6370 6.3019 2.8189
v  0.4062 6.3023 2.6092
v  0.4062 8.7224 2.0316
v  0.4062 11.2619 1.4255
v  0.6370 11.2616 1.6352
v  0.6108 8.7204 3.3376
v  0.6108 6.3003 3.9151
v  -1.0114 6.3023 2.6092
v  -1.0114 8.7224 2.0316
v  -1.0114 11.2619 1.4255
v  -1.2160 8.7204 3.3376
v  -1.2422 8.7220 2.2413
v  -1.2422 6.3019 2.8189
v  -1.2160 6.3003 3.9151
v  -1.2160 11.2600 2.7315
v  -1.2422 11.2616 1.6352
v  -0.9847 8.7201 3.5417
v  -0.9847 6.3000 4.1193
v  -0.9847 11.2597 2.9356
v  0.3795 6.3000 4.1193
v  0.3795 8.7201 3.5417
v  0.6370 13.7232 1.0477
v  0.4922 12.9641 0.9015
v  0.6431 13.7428 0.6909
v  0.6108 13.5060 2.0665
v  0.6108 11.2600 2.7315
v  1.3556 14.1507 -3.2329
v  1.5010 13.7237 -3.2459
v  1.1581 13.7237 -3.2481
v  1.0316 14.1702 -3.2346
v  1.5005 13.1125 -3.2459
v  1.1516 13.1125 -3.2481
v  -1.2160 13.5060 2.0665
v  -1.2422 13.7232 1.0477
v  -1.2483 13.7428 0.6909
v  -1.0974 12.9641 0.9015
v  -0.9847 13.4518 2.2513
v  -0.8087 13.7571 2.0527
v  0.3795 13.4518 2.2513
v  0.2035 13.7571 2.0527
v  0.3795 11.2597 2.9356
v  -1.0134 14.3428 -1.0654
v  0.4082 14.3428 -1.0654
v  0.4082 14.3401 -1.6308
v  -1.0134 14.3401 -1.6308
v  -1.0134 14.3349 -0.5001
v  0.4082 14.3349 -0.5001
v  0.4082 13.4454 -0.9279
v  0.6451 13.8941 -0.9967
v  0.6451 13.8624 -0.4084
v  0.4082 13.3900 -0.3167
v  0.4082 13.4263 -1.5390
v  0.6451 13.8832 -1.5849
v  -1.0134 13.4454 -0.9279
v  -1.0134 13.3900 -0.3167
v  -1.0134 13.4263 -1.5390
v  -1.2503 13.8941 -0.9967
v  -1.2503 13.8624 -0.4084
v  -1.2503 13.8832 -1.5849
v  1.1680 14.3252 -2.8428
v  -1.2497 14.4923 -2.8428
v  -1.3346 14.3002 -2.7818
v  -1.0941 14.3731 -2.6840
v  0.5543 14.3731 -2.6840
v  1.4436 14.1507 -2.7976
v  1.5293 14.3002 -2.8428
v  1.5576 13.7237 -2.7818
v  1.6880 13.7237 -2.8428
v  1.5500 13.1125 -2.7818
v  1.6880 13.1125 -2.8428
v  1.6880 13.7237 -3.1956
v  1.6880 13.1125 -3.1956
v  1.5010 14.3002 -3.1956
v  -1.4997 13.1125 -2.7818
v  -1.4473 13.7237 -2.7818
v  -1.4755 13.7237 -2.8428
v  -1.5392 13.1125 -2.8428
v  -1.4129 14.1507 -2.7976
v  -1.4190 14.3002 -2.8428
v  -1.4755 13.7237 -3.1956
v  -1.3907 14.3002 -3.1956
v  -1.5392 13.1125 -3.1956
v  0.7755 13.7471 -2.6143
v  0.5499 13.0820 -2.6636
v  -1.1365 14.4923 -3.1956
v  1.1581 14.3252 -3.1956
v  -1.1365 14.3002 -3.2459
v  -1.2785 13.7471 -2.6143
v  -1.3629 13.7237 -2.7614
v  -1.3812 13.1125 -2.7614
v  -1.1137 13.0820 -2.6636
v  -1.3907 13.7237 -3.2459
v  -1.1365 13.7237 -3.2627
v  -1.1830 13.1125 -3.2627
v  -1.4501 13.1125 -3.2459
v  -1.3248 14.1507 -3.2329
v  -1.0224 12.8159 -2.7614
v  0.3696 12.8159 -2.7614
v  0.2201 12.5953 -2.7614
v  -1.1103 12.5953 -2.7614
v  -1.4360 12.8159 -2.7614
v  -1.6567 12.8159 -2.7818
v  -1.6465 12.5953 -2.7614
v  -2.0122 12.5953 -2.7818
v  -1.7302 12.8159 -2.8428
v  -1.7302 12.8159 -3.1956
v  -2.1341 12.5953 -3.1956
v  -2.1341 12.5953 -2.8428
v  -1.3228 12.8159 -3.2627
v  -1.6284 12.8159 -3.2459
v  1.1321 12.8159 -3.2481
v  -1.6182 12.5953 -3.2627
v  -2.0051 12.5953 -3.2459
v  1.4955 12.5953 -3.2459
v  1.0908 12.5953 -3.2481
v  1.4989 12.8159 -3.2459
v  1.6880 12.8159 -3.1956
v  1.6880 12.8159 -2.8428
v  1.6880 12.5953 -2.8428
v  1.6880 12.5953 -3.1956
v  1.5272 12.8159 -2.7818
v  1.5026 12.5953 -2.7818
v  -1.8214 5.2562 -2.7482
v  0.0457 5.2562 -2.7482
v  0.0176 11.0628 -2.7614
v  -1.8213 11.0628 -2.7614
v  -3.4765 5.3509 -2.7697
v  -2.8444 5.3516 -2.7482
v  -2.7544 11.0628 -2.7614
v  -3.4541 11.0628 -2.7818
v  -3.4273 5.3343 -3.2589
v  -3.6836 5.3361 -3.2058
v  -3.6874 11.0628 -3.1956
v  -3.4541 11.0628 -3.2459
v  1.4773 5.3343 -3.2589
v  0.9395 5.3342 -3.2612
v  0.9319 11.0628 -3.2481
v  1.4827 11.0628 -3.2459
v  1.5326 5.3509 -2.7697
v  1.7177 5.3487 -2.8340
v  1.6880 11.0628 -2.8428
v  1.4827 11.0628 -2.7818
v  -2.7544 11.0628 -3.2627
v  -2.6596 5.3337 -3.2766
v  0.0176 11.6556 -2.7614
v  -1.8213 11.6556 -2.7614
v  0.0405 11.8402 -2.7614
v  -1.7190 11.8402 -2.7614
v  -2.7544 11.6556 -2.7614
v  -2.5987 11.8402 -2.7614
v  -3.2556 11.8402 -2.7818
v  -3.4541 11.6556 -2.7818
v  -3.6874 11.0628 -2.8428
v  -3.6867 5.3487 -2.8340
v  -3.6874 11.6556 -2.8428
v  -3.4746 11.8402 -2.8428
v  -3.6874 11.6556 -3.1956
v  -3.4746 11.8402 -3.1956
v  -3.4541 11.6556 -3.2459
v  -2.7544 11.6556 -3.2627
v  -3.2556 11.8402 -3.2459
v  -2.5987 11.8402 -3.2627
v  1.4827 11.6556 -3.2459
v  0.9319 11.6556 -3.2481
v  0.9536 11.8402 -3.2481
v  1.4844 11.8402 -3.2459
v  1.6880 11.0628 -3.1956
v  1.7074 5.3361 -3.2058
v  1.6880 11.6556 -3.1956
v  1.6880 11.8402 -3.1956
v  1.6880 11.6556 -2.8428
v  1.6880 11.8402 -2.8428
v  1.4827 11.6556 -2.7818
v  1.4844 11.8402 -2.7818
v  2.3496 4.7347 -2.6472
v  2.1202 4.7835 -2.5129
v  2.1214 4.4530 -3.4229
v  1.8067 5.0161 -2.8077
v  1.6182 5.0249 -2.7335
v  1.2685 4.4110 -3.5386
v  1.8383 4.4127 -3.5338
v  0.9849 4.9580 -3.3003
v  1.5254 4.9583 -3.2976
v  -3.3324 4.4127 -3.5338
v  -2.5451 4.3993 -3.5707
v  -2.6324 4.9559 -3.3180
v  -3.4112 4.9583 -3.2976
v  -3.6036 4.4530 -3.4229
v  -3.6717 4.7347 -2.6472
v  -3.6846 5.0161 -2.8077
v  -3.6723 4.9655 -3.2364
v  -2.8573 4.7997 -2.4682
v  -3.4759 4.7835 -2.5129
v  -1.8214 4.7997 -2.4682
v  -2.8573 5.0278 -2.7088
v  -1.8214 5.0278 -2.7088
v  -3.4791 5.0249 -2.7335
v  0.0457 4.7997 -2.4682
v  0.0457 5.0278 -2.7088
v  -1.0134 14.3236 -2.1961
v  0.4082 14.3236 -2.1961
v  0.4082 14.3194 0.0652
v  -1.0134 14.3194 0.0652
v  0.4082 13.3108 -2.1502
v  0.6451 13.8172 -2.1732
v  0.6451 13.8006 0.1799
v  0.4082 13.2818 0.2945
v  -1.0134 13.3108 -2.1502
v  -1.0134 13.2818 0.2945
v  -1.2503 13.8172 -2.1732
v  -1.2503 13.8006 0.1799
v  0.4542 6.0844 2.2677
v  0.7950 6.0844 2.2677
v  0.8954 6.0844 2.2994
v  -1.0526 6.0844 2.2677
v  -1.3963 6.0844 2.2677
v  -1.4997 6.0844 2.2994
v  -1.5290 6.0841 2.5651
v  -1.5223 6.0837 2.8240
v  -1.4906 6.0817 4.2335
v  -1.4477 6.0813 4.6092
v  -1.3384 6.0813 4.6600
v  0.7446 6.0813 4.6600
v  0.8454 6.0813 4.6092
v  0.8854 6.0817 4.2335
v  0.9171 6.0837 2.8240
v  0.9238 6.0841 2.5651
v  -5.4456 2.4318 -3.5648
v  -5.5065 -8.9886 -3.6489
v  -5.5065 -10.0345 -3.4917
v  -4.1881 4.6539 -2.0048
v  -4.2508 3.8814 -3.6827
v  -4.2800 3.3794 -3.7309
v  2.0034 -10.9460 6.4000
v  2.0034 -11.0471 6.3677
v  -3.1172 -10.1630 3.8161
v  -3.1172 -10.3323 3.7620
v  2.4175 -12.4763 4.9189
v  2.7323 -12.5919 3.2625
v  2.7323 -12.3145 3.3511
v  2.4175 -12.2649 4.9864
v  2.4971 -12.6078 3.0352
v  2.4971 -12.3214 3.1267
v  -3.3514 -12.3145 3.3511
v  -3.3514 -12.5919 3.2625
v  -3.0300 -12.4763 4.9189
v  -3.0300 -12.2649 4.9864
v  -2.6118 -12.4055 5.9339
v  -2.6118 -12.2345 5.9885
v  1.8739 -12.6084 3.0254
v  1.8739 -12.3216 3.1170
v  -3.1172 -11.1216 3.5099
v  -2.2968 -11.1112 3.4391
v  -1.8824 -12.3818 6.2722
v  -1.8824 -12.2243 6.3225
v  2.0034 -11.5182 6.2172
v  1.4982 -11.5243 6.5438
v  2.7323 -11.1527 3.7222
v  2.4175 -11.3793 5.2693
v  2.4971 -11.1216 3.5099
v  -3.3514 -11.1527 3.7222
v  -3.0300 -11.3793 5.2693
v  -2.6118 -11.5182 6.2172
v  1.8739 -11.1202 3.5007
v  -1.8824 -11.5645 6.5332
v  -2.2968 -10.3136 3.6939
v  1.4982 -11.0579 6.6928
v  1.7658 4.9655 -3.2364
v  0.6108 6.2306 3.9318
v  0.6370 6.2322 2.8355
v  0.4062 6.2326 2.6258
v  -1.0114 6.2326 2.6258
v  -1.2422 6.2322 2.8355
v  -1.2160 6.2306 3.9318
v  -1.2429 6.1933 3.9407
v  0.3795 6.2303 4.1359
v  -0.9847 6.2303 4.1359
v  -2.2968 -10.1425 3.7485
v  1.4982 -10.9579 6.7247
# 1036 vertices

vn -0.9998 0.0131 0.0118
vn -0.9995 0.0115 0.0300
vn -0.9924 0.1214 0.0203
vn -0.9903 0.1389 -0.0056
vn -0.5194 0.8383 0.1656
vn -0.4459 0.7586 0.4750
vn 0.4459 0.7586 0.4750
vn 0.5194 0.8383 0.1655
vn 0.5493 0.8352 0.0280
vn -0.5493 0.8352 0.0280
vn 0.9941 0.0635 0.0878
vn 0.9853 0.1466 0.0881
vn 0.9573 0.2876 -0.0292
vn 0.9603 0.2788 0.0086
vn -0.7013 -0.0998 0.7059
vn -0.9385 -0.0463 0.3422
vn -0.9267 -0.0502 0.3725
vn -0.6733 -0.1038 0.7320
vn -0.9594 -0.0325 0.2802
vn -0.9663 -0.0300 0.2555
vn 0.9287 0.2419 0.2811
vn 0.9780 0.0045 0.2083
vn 0.9906 0.0111 0.1361
vn 0.9455 0.2712 0.1800
vn 0.9313 0.2160 0.2933
vn 0.9751 -0.0057 0.2217
vn -0.9785 0.1691 0.1179
vn -0.9826 0.1452 0.1159
vn 0.9889 -0.0044 0.1485
vn 0.9980 -0.0014 0.0634
vn 0.9982 0.0135 0.0582
vn -0.7853 -0.0677 0.6154
vn -0.9131 0.0488 0.4049
vn -0.9556 -0.0342 0.2926
vn -0.7485 -0.0855 0.6576
vn -0.9760 -0.0199 0.2167
vn -0.9690 0.0738 0.2359
vn 0.5701 -0.1037 0.8150
vn 0.5453 -0.1173 0.8300
vn 0.9078 -0.0565 0.4156
vn 0.9193 -0.0412 0.3914
vn 0.9720 -0.0271 0.2335
vn 0.9757 -0.0132 0.2189
vn -0.9467 -0.0433 0.3191
vn -0.7226 -0.0971 0.6844
vn -0.9712 -0.0278 0.2365
vn -1.0000 0.0000 0.0000
vn -1.0000 0.0039 0.0010
vn -1.0000 0.0034 0.0005
vn 0.9870 -0.0049 0.1605
vn 0.9850 -0.0053 0.1726
vn 0.9976 -0.0017 0.0691
vn 0.9978 -0.0016 0.0667
vn 0.5183 -0.1194 0.8468
vn 0.4885 -0.1218 0.8640
vn 0.8752 -0.0650 0.4794
vn 0.8931 -0.0604 0.4457
vn 0.9594 -0.0324 0.2803
vn 0.9665 -0.0295 0.2550
vn 0.9521 0.3014 -0.0514
vn 0.9824 0.1847 0.0283
vn 0.9772 0.1943 -0.0859
vn 0.9343 0.3308 -0.1326
vn 0.9343 0.1556 -0.3208
vn 0.8876 0.3233 -0.3281
vn 0.6854 0.2526 -0.6830
vn 0.7798 0.0921 -0.6192
vn -0.7462 -0.1499 0.6486
vn -0.9195 -0.2624 0.2927
vn -0.9424 -0.0141 0.3341
vn -0.7824 -0.0184 0.6224
vn -0.9589 -0.0234 0.2828
vn -0.9408 -0.2269 0.2520
vn -0.8926 0.0285 0.4500
vn -0.9824 0.1162 0.1466
vn -0.9994 0.0044 0.0330
vn -0.8680 -0.0052 0.4965
vn 0.8887 -0.4581 0.0183
vn 0.9121 -0.3922 -0.1192
vn 0.8706 0.0159 0.4918
vn 0.8986 0.1054 0.4260
vn 0.9610 0.0288 0.2750
vn 0.9501 0.0034 0.3118
vn 0.4524 -0.4277 0.7825
vn 0.8308 -0.3892 0.3977
vn 0.8948 -0.4052 0.1872
vn 0.9746 -0.0098 0.2237
vn 0.9699 -0.0107 0.2434
vn 0.9715 -0.0195 0.2362
vn 0.9660 -0.0212 0.2576
vn 0.9484 -0.0010 0.3169
vn 0.9600 -0.0405 0.2771
vn 0.8821 -0.1009 0.4601
vn 0.8680 -0.0007 0.4965
vn 0.9680 -0.1296 0.2150
vn 0.9719 -0.0004 0.2354
vn 0.9670 0.1585 0.1994
vn 0.9719 0.0245 0.2340
vn 0.9804 -0.1654 -0.1068
vn 0.9944 -0.0004 -0.1061
vn 0.9787 0.1769 -0.1041
vn 0.9940 0.0270 -0.1063
vn 0.8708 -0.1566 -0.4660
vn 0.8772 0.0001 -0.4800
vn 0.6176 -0.1127 -0.7783
vn 0.6241 0.0007 -0.7814
vn 0.8800 0.1554 -0.4487
vn 0.6602 0.0860 -0.7462
vn 0.8779 0.0234 -0.4782
vn 0.6267 0.0121 -0.7792
vn -0.9915 0.1158 0.0591
vn -0.9924 0.1167 0.0398
vn -0.9990 0.0106 0.0427
vn -0.9982 0.0082 0.0587
vn 0.0781 0.9820 0.1718
vn -0.0784 0.9818 0.1730
vn -0.1619 0.9024 0.3993
vn 0.1724 0.9017 0.3965
vn 0.9990 0.0141 0.0419
vn 0.9621 0.2699 0.0382
vn 0.9609 0.2697 0.0624
vn -0.9851 0.1256 0.1171
vn -0.9896 0.0721 0.1241
vn 0.9991 -0.0006 0.0427
vn -1.0000 0.0043 0.0018
vn -0.9995 -0.0006 0.0326
vn 0.9990 -0.0006 0.0438
vn 0.9990 -0.0007 0.0452
vn -0.9993 -0.0018 0.0384
vn -0.9994 -0.0025 0.0344
vn -0.9949 0.0832 0.0575
vn -0.9959 0.0772 0.0464
vn 0.9683 -0.0789 0.2371
vn 0.9976 -0.0356 0.0595
vn 0.9874 -0.0508 0.1497
vn 0.5627 -0.3065 0.7678
vn 0.8506 -0.3899 0.3527
vn 0.9669 -0.1140 0.2285
vn 0.6185 -0.2706 0.7378
vn 0.9492 -0.3141 0.0174
vn 0.9849 -0.1071 0.1359
vn 0.8702 -0.3785 0.3153
vn 0.9380 -0.3462 0.0162
vn 0.9412 -0.2401 0.2375
vn 0.9099 -0.4124 -0.0454
vn 0.9441 -0.3196 0.0813
vn 0.8993 -0.2203 0.3778
vn 0.9425 -0.2911 0.1640
vn 0.8658 -0.4872 -0.1143
vn 0.9153 -0.3927 -0.0897
vn 0.9305 -0.3530 -0.0974
vn 0.8253 -0.5092 -0.2441
vn 0.8700 -0.3764 -0.3184
vn 0.6088 -0.4860 -0.6270
vn 0.6650 -0.3077 -0.6805
vn 0.8443 -0.3345 -0.4186
vn 0.6169 -0.2478 -0.7470
vn -0.9674 0.2500 -0.0403
vn -0.9480 0.3014 -0.1022
vn -0.9996 0.0281 0.0016
vn -0.9997 0.0218 0.0073
vn -0.8267 0.4503 -0.3372
vn -0.9910 0.0480 -0.1250
vn -0.9999 0.0150 0.0075
vn -0.9695 0.2158 0.1160
vn -0.9760 0.1803 0.1218
vn -0.9753 0.2138 0.0551
vn -0.9730 0.1362 -0.1866
vn -0.9870 0.1601 -0.0147
vn 0.0000 0.9739 -0.2270
vn 0.0014 0.9849 -0.1734
vn -0.0014 0.9849 -0.1734
vn -0.0131 0.9740 -0.2261
vn 0.0018 0.9868 -0.1620
vn 0.0000 0.9872 -0.1598
vn 0.0065 1.0000 0.0011
vn 0.0000 1.0000 0.0022
vn -0.8230 -0.0372 -0.5668
vn -0.9958 -0.0065 -0.0910
vn -0.9961 0.0000 -0.0877
vn -0.8300 -0.0005 -0.5577
vn -0.9965 0.0020 -0.0841
vn -0.8375 0.0026 -0.5465
vn -1.0000 0.0020 0.0000
vn -0.8873 0.0055 -0.4612
vn -0.9827 0.0475 -0.1789
vn -0.9990 0.0430 0.0121
vn -1.0000 0.0029 0.0003
vn -0.9970 0.0651 0.0410
vn -0.9978 0.0564 0.0355
vn -1.0000 0.0023 0.0003
vn -0.9988 0.0428 0.0243
vn -0.9961 -0.0125 -0.0870
vn -0.9964 -0.0135 -0.0833
vn -0.9963 -0.0154 -0.0842
vn -0.8084 -0.0144 0.5884
vn -0.3262 -0.0170 0.9452
vn -0.3039 -0.0263 0.9523
vn -0.2828 -0.0253 0.9589
vn -0.2918 -0.0169 0.9563
vn -0.9585 0.0560 0.2794
vn -0.4301 0.1659 0.8874
vn -0.5087 0.2805 0.8139
vn -0.6309 0.5119 0.5830
vn -0.5736 0.5817 0.5767
vn -0.5759 0.6840 0.4477
vn -0.5974 0.6557 0.4617
vn -0.6325 0.6430 0.4318
vn -0.6481 0.6430 0.4082
vn -0.5544 0.6911 0.4637
vn -0.5441 0.6936 0.4722
vn -0.6626 0.6204 0.4196
vn -0.6573 0.6272 0.4179
vn -0.5202 0.7384 0.4292
vn -0.6600 0.6524 0.3725
vn -0.5486 0.8025 0.2347
vn -0.5248 0.5675 -0.6344
vn -0.6459 0.7347 0.2074
vn -0.0036 -0.0009 -1.0000
vn -0.0052 0.0017 -1.0000
vn -0.1464 0.0547 -0.9877
vn -0.4755 0.0601 -0.8776
vn -0.5435 0.0905 -0.8345
vn -0.2909 0.0023 -0.9567
vn -0.0023 -0.0008 -1.0000
vn -0.0052 -0.0008 -1.0000
vn -0.2808 -0.0008 -0.9598
vn -0.0023 -0.0672 -0.9977
vn -0.0039 -0.0650 -0.9979
vn -0.2788 -0.0598 -0.9585
vn 0.1824 -0.1737 -0.9677
vn 0.0550 -0.1552 -0.9863
vn 0.0116 -0.1388 -0.9903
vn 0.0395 -0.1474 -0.9883
vn 0.5420 -0.2319 -0.8077
vn 0.1564 -0.1810 -0.9710
vn -0.2896 -0.1489 -0.9455
vn -0.2870 -0.1719 -0.9424
vn -0.2810 -0.1313 -0.9507
vn 0.9504 -0.1755 -0.2568
vn 0.5307 -0.7358 -0.4207
vn 0.4332 -0.3373 -0.8358
vn 0.8186 -0.1506 -0.5543
vn 0.9923 -0.1237 -0.0025
vn 0.6226 -0.7825 -0.0015
vn -0.6168 -0.7872 -0.0016
vn -0.5282 -0.7389 -0.4182
vn -0.4272 -0.3395 -0.8380
vn 0.9840 -0.1784 -0.0036
vn 0.5824 -0.8129 -0.0025
vn 0.6177 -0.7864 -0.0021
vn 0.9914 -0.1305 -0.0032
vn -0.6115 -0.7912 -0.0022
vn -0.5738 -0.8190 -0.0026
vn 0.9794 -0.2019 -0.0043
vn 0.5648 -0.8253 -0.0028
vn 0.9734 -0.2292 -0.0046
vn 0.5440 -0.8391 -0.0026
vn -0.5565 -0.8308 0.0000
vn -0.5316 -0.8470 -0.0037
vn 0.9554 -0.0194 0.2946
vn 0.9265 -0.0330 0.3749
vn 0.4092 -0.0174 0.9123
vn 0.4819 -0.0129 0.8762
vn 0.5328 -0.4458 0.7193
vn 0.1037 -0.0294 0.9942
vn -0.2833 -0.0107 0.9590
vn -0.3681 -0.0077 0.9298
vn -0.4373 -0.0059 0.8993
vn -0.2487 -0.0641 0.9665
vn -0.2522 -0.0198 0.9675
vn 0.8958 -0.2347 0.3775
vn 0.9760 -0.2163 -0.0251
vn 0.9993 -0.0357 0.0077
vn 0.8514 -0.1890 0.4892
vn -0.9998 -0.0018 0.0203
vn -0.9997 -0.0019 0.0260
vn 0.5362 -0.8441 -0.0060
vn 0.4592 -0.8875 0.0387
vn -0.4383 -0.8982 0.0347
vn -0.5177 -0.8555 -0.0038
vn 0.7902 -0.6100 -0.0586
vn 0.9969 -0.0779 -0.0085
vn 0.9975 -0.0695 -0.0088
vn 0.7331 -0.6689 -0.1232
vn 0.9997 -0.0180 0.0142
vn 0.9991 -0.0427 0.0084
vn 0.9974 -0.0717 -0.0007
vn 0.9015 -0.4191 0.1077
vn 0.9443 -0.1707 0.2812
vn 0.4673 -0.2186 0.8567
vn 0.9532 -0.1097 0.2817
vn -0.4371 -0.2202 0.8720
vn -0.4376 -0.7483 0.4985
vn 0.4591 -0.7391 0.4930
vn 0.9312 -0.3458 0.1151
vn -0.9382 -0.0051 0.3461
vn -0.9988 -0.0461 0.0147
vn -0.9404 -0.1169 0.3193
vn -0.9190 -0.3730 0.1278
vn -0.9294 -0.3688 0.0170
vn -0.9996 -0.0269 -0.0021
vn -0.9995 -0.0302 -0.0027
vn -0.9623 -0.2717 -0.0060
vn -0.9673 -0.2537 -0.0058
vn -0.9997 -0.0223 -0.0020
vn -0.9998 -0.0195 -0.0015
vn -0.9817 -0.1904 -0.0038
vn -0.9762 -0.2171 -0.0023
vn -0.9999 -0.0141 -0.0014
vn -0.9902 -0.1395 -0.0034
vn -0.9999 -0.0134 -0.0011
vn -0.9946 -0.0344 -0.0982
vn -0.9461 -0.1845 -0.2661
vn -0.9912 -0.1322 -0.0027
vn -0.8337 -0.0998 -0.5431
vn -0.2585 -0.2134 -0.9421
vn -0.8080 -0.1369 -0.5730
vn 0.2580 -0.2185 -0.9411
vn -0.8074 -0.1559 -0.5690
vn 0.9522 -0.2069 -0.2247
vn 0.9937 -0.0571 -0.0965
vn 0.8113 -0.1535 -0.5642
vn 0.9255 -0.3707 -0.0778
vn 0.9992 -0.0402 -0.0045
vn 0.7839 -0.6069 -0.1313
vn 0.9981 -0.0604 -0.0078
vn 0.9991 -0.0428 -0.0060
vn 0.9026 -0.4207 -0.0912
vn 0.5020 0.8626 0.0628
vn 0.5026 0.8643 0.0197
vn 0.0000 1.0000 0.0011
vn 0.0005 0.9990 0.0437
vn 0.4969 0.8670 -0.0375
vn 0.0000 0.9983 -0.0575
vn -0.6085 0.7868 -0.1033
vn -0.6164 0.7868 -0.0295
vn -0.0131 0.9985 -0.0529
vn -0.0072 0.9886 -0.1506
vn -0.0092 -0.9296 -0.3684
vn -0.0630 -0.9490 -0.3091
vn 0.1583 -0.9368 -0.3121
vn 0.1821 -0.7505 -0.6353
vn 0.3241 -0.9010 -0.2884
vn 0.2629 -0.9441 -0.1991
vn -0.0177 -0.9593 -0.2818
vn 0.3455 -0.9280 -0.1397
vn 0.1720 -0.9586 -0.2271
vn -0.2020 -0.8494 0.4876
vn -0.1510 -0.9850 -0.0838
vn 0.0022 -0.9865 -0.1639
vn 0.0005 -0.9250 0.3799
vn -0.0415 -0.9988 0.0263
vn -0.1120 -0.9656 -0.2347
vn -0.0499 -0.9642 -0.2606
vn 0.1157 -0.1315 0.9845
vn 0.2467 0.0514 0.9677
vn 0.0000 0.0398 0.9992
vn 0.0000 -0.1335 0.9910
vn 0.5867 -0.0745 0.8064
vn -0.2484 -0.1287 0.9601
vn -0.4136 0.0378 0.9097
vn 0.3931 0.5633 0.7267
vn 0.0000 0.6115 0.7912
vn 0.8209 0.1325 0.5555
vn 0.9368 0.2003 0.2868
vn 0.4880 0.7420 0.4597
vn 0.0000 0.8964 0.4433
vn -0.5849 0.6950 0.4182
vn -0.0097 0.9076 0.4196
vn -0.0144 0.9729 0.2306
vn -0.5975 0.7638 0.2442
vn -0.5902 0.6702 0.4500
vn 0.0000 0.8964 0.4432
vn 0.3946 -0.8574 -0.3306
vn -0.0251 -0.9776 -0.2091
vn 0.1378 -0.7011 0.6996
vn -0.1885 -0.7409 -0.6446
vn 0.5132 -0.8047 -0.2983
vn 0.5835 -0.7737 -0.2469
vn 0.0302 -0.9991 -0.0293
vn 0.1058 -0.1411 0.9843
vn 0.0043 -0.1363 0.9907
vn -0.2279 -0.1382 0.9638
vn -0.0031 -0.1394 0.9902
vn 0.0873 -0.1411 0.9861
vn 0.0966 -0.1410 0.9853
vn 0.0689 -0.1478 0.9866
vn 0.0000 -0.1421 0.9899
vn -0.1953 -0.1393 0.9708
vn -0.0079 -0.1450 0.9894
vn -0.2129 -0.1384 0.9672
vn -0.0017 -0.9199 0.3922
vn 0.0869 -0.8919 0.4438
vn 0.0798 -0.3739 0.9241
vn -0.0001 -0.3950 0.9187
vn 0.2306 -0.8674 0.4409
vn -0.1755 -0.3494 0.9204
vn -0.0001 -0.4018 0.9157
vn 0.4851 0.8387 0.2473
vn 0.0024 0.9720 0.2350
vn -0.6196 0.7821 0.0668
vn -0.0083 0.9992 0.0397
vn -0.0076 1.0000 0.0012
vn -0.6241 0.7809 0.0253
vn 0.5571 -0.6677 0.4937
vn 0.2396 -0.3157 0.9181
vn 0.0015 -0.3045 0.9525
vn 0.0179 -0.6348 0.7724
vn 0.3410 -0.4001 0.8507
vn -0.0342 -0.3903 0.9200
vn 0.2435 -0.4321 0.8684
vn 0.1101 -0.3114 0.9439
vn 0.0014 -0.3017 0.9534
vn 0.0228 -0.3915 0.9199
vn -0.0106 -0.6575 0.7533
vn 0.2149 -0.8733 0.4372
vn -0.1322 -0.5695 0.8113
vn -0.0860 -0.9963 0.0030
vn -0.2335 -0.8660 0.4421
vn 0.7029 -0.7064 -0.0836
vn 0.6142 -0.7642 0.1969
vn 0.1986 -0.8905 0.4092
vn 0.2624 -0.9626 -0.0667
vn 0.4067 -0.2726 -0.8719
vn 0.2016 -0.2140 -0.9558
vn 0.1180 -0.2962 -0.9478
vn 0.1594 -0.3674 -0.9163
vn 0.0432 -0.2636 -0.9637
vn 0.0507 -0.1699 -0.9842
vn 0.0592 -0.2905 -0.9551
vn 0.0528 -0.3237 -0.9447
vn 0.0003 -0.3227 -0.9465
vn -0.0003 -0.2918 -0.9565
vn 0.3117 -0.2767 -0.9090
vn 0.3203 -0.3209 -0.8913
vn 0.2809 -0.3474 -0.8947
vn 0.1062 -0.3982 -0.9111
vn 0.0073 -0.3778 -0.9259
vn 0.2634 -0.9372 -0.2285
vn 0.7026 -0.6933 -0.1603
vn -0.2328 -0.9547 -0.1853
vn -0.3168 -0.9456 -0.0740
vn -0.3434 -0.9124 -0.2229
vn -0.1465 -0.9637 -0.2232
vn 0.2472 -0.9176 -0.3112
vn 0.6540 -0.7242 -0.2189
vn 0.0940 -0.9655 -0.2429
vn -0.3208 -0.8960 -0.3070
vn 0.3319 -0.6429 -0.6903
vn 0.0529 -0.5678 -0.8215
vn 0.5628 -0.7092 -0.4246
vn 0.2011 -0.7997 -0.5657
vn 0.2815 -0.9011 -0.3299
vn -0.2526 -0.7880 -0.5614
vn 0.0144 -0.6134 -0.7896
vn 0.5829 -0.5455 -0.6022
vn 0.4929 0.8619 -0.1191
vn 0.0000 0.9898 -0.1426
vn 0.4877 0.8596 -0.1522
vn 0.0026 0.9855 -0.1697
vn -0.5969 0.7926 -0.1246
vn -0.0019 0.9868 -0.1620
vn 0.4969 0.8423 -0.2089
vn 0.1121 0.9864 -0.1201
vn -0.1334 0.9893 -0.0583
vn -0.0336 0.9994 -0.0036
vn 0.4899 0.7883 -0.3722
vn 0.2571 0.9147 -0.3119
vn 0.3306 0.5886 -0.7378
vn 0.2355 0.6104 -0.7563
vn -0.2477 0.4288 -0.8688
vn -0.3215 0.8023 -0.5029
vn -0.3185 0.6367 -0.7023
vn -0.0633 0.2887 -0.9553
vn -0.5343 0.8005 -0.2716
vn -0.5283 0.8400 -0.1234
vn 0.0030 -0.0740 -0.9973
vn 0.0098 -0.1249 -0.9921
vn -0.0003 -0.0007 -1.0000
vn 0.0000 -0.0007 -1.0000
vn 0.0638 0.0001 -0.9980
vn 0.0627 -0.1359 -0.9887
vn -0.0001 -0.1371 -0.9906
vn 0.0000 -0.0001 -1.0000
vn 0.3237 0.0004 -0.9462
vn 0.3169 -0.1276 -0.9398
vn -0.1008 -0.0018 -0.9949
vn -0.1834 0.0535 -0.9816
vn 0.0101 0.0324 -0.9994
vn 0.0028 -0.0030 -1.0000
vn 0.0782 0.0129 -0.9969
vn 0.0736 0.0069 -0.9973
vn 0.0037 -0.0009 -1.0000
vn 0.0064 0.0086 -0.9999
vn 0.4080 0.0455 -0.9118
vn 0.3500 0.0357 -0.9361
vn 0.0001 -0.0032 -1.0000
vn 0.0004 -0.0030 -1.0000
vn 0.0650 0.0006 -0.9979
vn 0.0006 -0.0006 -1.0000
vn 0.3258 0.0045 -0.9454
vn 0.1646 0.1702 -0.9716
vn 0.0592 0.2103 -0.9759
vn 0.4052 0.0537 -0.9126
vn -0.9659 -0.0220 0.2580
vn -0.9520 -0.0136 0.3059
vn 0.0100 0.9077 0.4196
vn 0.0390 0.8801 0.4731
vn -0.0380 0.8797 0.4740
vn -0.9667 0.0856 0.2413
vn -0.9756 -0.0125 0.2193
vn -0.9676 0.1028 0.2307
vn -0.9784 -0.0020 0.2065
vn -0.9710 -0.0201 0.2384
vn -0.9675 -0.0093 0.2526
vn 0.9589 -0.0233 0.2828
vn 0.9639 -0.0118 0.2660
vn -0.6556 -0.7549 0.0164
vn -0.6437 -0.7447 0.1764
vn -0.9047 -0.2171 0.3666
vn -0.9433 -0.2084 0.2585
vn -0.5453 -0.7073 0.4499
vn -0.6271 -0.3298 0.7057
vn 0.8783 -0.4451 0.1747
vn 0.4202 -0.9011 -0.1070
vn 0.8625 -0.4901 0.1263
vn 0.4342 -0.8942 0.1089
vn 0.0576 -0.9875 -0.1469
vn 0.0319 -0.9629 -0.2681
vn 0.0008 -0.9831 -0.1832
vn 0.0380 -0.9731 -0.2274
vn -0.6078 -0.7940 -0.0132
vn -0.0416 -0.9672 -0.2507
vn -0.4930 -0.8431 0.2148
vn 0.2413 -0.9449 -0.2214
vn -0.2499 -0.9217 -0.2967
vn -0.2672 -0.9458 -0.1845
vn 0.4769 0.7484 0.4610
vn 0.4679 0.7737 0.4272
vn 0.0011 0.9114 0.4116
vn -0.4909 0.5131 0.7041
vn -0.5968 0.6652 0.4487
vn 0.8325 -0.3054 -0.4622
vn 0.2453 0.3564 -0.9015
vn 0.7911 -0.6070 0.0749
vn 0.9532 -0.0919 0.2880
vn 0.9497 0.0953 -0.2982
vn 0.3651 0.2833 -0.8868
vn -0.8561 -0.4998 0.1314
vn -0.5330 -0.7944 0.2914
vn -0.8885 -0.2111 -0.4074
vn -0.9520 -0.0931 0.2915
vn -0.9507 0.0944 -0.2954
vn -0.7040 -0.2161 0.6765
vn 0.0085 0.9992 0.0402
vn 0.0076 1.0000 0.0012
vn 0.0713 0.9975 0.0023
vn 0.0748 0.9968 0.0294
vn 0.0131 0.9985 -0.0529
vn 0.0717 0.9970 -0.0289
vn -0.0599 0.9854 -0.1592
vn -0.0716 0.9970 -0.0290
vn 0.0524 -0.8243 -0.5638
vn 0.2246 -0.9694 -0.0988
vn 0.0075 -1.0000 -0.0042
vn 0.0132 -0.8199 -0.5724
vn 0.1593 -0.9775 0.1382
vn 0.0096 -0.9959 0.0901
vn -0.1170 -0.9809 0.1551
vn -0.1728 -0.9746 0.1427
vn -0.0164 -0.9949 0.1000
vn -0.0364 -0.9819 0.1860
vn -0.2364 -0.9664 -0.1008
vn -0.0204 -0.9998 0.0061
vn -0.0361 -0.9982 -0.0485
vn -0.0052 -0.9983 -0.0581
vn -0.0061 -0.6496 0.7603
vn 0.0111 -0.9970 -0.0760
vn -0.0230 -0.3298 -0.9438
vn 0.0000 -0.1288 0.9917
vn 0.0609 -0.1506 0.9867
vn 0.0012 -0.1467 0.9892
vn 0.0000 -0.3959 0.9183
vn -0.0001 -0.9208 0.3902
vn 0.0154 0.9728 0.2311
vn 0.0822 0.9700 0.2287
vn -0.0001 -0.2971 0.9548
vn 0.0094 -0.6046 0.7965
vn -0.0018 -0.3704 0.9289
vn -0.0003 -0.2998 0.9540
vn 0.0011 -0.3795 0.9252
vn -0.0076 -0.5292 0.8485
vn -0.0184 -0.8701 0.4925
vn 0.0144 -0.8918 0.4522
vn 0.0217 -0.9975 -0.0674
vn 0.0111 -0.3197 -0.9474
vn 0.0154 -0.3695 -0.9291
vn 0.0030 -0.2890 -0.9573
vn -0.0001 -0.3220 -0.9468
vn -0.0002 -0.2918 -0.9565
vn 0.0006 -0.3738 -0.9275
vn 0.0225 -0.9712 -0.2371
vn -0.0265 -0.9985 -0.0482
vn -0.0260 -0.9710 -0.2376
vn 0.0212 -0.9448 -0.3269
vn -0.0245 -0.9416 -0.3359
vn 0.0050 -0.5370 -0.8436
vn 0.0165 -0.8008 -0.5987
vn -0.0195 -0.7850 -0.6192
vn 0.0063 -0.5214 -0.8533
vn 0.0601 0.9854 -0.1592
vn 0.0072 0.9886 -0.1507
vn -0.0001 -0.1369 -0.9906
vn 0.0001 -0.0005 -1.0000
vn -0.0001 -0.1370 -0.9906
vn 0.0000 -0.0002 -1.0000
vn 0.0077 0.0214 -0.9997
vn 0.0029 -0.0027 -1.0000
vn 0.0030 -0.0015 -1.0000
vn 0.0071 0.0103 -0.9999
vn 0.0007 -0.0025 -1.0000
vn 0.0005 -0.0010 -1.0000
vn 0.0049 0.1780 -0.9840
vn 0.0076 0.1581 -0.9874
vn -0.0003 -0.9882 -0.1530
vn -0.0287 -0.9079 -0.4181
vn -0.0816 0.9699 0.2294
vn -0.0000 0.8964 0.4433
vn 0.0178 0.4351 -0.9002
vn 0.0135 -0.1972 -0.9803
vn 0.0147 0.3043 -0.9525
vn -0.0987 -0.8569 -0.5059
vn -0.4143 -0.3364 -0.8457
vn -0.0481 -0.0435 -0.9979
vn -0.0466 -0.8014 -0.5963
vn -0.3990 0.2790 -0.8735
vn -0.0355 0.3040 -0.9520
vn -0.1890 -0.6902 0.6985
vn -0.2022 -0.2979 0.9329
vn 0.5940 -0.6422 0.4845
vn 0.2119 -0.6989 0.6831
vn 0.0339 -0.9884 0.1483
vn 0.1175 -0.9822 0.1464
vn 0.7554 -0.1993 0.6242
vn 0.2741 -0.2925 0.9162
vn 0.4325 0.8941 0.1165
vn 0.1458 0.9884 0.0420
vn 0.2002 0.9797 0.0066
vn 0.4628 0.8823 -0.0857
vn 0.1469 0.9881 -0.0447
vn 0.4914 0.8708 0.0134
vn 0.4863 0.8733 -0.0297
vn 0.1010 0.9714 -0.2148
vn -0.1420 0.8890 -0.4354
vn -0.1470 0.9881 -0.0447
vn -0.1010 0.9714 -0.2147
vn 0.0000 0.8864 -0.4630
vn -0.4338 0.8513 -0.2952
vn -0.4866 0.8731 -0.0298
vn 0.4662 0.8556 0.2251
vn 0.4850 0.8736 0.0409
vn -0.4915 0.8708 0.0138
vn -0.4830 0.8745 0.0435
vn -0.1447 0.9885 0.0431
vn -0.2002 0.9797 0.0067
vn 0.0133 0.9740 -0.2262
vn -0.9909 0.0048 0.1342
vn -0.9818 0.1164 0.1500
vn -0.8638 -0.0127 0.5037
vn -0.8619 -0.0095 0.5070
vn -0.8444 -0.0143 0.5355
vn -0.9071 -0.0064 0.4208
vn 0.9422 -0.3346 0.0166
vn -0.0746 0.9968 0.0296
vn -0.4480 0.8627 0.2346
vn 0.0486 0.7793 -0.6247
vn 0.2765 0.8982 -0.3416
vn 0.0000 0.7630 -0.6464
vn 0.0615 0.4522 -0.8898
vn 0.0000 0.4280 -0.9038
vn 0.5189 0.5976 -0.6112
vn -0.0477 0.7791 -0.6251
vn -0.2755 0.8981 -0.3427
vn -0.5165 0.5971 -0.6137
vn -0.0602 0.4517 -0.8901
vn -0.4862 0.8715 -0.0646
vn -0.8218 0.5635 -0.0849
vn -0.4957 0.8651 0.0766
vn -0.5314 0.8471 0.0103
vn -0.0713 0.9975 0.0023
vn -0.2988 0.8423 0.4486
vn -0.5576 0.5527 0.6194
vn -0.8221 0.5613 0.0957
vn -0.0613 0.6318 0.7727
vn 0.0637 0.6328 0.7717
vn 0.0987 0.3876 0.9165
vn -0.0945 0.3863 0.9175
vn 0.3012 0.8434 0.4449
vn 0.5628 0.5533 0.6140
vn 0.4972 0.8645 0.0743
vn 0.8230 0.5606 0.0921
vn 0.5316 0.8470 0.0104
vn 0.4869 0.8712 -0.0632
vn 0.8221 0.5633 -0.0829
vn 0.8378 0.5457 0.0166
vn 0.9712 -0.2382 -0.0089
vn 0.4803 -0.6523 0.5863
vn 0.0979 -0.5865 0.8040
vn 0.0054 -0.5629 0.8265
vn 0.4335 0.8526 -0.2917
vn 0.1410 0.8899 -0.4338
vn -0.4628 0.8823 -0.0857
vn -0.8376 0.5461 0.0166
vn 0.9166 -0.0928 -0.3889
vn 0.9166 -0.0927 -0.3889
vn 0.3540 -0.2169 -0.9098
vn 0.3539 -0.2171 -0.9097
vn 0.3635 -0.2360 -0.9012
vn 0.9167 -0.0924 -0.3887
vn 0.9034 0.0995 0.4171
vn 0.9035 0.0997 0.4168
vn -0.3540 -0.2169 -0.9098
vn -0.3539 -0.2171 -0.9097
vn -0.3479 -0.2573 -0.9015
vn -0.9034 0.0995 0.4171
vn -0.9166 -0.0928 -0.3889
vn -0.9166 -0.0927 -0.3889
vn -0.9035 0.0997 0.4168
vn -0.8988 0.1174 0.4222
vn -0.9205 -0.1072 -0.3757
vn -0.3472 0.2177 0.9122
vn -0.3472 0.2175 0.9122
vn -0.3430 0.2477 0.9061
vn 0.3472 0.2175 0.9122
vn 0.3472 0.2177 0.9122
vn 0.9788 0.1969 0.0563
vn 0.2541 -0.4688 -0.8460
vn 0.9969 0.0666 -0.0422
vn 0.8199 0.3546 0.4495
vn 0.8988 0.1174 0.4222
vn 0.0742 0.1164 -0.9904
vn 0.1468 0.0419 -0.9883
vn 0.0065 0.0161 -0.9998
vn 0.0122 0.1322 -0.9911
vn 0.1340 -0.0004 -0.9910
vn 0.0063 -0.0002 -1.0000
vn -0.8199 0.3546 0.4495
vn -0.9835 0.1766 0.0388
vn -0.9983 0.0507 -0.0284
vn -0.6562 -0.4187 -0.6278
vn -0.2902 0.4305 0.8547
vn -0.1094 0.6369 0.7631
vn 0.2902 0.4305 0.8547
vn 0.1094 0.6369 0.7631
vn 0.3430 0.2477 0.9061
vn -0.5157 0.8568 0.0026
vn 0.5157 0.8568 0.0026
vn 0.5225 0.8524 -0.0206
vn -0.5180 0.8553 -0.0147
vn -0.5208 0.8534 0.0206
vn 0.5208 0.8534 0.0206
vn 0.5268 -0.8497 -0.0237
vn 1.0000 0.0089 -0.0002
vn 1.0000 -0.0014 -0.0069
vn 0.5307 -0.8406 -0.1083
vn 0.5354 -0.8403 0.0852
vn 0.9999 0.0146 0.0006
vn -0.5268 -0.8497 -0.0237
vn -0.5307 -0.8406 -0.1083
vn -0.5354 -0.8403 0.0852
vn -1.0000 0.0089 -0.0002
vn -1.0000 -0.0014 -0.0069
vn -0.9999 0.0103 0.0065
vn 0.0571 0.8031 0.5931
vn -0.3234 0.8161 0.4790
vn -0.4315 0.3615 0.8265
vn -0.3905 0.9191 -0.0532
vn 0.3009 0.9520 0.0556
vn 0.2447 0.1347 0.9602
vn 0.5750 0.6628 0.4796
vn 0.3268 0.0592 0.9432
vn 0.8465 0.1164 0.5196
vn 0.2763 -0.0181 0.9609
vn 0.8379 0.0000 0.5458
vn 0.8002 0.1200 -0.5876
vn 0.7933 -0.0003 -0.6088
vn 0.4966 0.6578 -0.5663
vn -0.4985 0.1320 0.8568
vn -0.6282 0.0627 0.7755
vn -0.9717 0.0941 0.2167
vn -0.9037 0.3100 0.2954
vn -0.6510 0.0918 0.7535
vn -0.8502 0.3936 0.3497
vn -0.8595 0.1040 -0.5005
vn -0.7061 0.4020 -0.5829
vn -0.7980 0.2919 -0.5273
vn 0.5961 0.0055 0.8029
vn 0.2099 -0.4580 0.8638
vn -0.1808 0.7953 -0.5786
vn 0.0576 0.7815 -0.6213
vn -0.0737 0.1566 -0.9849
vn -0.9122 0.0148 0.4096
vn -0.6035 0.0395 0.7964
vn -0.2907 -0.0085 0.9568
vn -0.2978 -0.4283 0.8531
vn -0.2984 0.0519 -0.9530
vn -0.0305 0.0178 -0.9994
vn -0.0246 0.0059 -0.9997
vn -0.2525 0.0767 -0.9646
vn -0.2388 0.0713 -0.9684
vn 0.0000 -0.1752 0.9845
vn 0.0083 -0.1804 0.9836
vn 0.0067 -0.0024 1.0000
vn 0.0000 0.0000 1.0000
vn -0.0817 -0.0086 0.9966
vn -0.3123 0.2745 0.9095
vn -0.0313 0.0405 0.9987
vn -0.2181 0.3746 0.9012
vn -0.6173 0.7077 0.3437
vn -0.5745 0.6785 -0.4579
vn -0.4425 0.7788 -0.4447
vn -0.4560 0.8000 0.3900
vn -0.0210 0.0143 -0.9997
vn -0.2143 0.1962 -0.9569
vn 0.0059 -0.0007 -1.0000
vn -0.0213 0.0326 -0.9992
vn -0.1835 0.3192 -0.9298
vn 0.1302 -0.0020 -0.9915
vn 0.0054 -0.0009 -1.0000
vn 0.1327 -0.0007 -0.9912
vn 0.7928 0.0000 -0.6095
vn 0.8253 -0.0058 0.5647
vn 0.8129 -0.0062 0.5824
vn 0.7914 -0.0016 -0.6113
vn 0.2070 -0.0295 0.9779
vn 0.1613 -0.0094 0.9869
vn 0.0006 0.0864 0.9963
vn 0.0043 0.0882 0.9961
vn 0.0070 0.0011 1.0000
vn 0.0000 0.0011 1.0000
vn -0.1708 0.0516 0.9839
vn -0.0141 0.0603 0.9981
vn -0.0146 0.0011 0.9999
vn -0.1418 0.0013 0.9899
vn -0.1171 0.0467 -0.9920
vn -0.7816 0.0168 -0.6236
vn -0.7783 0.0002 -0.6280
vn -0.1180 0.0008 -0.9930
vn 0.1109 0.0594 -0.9921
vn 0.0044 0.0533 -0.9986
vn 0.0040 0.0012 -1.0000
vn 0.1219 0.0011 -0.9925
vn 0.1618 0.0760 0.9839
vn 0.8083 0.1421 0.5714
vn 0.8014 0.0030 0.5981
vn 0.1504 0.0017 0.9886
vn -0.0101 0.0011 -0.9999
vn -0.0102 0.0549 -0.9984
vn 0.0067 -0.0004 1.0000
vn 0.0068 -0.0011 1.0000
vn -0.0184 0.0098 0.9998
vn -0.0174 0.0244 0.9995
vn -0.1497 0.2331 0.9609
vn -0.1709 0.1106 0.9790
vn -0.7919 0.0007 0.6107
vn -0.8139 0.0207 0.5807
vn -0.7717 0.3390 0.5381
vn -0.4998 0.6822 0.5336
vn -0.7620 0.3365 -0.5533
vn -0.4885 0.6695 -0.5597
vn -0.1428 0.0931 -0.9854
vn -0.0136 0.0076 -0.9999
vn -0.1267 0.1981 -0.9720
vn -0.0125 0.0185 -0.9998
vn 0.1215 -0.0006 -0.9926
vn 0.0040 -0.0003 -1.0000
vn 0.0044 -0.0009 -1.0000
vn 0.1230 -0.0006 -0.9924
vn 0.7864 0.0023 -0.6177
vn 0.7557 0.1085 -0.6459
vn 0.7869 -0.0003 -0.6171
vn 0.7874 0.0000 -0.6165
vn 0.8017 -0.0004 0.5977
vn 0.8028 -0.0018 0.5962
vn 0.1504 -0.0007 0.9886
vn 0.1514 -0.0025 0.9885
vn 0.4188 0.8890 -0.1852
vn 0.1753 0.9455 0.2745
vn 0.4307 0.6199 -0.6559
vn 0.6070 0.7295 0.3154
vn 0.1486 0.4949 0.8561
vn 0.0070 0.3462 -0.9381
vn 0.1170 0.4031 -0.9077
vn 0.0052 0.2562 -0.9666
vn 0.1043 0.2830 -0.9534
vn -0.1674 0.3773 -0.9108
vn -0.0074 0.3616 -0.9323
vn -0.0125 0.2617 -0.9651
vn -0.1339 0.2306 -0.9638
vn -0.7533 0.2353 -0.6141
vn -0.8714 0.3424 0.3514
vn -0.8636 0.1232 0.4890
vn -0.8042 0.0612 -0.5912
vn -0.0411 0.8936 0.4470
vn -0.3577 0.7972 0.4863
vn 0.0000 0.8974 0.4412
vn -0.0226 0.4469 0.8943
vn 0.0000 0.4719 0.8817
vn -0.2291 0.3717 0.8996
vn 0.0060 0.8977 0.4406
vn 0.0046 0.4707 0.8823
vn -0.5399 0.8403 0.0486
vn 0.5012 0.8586 0.1078
vn 0.5346 0.8446 0.0305
vn -0.5346 0.8446 0.0305
vn 0.5129 -0.7962 0.3210
vn 0.9850 0.0006 0.1727
vn 0.9999 -0.0103 -0.0093
vn 0.5641 -0.7770 -0.2794
vn -0.5460 -0.7894 0.2806
vn -0.5641 -0.7770 -0.2794
vn -0.9993 0.0041 0.0361
vn -0.9999 -0.0103 -0.0093
vn 0.0000 0.5547 -0.8320
vn 0.1278 0.5861 -0.8001
vn 0.5479 0.6825 -0.4838
vn -0.1245 0.5837 -0.8023
vn -0.5453 0.6813 -0.4883
vn -0.7676 0.6402 -0.0295
vn -0.7745 0.6322 0.0200
vn -0.7637 0.6435 0.0514
vn -0.5734 0.6700 0.4715
vn -0.1739 0.5810 0.7951
vn 0.1849 0.5825 0.7915
vn 0.5844 0.6678 0.4610
vn 0.7655 0.6416 0.0480
vn 0.7746 0.6322 0.0198
vn 0.7674 0.6405 -0.0287
vn -0.5614 0.6704 -0.4851
vn -0.8295 -0.0773 -0.5531
vn -0.8365 -0.0862 -0.5411
vn -0.5592 0.8135 -0.1598
vn -0.7159 0.2627 -0.6469
vn -0.7509 0.0651 -0.6572
vn 0.5452 -0.7857 0.2924
vn 0.7554 -0.1994 0.6242
vn -0.2945 0.1484 -0.9441
vn -0.3989 0.2790 -0.8735
vn 0.7587 -0.5983 0.2575
vn 0.8447 -0.4493 -0.2910
vn 0.9497 0.0952 -0.2982
vn 0.9532 -0.0920 0.2879
vn 0.3886 -0.3273 -0.8613
vn -0.9507 0.0943 -0.2954
vn -0.8453 -0.4495 -0.2887
vn -0.7575 -0.5987 0.2602
vn -0.5634 -0.6368 0.5264
vn -0.7040 -0.2160 0.6765
vn 0.0167 -0.0701 -0.9974
vn 0.0147 0.3042 -0.9525
vn -0.0356 0.3041 -0.9520
vn -0.1489 -0.6903 0.7080
vn 0.2741 -0.2926 0.9161
vn 0.9498 0.0952 -0.2981
vn 0.9532 -0.0920 0.2880
vn 0.3652 0.2832 -0.8868
vn -0.9507 0.0943 -0.2953
vn -0.2022 -0.2980 0.9329
vn -0.0356 0.3040 -0.9520
vn 0.5702 0.4767 -0.6691
vn 0.8293 0.4374 0.3478
vn 0.8990 0.2929 -0.3257
vn 0.2519 0.3604 -0.8981
vn -0.2519 0.3605 -0.8981
vn -0.8990 0.2929 -0.3256
vn -0.8292 0.4368 0.3488
vn -0.4328 0.8939 0.1172
vn 0.2066 0.6693 0.7136
vn -0.2073 0.6691 0.7137
vn -0.0355 0.2378 -0.9707
vn 0.1322 -0.9826 0.1308
# 982 vertex normals

vt 0.2753 0.3192 0.0000
vt 0.2839 0.3416 0.0000
vt 0.2125 0.3423 0.0000
vt 0.2134 0.3202 0.0000
vt 0.9842 0.3735 0.0000
vt 0.9838 0.3942 0.0000
vt 0.9563 0.3942 0.0000
vt 0.9559 0.3735 0.0000
vt 0.9558 0.3664 0.0000
vt 0.9843 0.3664 0.0000
vt 0.5702 0.2334 0.0000
vt 0.5703 0.2122 0.0000
vt 0.6421 0.2106 0.0000
vt 0.6440 0.2325 0.0000
vt 0.4262 0.4561 0.0000
vt 0.4253 0.4529 0.0000
vt 0.4777 0.4460 0.0000
vt 0.4786 0.4490 0.0000
vt 0.4753 0.4378 0.0000
vt 0.4225 0.4439 0.0000
vt 0.6408 0.2924 0.0000
vt 0.5673 0.2901 0.0000
vt 0.5691 0.2843 0.0000
vt 0.6431 0.2863 0.0000
vt 0.6233 0.3304 0.0000
vt 0.5538 0.3248 0.0000
vt 0.3055 0.3189 0.0000
vt 0.3198 0.3413 0.0000
vt 0.5092 0.2833 0.0000
vt 0.5103 0.2762 0.0000
vt 0.5698 0.2754 0.0000
vt 0.2603 0.4783 0.0000
vt 0.2513 0.4764 0.0000
vt 0.3169 0.4674 0.0000
vt 0.3183 0.4711 0.0000
vt 0.3129 0.4568 0.0000
vt 0.2458 0.4649 0.0000
vt 0.5394 0.3622 0.0000
vt 0.4842 0.3552 0.0000
vt 0.4854 0.3512 0.0000
vt 0.5408 0.3580 0.0000
vt 0.4889 0.3414 0.0000
vt 0.5450 0.3473 0.0000
vt 0.3727 0.4599 0.0000
vt 0.3735 0.4634 0.0000
vt 0.3704 0.4502 0.0000
vt 0.3964 0.1252 0.0000
vt 0.3982 0.1457 0.0000
vt 0.3455 0.1455 0.0000
vt 0.3426 0.1249 0.0000
vt 0.4523 0.2824 0.0000
vt 0.3960 0.2815 0.0000
vt 0.3980 0.2753 0.0000
vt 0.4539 0.2758 0.0000
vt 0.4312 0.3485 0.0000
vt 0.3787 0.3420 0.0000
vt 0.3797 0.3384 0.0000
vt 0.4323 0.3448 0.0000
vt 0.3821 0.3301 0.0000
vt 0.4353 0.3357 0.0000
vt 0.6398 0.1925 0.0000
vt 0.5702 0.1937 0.0000
vt 0.5702 0.1445 0.0000
vt 0.6336 0.1467 0.0000
vt 0.5704 0.1334 0.0000
vt 0.6315 0.1365 0.0000
vt 0.6250 0.1140 0.0000
vt 0.5710 0.1113 0.0000
vt 0.5161 0.3882 0.0000
vt 0.5170 0.3917 0.0000
vt 0.4622 0.3936 0.0000
vt 0.4611 0.3898 0.0000
vt 0.4701 0.4204 0.0000
vt 0.5232 0.4160 0.0000
vt 0.4439 0.1263 0.0000
vt 0.4474 0.1474 0.0000
vt 0.3235 0.1947 0.0000
vt 0.3156 0.1874 0.0000
vt 0.3586 0.1864 0.0000
vt 0.3608 0.1937 0.0000
vt 0.3411 0.2808 0.0000
vt 0.3432 0.2748 0.0000
vt 0.3551 0.6160 0.0000
vt 0.4077 0.6120 0.0000
vt 0.4088 0.6339 0.0000
vt 0.3549 0.6388 0.0000
vt 0.3277 0.3346 0.0000
vt 0.3286 0.3317 0.0000
vt 0.3302 0.3245 0.0000
vt 0.5076 0.2885 0.0000
vt 0.4509 0.2871 0.0000
vt 0.4962 0.3206 0.0000
vt 0.4414 0.3166 0.0000
vt 0.3010 0.6395 0.0000
vt 0.2484 0.6376 0.0000
vt 0.2595 0.6159 0.0000
vt 0.3037 0.6169 0.0000
vt 0.2662 0.5947 0.0000
vt 0.3045 0.5948 0.0000
vt 0.4648 0.6195 0.0000
vt 0.4640 0.5988 0.0000
vt 0.4064 0.5910 0.0000
vt 0.4637 0.5800 0.0000
vt 0.3544 0.5940 0.0000
vt 0.2682 0.5355 0.0000
vt 0.3042 0.5348 0.0000
vt 0.4052 0.5330 0.0000
vt 0.4620 0.5295 0.0000
vt 0.3535 0.5341 0.0000
vt 0.2679 0.5234 0.0000
vt 0.3039 0.5218 0.0000
vt 0.2657 0.4974 0.0000
vt 0.3029 0.4951 0.0000
vt 0.4051 0.5208 0.0000
vt 0.4610 0.5171 0.0000
vt 0.4063 0.4953 0.0000
vt 0.4601 0.4945 0.0000
vt 0.3533 0.5212 0.0000
vt 0.3534 0.4944 0.0000
vt 0.2128 0.3869 0.0000
vt 0.2125 0.3501 0.0000
vt 0.2845 0.3492 0.0000
vt 0.2879 0.3849 0.0000
vt 0.6775 0.9273 0.0000
vt 0.7089 0.9270 0.0000
vt 0.7136 0.9345 0.0000
vt 0.6727 0.9350 0.0000
vt 0.5701 0.2408 0.0000
vt 0.6440 0.2402 0.0000
vt 0.6440 0.2769 0.0000
vt 0.3238 0.3486 0.0000
vt 0.3462 0.3834 0.0000
vt 0.5136 0.2443 0.0000
vt 0.5130 0.2499 0.0000
vt 0.3477 0.1526 0.0000
vt 0.4007 0.1527 0.0000
vt 0.4132 0.1853 0.0000
vt 0.4080 0.2471 0.0000
vt 0.4606 0.2466 0.0000
vt 0.4594 0.2517 0.0000
vt 0.4062 0.2520 0.0000
vt 0.4671 0.1848 0.0000
vt 0.4502 0.1550 0.0000
vt 0.4605 0.1550 0.0000
vt 0.4762 0.1838 0.0000
vt 0.2922 0.1527 0.0000
vt 0.2880 0.1456 0.0000
vt 0.3479 0.2459 0.0000
vt 0.3568 0.2478 0.0000
vt 0.3541 0.2523 0.0000
vt 0.3449 0.2501 0.0000
vt 0.3081 0.2322 0.0000
vt 0.3046 0.2262 0.0000
vt 0.3253 0.2374 0.0000
vt 0.3225 0.2410 0.0000
vt 0.3055 0.2224 0.0000
vt 0.3280 0.2337 0.0000
vt 0.3432 0.2561 0.0000
vt 0.1942 0.6054 0.0000
vt 0.2226 0.6101 0.0000
vt 0.2142 0.6269 0.0000
vt 0.1900 0.6198 0.0000
vt 0.1984 0.5893 0.0000
vt 0.2286 0.5920 0.0000
vt 0.2490 0.6147 0.0000
vt 0.2562 0.5942 0.0000
vt 0.2378 0.6347 0.0000
vt 0.2085 0.5395 0.0000
vt 0.2356 0.5379 0.0000
vt 0.2598 0.5361 0.0000
vt 0.2111 0.5291 0.0000
vt 0.2367 0.5265 0.0000
vt 0.2152 0.5154 0.0000
vt 0.2361 0.5079 0.0000
vt 0.2598 0.5240 0.0000
vt 0.2571 0.4998 0.0000
vt 0.4841 0.1472 0.0000
vt 0.4802 0.1283 0.0000
vt 0.5088 0.1297 0.0000
vt 0.5123 0.1468 0.0000
vt 0.4578 0.1475 0.0000
vt 0.4541 0.1269 0.0000
vt 0.2187 0.2568 0.0000
vt 0.2205 0.2464 0.0000
vt 0.2418 0.2474 0.0000
vt 0.2453 0.2576 0.0000
vt 0.2281 0.2253 0.0000
vt 0.2399 0.2250 0.0000
vt 0.2662 0.3009 0.0000
vt 0.2641 0.2576 0.0000
vt 0.2931 0.3006 0.0000
vt 0.2592 0.2474 0.0000
vt 0.2564 0.2249 0.0000
vt 0.2147 0.3020 0.0000
vt 0.7574 0.1250 0.0000
vt 0.7498 0.1133 0.0000
vt 0.7988 0.1133 0.0000
vt 0.8010 0.1249 0.0000
vt 0.7540 0.0949 0.0000
vt 0.7976 0.0949 0.0000
vt 0.7655 0.0492 0.0000
vt 0.8037 0.0491 0.0000
vt 0.4363 0.0264 0.0000
vt 0.4365 0.0287 0.0000
vt 0.3995 0.0285 0.0000
vt 0.3995 0.0260 0.0000
vt 0.3991 0.0454 0.0000
vt 0.4379 0.0457 0.0000
vt 0.3394 0.0286 0.0000
vt 0.3393 0.0261 0.0000
vt 0.3394 0.0462 0.0000
vt 0.2448 0.0282 0.0000
vt 0.2320 0.0301 0.0000
vt 0.2348 0.0513 0.0000
vt 0.4524 0.1087 0.0000
vt 0.4425 0.1077 0.0000
vt 0.3971 0.1068 0.0000
vt 0.3417 0.1066 0.0000
vt 0.2748 0.1235 0.0000
vt 0.2641 0.1053 0.0000
vt 0.4776 0.1114 0.0000
vt 0.5058 0.1140 0.0000
vt 0.4474 0.0577 0.0000
vt 0.4387 0.0564 0.0000
vt 0.3988 0.0560 0.0000
vt 0.3397 0.0568 0.0000
vt 0.2390 0.0613 0.0000
vt 0.4696 0.0616 0.0000
vt 0.4965 0.0655 0.0000
vt 0.4463 0.0470 0.0000
vt 0.4680 0.0509 0.0000
vt 0.4445 0.0297 0.0000
vt 0.4656 0.0327 0.0000
vt 0.4918 0.0367 0.0000
vt 0.4946 0.0549 0.0000
vt 0.3622 0.2205 0.0000
vt 0.3617 0.2184 0.0000
vt 0.4168 0.2170 0.0000
vt 0.4172 0.2190 0.0000
vt 0.4162 0.1938 0.0000
vt 0.3612 0.1953 0.0000
vt 0.3135 0.2217 0.0000
vt 0.3204 0.2194 0.0000
vt 0.3199 0.1962 0.0000
vt 0.2927 0.2106 0.0000
vt 0.2836 0.2001 0.0000
vt 0.2916 0.2007 0.0000
vt 0.2999 0.2106 0.0000
vt 0.3183 0.1958 0.0000
vt 0.3096 0.1869 0.0000
vt 0.2616 0.1652 0.0000
vt 0.2572 0.1578 0.0000
vt 0.2615 0.1576 0.0000
vt 0.2664 0.1651 0.0000
vt 0.2840 0.1527 0.0000
vt 0.2793 0.1457 0.0000
vt 0.2465 0.1349 0.0000
vt 0.2429 0.1350 0.0000
vt 0.2306 0.1160 0.0000
vt 0.2340 0.1161 0.0000
vt 0.2520 0.1049 0.0000
vt 0.2643 0.1234 0.0000
vt 0.2028 0.0714 0.0000
vt 0.2055 0.0715 0.0000
vt 0.2237 0.0617 0.0000
vt 0.1978 0.0607 0.0000
vt 0.2004 0.0602 0.0000
vt 0.1910 0.0388 0.0000
vt 0.1936 0.0379 0.0000
vt 0.2193 0.0524 0.0000
vt 0.3390 0.0008 0.0000
vt 0.3389 0.0029 0.0000
vt 0.2308 0.0070 0.0000
vt 0.2235 0.0052 0.0000
vt 0.2317 0.0278 0.0000
vt 0.3393 0.0246 0.0000
vt 0.3999 0.0005 0.0000
vt 0.3998 0.0025 0.0000
vt 0.3996 0.0244 0.0000
vt 0.4373 0.0013 0.0000
vt 0.4372 0.0034 0.0000
vt 0.4362 0.0251 0.0000
vt 0.4679 0.0047 0.0000
vt 0.4676 0.0067 0.0000
vt 0.4460 0.0040 0.0000
vt 0.4462 0.0020 0.0000
vt 0.4952 0.0090 0.0000
vt 0.4943 0.0109 0.0000
vt 0.4650 0.0284 0.0000
vt 0.4912 0.0325 0.0000
vt 0.4441 0.0258 0.0000
vt 0.5628 0.0388 0.0000
vt 0.5607 0.0443 0.0000
vt 0.5607 0.0378 0.0000
vt 0.5626 0.0337 0.0000
vt 0.6075 0.4358 0.0000
vt 0.6021 0.4360 0.0000
vt 0.6020 0.4237 0.0000
vt 0.6077 0.4225 0.0000
vt 0.5608 0.0567 0.0000
vt 0.5389 0.0570 0.0000
vt 0.5388 0.0445 0.0000
vt 0.5388 0.0381 0.0000
vt 0.6066 0.4932 0.0000
vt 0.6028 0.4933 0.0000
vt 0.6022 0.4456 0.0000
vt 0.6074 0.4454 0.0000
vt 0.5390 0.0667 0.0000
vt 0.5609 0.0664 0.0000
vt 0.5614 0.1142 0.0000
vt 0.5395 0.1145 0.0000
vt 0.6063 0.5085 0.0000
vt 0.6030 0.5085 0.0000
vt 0.6060 0.5236 0.0000
vt 0.6030 0.5238 0.0000
vt 0.5396 0.1299 0.0000
vt 0.5616 0.1296 0.0000
vt 0.5617 0.1450 0.0000
vt 0.5397 0.1453 0.0000
vt 0.6192 0.5670 0.0000
vt 0.6411 0.5677 0.0000
vt 0.6406 0.5695 0.0000
vt 0.6187 0.5692 0.0000
vt 0.6656 0.5691 0.0000
vt 0.6618 0.5707 0.0000
vt 0.4805 0.1920 0.0000
vt 0.5019 0.1915 0.0000
vt 0.5025 0.2141 0.0000
vt 0.4811 0.2151 0.0000
vt 0.5238 0.1908 0.0000
vt 0.5245 0.2130 0.0000
vt 0.6707 0.5699 0.0000
vt 0.6707 0.5717 0.0000
vt 0.4720 0.2155 0.0000
vt 0.4723 0.2174 0.0000
vt 0.4715 0.1923 0.0000
vt 0.6662 0.5458 0.0000
vt 0.6646 0.5621 0.0000
vt 0.6441 0.5586 0.0000
vt 0.6509 0.5405 0.0000
vt 0.5139 0.1537 0.0000
vt 0.5206 0.1779 0.0000
vt 0.4979 0.1811 0.0000
vt 0.4863 0.1546 0.0000
vt 0.5617 0.1506 0.0000
vt 0.5617 0.1748 0.0000
vt 0.5397 0.1748 0.0000
vt 0.5397 0.1507 0.0000
vt 0.6218 0.5225 0.0000
vt 0.6142 0.5230 0.0000
vt 0.6158 0.5084 0.0000
vt 0.6243 0.5083 0.0000
vt 0.6222 0.5545 0.0000
vt 0.6102 0.5532 0.0000
vt 0.6138 0.5277 0.0000
vt 0.6213 0.5266 0.0000
vt 0.6259 0.5328 0.0000
vt 0.6080 0.5690 0.0000
vt 0.6084 0.5667 0.0000
vt 0.5344 0.1904 0.0000
vt 0.5353 0.2123 0.0000
vt 0.5385 0.1896 0.0000
vt 0.5397 0.2120 0.0000
vt 0.6042 0.5668 0.0000
vt 0.6055 0.5651 0.0000
vt 0.5234 0.1888 0.0000
vt 0.5327 0.1761 0.0000
vt 0.5343 0.1884 0.0000
vt 0.5376 0.1870 0.0000
vt 0.5377 0.1751 0.0000
vt 0.5288 0.1461 0.0000
vt 0.5297 0.1523 0.0000
vt 0.5370 0.1511 0.0000
vt 0.5368 0.1455 0.0000
vt 0.5268 0.1300 0.0000
vt 0.5248 0.1147 0.0000
vt 0.5356 0.1146 0.0000
vt 0.5362 0.1300 0.0000
vt 0.5188 0.0668 0.0000
vt 0.5338 0.0667 0.0000
vt 0.5175 0.0565 0.0000
vt 0.5157 0.0406 0.0000
vt 0.5328 0.0433 0.0000
vt 0.5334 0.0568 0.0000
vt 0.4914 0.0341 0.0000
vt 0.5152 0.0369 0.0000
vt 0.5153 0.0384 0.0000
vt 0.5187 0.0152 0.0000
vt 0.5362 0.0185 0.0000
vt 0.5326 0.0404 0.0000
vt 0.5281 0.0409 0.0000
vt 0.6415 0.4160 0.0000
vt 0.6247 0.4190 0.0000
vt 0.6248 0.4167 0.0000
vt 0.6484 0.4115 0.0000
vt 0.6385 0.4342 0.0000
vt 0.6234 0.4349 0.0000
vt 0.6122 0.4200 0.0000
vt 0.6273 0.4930 0.0000
vt 0.6174 0.4931 0.0000
vt 0.6224 0.4451 0.0000
vt 0.6366 0.4448 0.0000
vt 0.7041 0.1804 0.0000
vt 0.7027 0.1434 0.0000
vt 0.7128 0.1434 0.0000
vt 0.7139 0.1804 0.0000
vt 0.6569 0.2327 0.0000
vt 0.6570 0.2405 0.0000
vt 0.7125 0.1355 0.0000
vt 0.7025 0.1355 0.0000
vt 0.8516 0.1133 0.0000
vt 0.8514 0.1355 0.0000
vt 0.8232 0.1355 0.0000
vt 0.8209 0.1133 0.0000
vt 0.6349 0.8928 0.0000
vt 0.6329 0.8966 0.0000
vt 0.6285 0.8896 0.0000
vt 0.6266 0.8835 0.0000
vt 0.3391 0.2793 0.0000
vt 0.3378 0.2832 0.0000
vt 0.3320 0.2777 0.0000
vt 0.3336 0.2733 0.0000
vt 0.3258 0.3057 0.0000
vt 0.3314 0.3082 0.0000
vt 0.6148 0.9173 0.0000
vt 0.6194 0.9214 0.0000
vt 0.4954 0.9499 0.0000
vt 0.4944 0.9474 0.0000
vt 0.5220 0.9429 0.0000
vt 0.5226 0.9460 0.0000
vt 0.5214 0.9397 0.0000
vt 0.4911 0.9401 0.0000
vt 0.5043 0.9376 0.0000
vt 0.9844 0.2207 0.0000
vt 0.9860 0.2868 0.0000
vt 0.9768 0.2870 0.0000
vt 0.9753 0.2209 0.0000
vt 0.5386 0.3674 0.0000
vt 0.5975 0.3687 0.0000
vt 0.6047 0.3730 0.0000
vt 0.8721 0.2230 0.0000
vt 0.8996 0.2224 0.0000
vt 0.9008 0.2885 0.0000
vt 0.8732 0.2891 0.0000
vt 0.9869 0.2987 0.0000
vt 0.9776 0.2989 0.0000
vt 0.6063 0.3662 0.0000
vt 0.6167 0.3698 0.0000
vt 0.6119 0.3549 0.0000
vt 0.6229 0.3578 0.0000
vt 0.7268 0.2658 0.0000
vt 0.7285 0.2787 0.0000
vt 0.7193 0.2787 0.0000
vt 0.7171 0.2658 0.0000
vt 0.8479 0.1967 0.0000
vt 0.8122 0.1952 0.0000
vt 0.8194 0.1896 0.0000
vt 0.8490 0.1900 0.0000
vt 0.8406 0.2386 0.0000
vt 0.8092 0.2386 0.0000
vt 0.3409 0.2735 0.0000
vt 0.3350 0.2689 0.0000
vt 0.3358 0.2581 0.0000
vt 0.8476 0.8022 0.0000
vt 0.8286 0.8093 0.0000
vt 0.8303 0.8041 0.0000
vt 0.8493 0.7999 0.0000
vt 0.9833 0.1651 0.0000
vt 0.9741 0.1653 0.0000
vt 0.4833 0.3604 0.0000
vt 0.8710 0.1674 0.0000
vt 0.8985 0.1668 0.0000
vt 0.9812 0.0591 0.0000
vt 0.9823 0.1119 0.0000
vt 0.9732 0.1121 0.0000
vt 0.9720 0.0592 0.0000
vt 0.4303 0.3537 0.0000
vt 0.3777 0.3471 0.0000
vt 0.8689 0.0613 0.0000
vt 0.8964 0.0607 0.0000
vt 0.8974 0.1136 0.0000
vt 0.8699 0.1141 0.0000
vt 0.9712 0.0057 0.0000
vt 0.9804 0.0055 0.0000
vt 0.9802 0.0075 0.0000
vt 0.9711 0.0077 0.0000
vt 0.3260 0.3346 0.0000
vt 0.3260 0.3393 0.0000
vt 0.3235 0.3374 0.0000
vt 0.8679 0.0097 0.0000
vt 0.8954 0.0092 0.0000
vt 0.7047 0.1900 0.0000
vt 0.7150 0.1899 0.0000
vt 0.6558 0.2876 0.0000
vt 0.6568 0.2777 0.0000
vt 0.8497 0.1803 0.0000
vt 0.8221 0.1803 0.0000
vt 0.8230 0.1433 0.0000
vt 0.8511 0.1433 0.0000
vt 0.8320 0.7899 0.0000
vt 0.8319 0.7684 0.0000
vt 0.8500 0.7692 0.0000
vt 0.8495 0.7912 0.0000
vt 0.8324 0.7452 0.0000
vt 0.8506 0.7456 0.0000
vt 0.9809 0.7486 0.0000
vt 0.9800 0.7721 0.0000
vt 0.9679 0.7718 0.0000
vt 0.9688 0.7479 0.0000
vt 0.3185 0.2461 0.0000
vt 0.3001 0.2321 0.0000
vt 0.9671 0.7939 0.0000
vt 0.9791 0.7942 0.0000
vt 0.8326 0.7348 0.0000
vt 0.8514 0.7335 0.0000
vt 0.8322 0.7298 0.0000
vt 0.8521 0.7284 0.0000
vt 0.9828 0.7160 0.0000
vt 0.9815 0.7314 0.0000
vt 0.9688 0.7298 0.0000
vt 0.9691 0.7160 0.0000
vt 0.1769 0.6036 0.0000
vt 0.1759 0.6176 0.0000
vt 0.8317 0.6081 0.0000
vt 0.8329 0.5866 0.0000
vt 0.8511 0.5883 0.0000
vt 0.8505 0.6111 0.0000
vt 0.8515 0.5661 0.0000
vt 0.8336 0.5652 0.0000
vt 0.9809 0.5674 0.0000
vt 0.9808 0.5894 0.0000
vt 0.9688 0.5894 0.0000
vt 0.9689 0.5673 0.0000
vt 0.2564 0.4949 0.0000
vt 0.2356 0.5038 0.0000
vt 0.2330 0.4975 0.0000
vt 0.2543 0.4881 0.0000
vt 0.2200 0.5103 0.0000
vt 0.2127 0.5090 0.0000
vt 0.9809 0.6118 0.0000
vt 0.9689 0.6119 0.0000
vt 0.9696 0.7003 0.0000
vt 0.9835 0.6989 0.0000
vt 0.1803 0.5880 0.0000
vt 0.8305 0.7146 0.0000
vt 0.8525 0.7152 0.0000
vt 0.8519 0.7002 0.0000
vt 0.8296 0.6979 0.0000
vt 0.9690 0.6509 0.0000
vt 0.9825 0.6486 0.0000
vt 0.1915 0.5393 0.0000
vt 0.8306 0.6478 0.0000
vt 0.8521 0.6513 0.0000
vt 0.9810 0.6212 0.0000
vt 0.9690 0.6218 0.0000
vt 0.2048 0.5151 0.0000
vt 0.1952 0.5287 0.0000
vt 0.9816 0.6373 0.0000
vt 0.9688 0.6406 0.0000
vt 0.8317 0.6363 0.0000
vt 0.8517 0.6410 0.0000
vt 0.8502 0.6214 0.0000
vt 0.8314 0.6171 0.0000
vt 0.7022 0.1133 0.0000
vt 0.7129 0.1133 0.0000
vt 0.6548 0.2105 0.0000
vt 0.6521 0.1923 0.0000
vt 0.7022 0.0949 0.0000
vt 0.7136 0.0949 0.0000
vt 0.8517 0.0948 0.0000
vt 0.8200 0.0949 0.0000
vt 0.7026 0.0487 0.0000
vt 0.7150 0.0462 0.0000
vt 0.6450 0.1463 0.0000
vt 0.8398 0.0462 0.0000
vt 0.8247 0.0491 0.0000
vt 0.7039 0.0380 0.0000
vt 0.7125 0.0375 0.0000
vt 0.6425 0.1350 0.0000
vt 0.6345 0.1112 0.0000
vt 0.7109 0.0147 0.0000
vt 0.7186 0.0159 0.0000
vt 0.8529 0.0108 0.0000
vt 0.8527 0.0149 0.0000
vt 0.8416 0.0160 0.0000
vt 0.8378 0.0107 0.0000
vt 0.8525 0.0379 0.0000
vt 0.8429 0.0375 0.0000
vt 0.8339 0.5570 0.0000
vt 0.8517 0.5577 0.0000
vt 0.9360 0.3042 0.0000
vt 0.9354 0.3409 0.0000
vt 0.9175 0.3406 0.0000
vt 0.9181 0.3038 0.0000
vt 0.7884 0.3380 0.0000
vt 0.7890 0.3012 0.0000
vt 0.8009 0.3015 0.0000
vt 0.8003 0.3383 0.0000
vt 0.3025 0.4896 0.0000
vt 0.2651 0.4924 0.0000
vt 0.2640 0.4853 0.0000
vt 0.3021 0.4823 0.0000
vt 0.9330 0.5100 0.0000
vt 0.9325 0.5434 0.0000
vt 0.9155 0.5369 0.0000
vt 0.9153 0.5018 0.0000
vt 0.7940 0.4961 0.0000
vt 0.7876 0.4440 0.0000
vt 0.7994 0.4495 0.0000
vt 0.8052 0.5003 0.0000
vt 0.4605 0.4900 0.0000
vt 0.4072 0.4901 0.0000
vt 0.4105 0.4832 0.0000
vt 0.4634 0.4838 0.0000
vt 0.9343 0.4010 0.0000
vt 0.9165 0.3995 0.0000
vt 0.7874 0.3886 0.0000
vt 0.7994 0.3896 0.0000
vt 0.3535 0.4890 0.0000
vt 0.3539 0.4817 0.0000
vt 0.9324 0.5551 0.0000
vt 0.9173 0.5560 0.0000
vt 0.7939 0.5465 0.0000
vt 0.8048 0.5509 0.0000
vt 0.6190 0.1101 0.0000
vt 0.5723 0.1070 0.0000
vt 0.5755 0.1007 0.0000
vt 0.6259 0.1065 0.0000
vt 0.4166 0.4249 0.0000
vt 0.4074 0.3956 0.0000
vt 0.7365 0.1952 0.0000
vt 0.7455 0.1905 0.0000
vt 0.8030 0.1905 0.0000
vt 0.2341 0.4404 0.0000
vt 0.3043 0.4344 0.0000
vt 0.2161 0.4026 0.0000
vt 0.2910 0.3998 0.0000
vt 0.3655 0.4295 0.0000
vt 0.3579 0.3976 0.0000
vt 0.3871 0.3127 0.0000
vt 0.3947 0.2858 0.0000
vt 0.5292 0.4316 0.0000
vt 0.5310 0.4392 0.0000
vt 0.5290 0.4392 0.0000
vt 0.5272 0.4318 0.0000
vt 0.5311 0.4415 0.0000
vt 0.5297 0.4419 0.0000
vt 0.3340 0.3089 0.0000
vt 0.3276 0.3244 0.0000
vt 0.3400 0.2847 0.0000
vt 0.3266 0.3321 0.0000
vt 0.3221 0.3337 0.0000
vt 0.3224 0.3241 0.0000
vt 0.5991 0.9438 0.0000
vt 0.6082 0.9456 0.0000
vt 0.6071 0.9482 0.0000
vt 0.5981 0.9468 0.0000
vt 0.6026 0.9367 0.0000
vt 0.6115 0.9377 0.0000
vt 0.4818 0.9261 0.0000
vt 0.4838 0.9247 0.0000
vt 0.4891 0.9408 0.0000
vt 0.4705 0.9035 0.0000
vt 0.4723 0.9011 0.0000
vt 0.4818 0.8884 0.0000
vt 0.4932 0.9174 0.0000
vt 0.6349 0.3328 0.0000
vt 0.6534 0.2942 0.0000
vt 0.7126 0.2387 0.0000
vt 0.7057 0.1967 0.0000
vt 0.7175 0.1963 0.0000
vt 0.7230 0.2387 0.0000
vt 0.2414 0.4784 0.0000
vt 0.2356 0.4666 0.0000
vt 0.2532 0.4811 0.0000
vt 0.9007 0.3004 0.0000
vt 0.8727 0.3010 0.0000
vt 0.8067 0.2658 0.0000
vt 0.8358 0.2658 0.0000
vt 0.8335 0.2786 0.0000
vt 0.8055 0.2787 0.0000
vt 0.5253 0.7283 0.0000
vt 0.5219 0.7333 0.0000
vt 0.5213 0.7305 0.0000
vt 0.5244 0.7248 0.0000
vt 0.5058 0.7590 0.0000
vt 0.5041 0.7575 0.0000
vt 0.5019 0.7560 0.0000
vt 0.5182 0.7287 0.0000
vt 0.5214 0.7231 0.0000
vt 0.3320 0.7595 0.0000
vt 0.3331 0.7584 0.0000
vt 0.3448 0.7757 0.0000
vt 0.3437 0.7792 0.0000
vt 0.3150 0.7337 0.0000
vt 0.3156 0.7318 0.0000
vt 0.3353 0.7569 0.0000
vt 0.3186 0.7298 0.0000
vt 0.3466 0.7745 0.0000
vt 0.7266 0.1803 0.0000
vt 0.7257 0.1433 0.0000
vt 0.7367 0.1434 0.0000
vt 0.7374 0.1802 0.0000
vt 0.7255 0.1355 0.0000
vt 0.7365 0.1356 0.0000
vt 0.8093 0.1267 0.0000
vt 0.8122 0.1356 0.0000
vt 0.4703 0.6982 0.0000
vt 0.4743 0.7015 0.0000
vt 0.4617 0.7016 0.0000
vt 0.4583 0.6982 0.0000
vt 0.4681 0.7355 0.0000
vt 0.4573 0.7353 0.0000
vt 0.3745 0.7516 0.0000
vt 0.3688 0.7360 0.0000
vt 0.3833 0.7356 0.0000
vt 0.3859 0.7563 0.0000
vt 0.3622 0.7020 0.0000
vt 0.3789 0.7020 0.0000
vt 0.9669 0.2872 0.0000
vt 0.9654 0.2211 0.0000
vt 0.9676 0.2991 0.0000
vt 0.7372 0.2658 0.0000
vt 0.7385 0.2787 0.0000
vt 0.9666 0.8029 0.0000
vt 0.9537 0.8025 0.0000
vt 0.9542 0.7935 0.0000
vt 0.8675 0.8003 0.0000
vt 0.8674 0.8022 0.0000
vt 0.9643 0.1655 0.0000
vt 0.9633 0.1125 0.0000
vt 0.9622 0.0594 0.0000
vt 0.9612 0.0079 0.0000
vt 0.9613 0.0059 0.0000
vt 0.7293 0.1896 0.0000
vt 0.7395 0.1884 0.0000
vt 0.8683 0.7701 0.0000
vt 0.8677 0.7920 0.0000
vt 0.8690 0.7466 0.0000
vt 0.9549 0.7715 0.0000
vt 0.9557 0.7478 0.0000
vt 0.8696 0.7343 0.0000
vt 0.8700 0.7286 0.0000
vt 0.9561 0.7297 0.0000
vt 0.9564 0.7157 0.0000
vt 0.8693 0.5887 0.0000
vt 0.8690 0.6113 0.0000
vt 0.8696 0.5665 0.0000
vt 0.9559 0.5893 0.0000
vt 0.9560 0.5672 0.0000
vt 0.9558 0.6118 0.0000
vt 0.9566 0.7002 0.0000
vt 0.8702 0.7152 0.0000
vt 0.8701 0.7002 0.0000
vt 0.9563 0.6510 0.0000
vt 0.8700 0.6514 0.0000
vt 0.9559 0.6216 0.0000
vt 0.9560 0.6406 0.0000
vt 0.8697 0.6411 0.0000
vt 0.8691 0.6211 0.0000
vt 0.7394 0.1267 0.0000
vt 0.7278 0.1133 0.0000
vt 0.8698 0.5580 0.0000
vt 0.8994 0.3402 0.0000
vt 0.9000 0.3034 0.0000
vt 0.8138 0.3017 0.0000
vt 0.8132 0.3385 0.0000
vt 0.8984 0.5311 0.0000
vt 0.8974 0.4937 0.0000
vt 0.8122 0.4552 0.0000
vt 0.8173 0.5043 0.0000
vt 0.8984 0.3979 0.0000
vt 0.8122 0.3907 0.0000
vt 0.8988 0.5546 0.0000
vt 0.8170 0.5514 0.0000
vt 0.5891 0.9426 0.0000
vt 0.5896 0.9402 0.0000
vt 0.5885 0.9456 0.0000
vt 0.8091 0.1884 0.0000
vt 0.7342 0.2387 0.0000
vt 0.4750 0.6445 0.0000
vt 0.4624 0.6444 0.0000
vt 0.4654 0.6429 0.0000
vt 0.4784 0.6429 0.0000
vt 0.4749 0.6481 0.0000
vt 0.4624 0.6480 0.0000
vt 0.3662 0.6983 0.0000
vt 0.3617 0.6962 0.0000
vt 0.3782 0.6958 0.0000
vt 0.3784 0.6978 0.0000
vt 0.3616 0.6897 0.0000
vt 0.3782 0.6899 0.0000
vt 0.3707 0.7905 0.0000
vt 0.3868 0.7910 0.0000
vt 0.3871 0.7921 0.0000
vt 0.3703 0.7941 0.0000
vt 0.3707 0.7883 0.0000
vt 0.3868 0.7890 0.0000
vt 0.4657 0.7574 0.0000
vt 0.4547 0.7627 0.0000
vt 0.4525 0.7556 0.0000
vt 0.4627 0.7512 0.0000
vt 0.4664 0.7622 0.0000
vt 0.4548 0.7657 0.0000
vt 0.6742 0.9221 0.0000
vt 0.6727 0.9273 0.0000
vt 0.6723 0.9001 0.0000
vt 0.6739 0.9000 0.0000
vt 0.6722 0.8952 0.0000
vt 0.6703 0.9000 0.0000
vt 0.6702 0.8950 0.0000
vt 0.6771 0.8949 0.0000
vt 0.7150 0.8895 0.0000
vt 0.7146 0.8949 0.0000
vt 0.7098 0.8946 0.0000
vt 0.7084 0.8895 0.0000
vt 0.7167 0.8896 0.0000
vt 0.7166 0.8947 0.0000
vt 0.6710 0.9345 0.0000
vt 0.6708 0.9275 0.0000
vt 0.7165 0.8997 0.0000
vt 0.7155 0.9271 0.0000
vt 0.7136 0.9269 0.0000
vt 0.7146 0.8997 0.0000
vt 0.7476 0.1250 0.0000
vt 0.2891 0.3940 0.0000
vt 0.2137 0.3964 0.0000
vt 0.3575 0.3920 0.0000
vt 0.4159 0.1922 0.0000
vt 0.4800 0.1904 0.0000
vt 0.4710 0.1907 0.0000
vt 0.5014 0.1897 0.0000
vt 0.6028 0.5532 0.0000
vt 0.6050 0.5532 0.0000
vt 0.5615 0.1884 0.0000
vt 0.5393 0.1884 0.0000
vt 0.9677 0.8053 0.0000
vt 0.9787 0.8065 0.0000
vt 0.9787 0.8113 0.0000
vt 0.8282 0.7859 0.0000
vt 0.8225 0.8032 0.0000
vt 0.2022 0.3971 0.0000
vt 0.2013 0.3874 0.0000
vt 0.9545 0.8049 0.0000
vt 0.8113 0.1802 0.0000
vt 0.7153 0.9340 0.0000
vt 0.6665 0.8681 0.0000
vt 0.6660 0.8723 0.0000
vt 0.6609 0.8727 0.0000
vt 0.6582 0.8696 0.0000
vt 0.6763 0.8680 0.0000
vt 0.6762 0.8722 0.0000
vt 0.6668 0.8744 0.0000
vt 0.6766 0.8743 0.0000
vt 0.6621 0.8748 0.0000
vt 0.7199 0.8676 0.0000
vt 0.7102 0.8719 0.0000
vt 0.7098 0.8741 0.0000
vt 0.7205 0.8718 0.0000
vt 0.7283 0.8690 0.0000
vt 0.7257 0.8722 0.0000
vt 0.7245 0.8743 0.0000
vt 0.7196 0.8740 0.0000
vt 0.7399 0.8888 0.0000
vt 0.7358 0.8887 0.0000
vt 0.7349 0.8824 0.0000
vt 0.7379 0.8797 0.0000
vt 0.7327 0.8833 0.0000
vt 0.7335 0.8895 0.0000
vt 0.7343 0.9332 0.0000
vt 0.7355 0.8965 0.0000
vt 0.7395 0.8965 0.0000
vt 0.7382 0.9333 0.0000
vt 0.7365 0.9416 0.0000
vt 0.7328 0.9412 0.0000
vt 0.7306 0.9404 0.0000
vt 0.7319 0.9324 0.0000
vt 0.7223 0.9533 0.0000
vt 0.7191 0.9513 0.0000
vt 0.7249 0.9507 0.0000
vt 0.7286 0.9516 0.0000
vt 0.6648 0.9543 0.0000
vt 0.6679 0.9522 0.0000
vt 0.6685 0.9501 0.0000
vt 0.7185 0.9492 0.0000
vt 0.7237 0.9487 0.0000
vt 0.6587 0.9528 0.0000
vt 0.6623 0.9517 0.0000
vt 0.6634 0.9497 0.0000
vt 0.6495 0.9415 0.0000
vt 0.6480 0.9332 0.0000
vt 0.6519 0.9332 0.0000
vt 0.6532 0.9412 0.0000
vt 0.6554 0.9404 0.0000
vt 0.6542 0.9325 0.0000
vt 0.6473 0.8964 0.0000
vt 0.6513 0.8965 0.0000
vt 0.6471 0.8887 0.0000
vt 0.6511 0.8887 0.0000
vt 0.6535 0.8895 0.0000
vt 0.6536 0.8969 0.0000
vt 0.6784 0.8898 0.0000
vt 0.6059 0.5288 0.0000
vt 0.6030 0.5292 0.0000
vt 0.2010 0.3503 0.0000
vt 0.2010 0.3425 0.0000
vt 0.8280 0.7149 0.0000
vt 0.8296 0.7300 0.0000
vt 0.2928 0.2244 0.0000
vt 0.2912 0.2203 0.0000
vt 0.9689 0.7355 0.0000
vt 0.9811 0.7371 0.0000
vt 0.8120 0.1433 0.0000
vt 0.9560 0.7354 0.0000
vt 0.6702 0.8900 0.0000
vt 0.6718 0.8898 0.0000
vt 0.7130 0.8997 0.0000
vt 0.7332 0.8969 0.0000
vt 0.6492 0.8796 0.0000
vt 0.6522 0.8824 0.0000
vt 0.6543 0.8833 0.0000
vt 0.5821 0.3946 0.0000
vt 0.5339 0.4082 0.0000
vt 0.5332 0.4020 0.0000
vt 0.5814 0.3884 0.0000
vt 0.6320 0.3743 0.0000
vt 0.6327 0.3804 0.0000
vt 0.5829 0.4166 0.0000
vt 0.5348 0.4302 0.0000
vt 0.7728 0.4440 0.0000
vt 0.7728 0.4940 0.0000
vt 0.7443 0.4940 0.0000
vt 0.7443 0.4440 0.0000
vt 0.7443 0.3916 0.0000
vt 0.7728 0.3916 0.0000
vt 0.2313 0.9443 0.0000
vt 0.2323 0.9223 0.0000
vt 0.2803 0.9364 0.0000
vt 0.2792 0.9584 0.0000
vt 0.1810 0.9296 0.0000
vt 0.1819 0.9076 0.0000
vt 0.2811 0.9302 0.0000
vt 0.2331 0.9161 0.0000
vt 0.2305 0.9505 0.0000
vt 0.2785 0.9646 0.0000
vt 0.1801 0.9358 0.0000
vt 0.9838 0.5550 0.0000
vt 0.9564 0.5550 0.0000
vt 0.9564 0.5050 0.0000
vt 0.9838 0.5050 0.0000
vt 0.6818 0.3671 0.0000
vt 0.6663 0.3638 0.0000
vt 0.6824 0.3602 0.0000
vt 0.6948 0.3581 0.0000
vt 0.6945 0.3649 0.0000
vt 0.6873 0.3845 0.0000
vt 0.6778 0.3875 0.0000
vt 0.6334 0.4024 0.0000
vt 0.2000 0.8465 0.0000
vt 0.1976 0.8378 0.0000
vt 0.2045 0.8382 0.0000
vt 0.2065 0.8473 0.0000
vt 0.1984 0.8255 0.0000
vt 0.2054 0.8260 0.0000
vt 0.1368 0.9144 0.0000
vt 0.1329 0.8939 0.0000
vt 0.1273 0.9113 0.0000
vt 0.1202 0.8918 0.0000
vt 0.1322 0.8870 0.0000
vt 0.1198 0.8851 0.0000
vt 0.1483 0.8906 0.0000
vt 0.1826 0.9015 0.0000
vt 0.1362 0.9203 0.0000
vt 0.1282 0.9176 0.0000
vt 0.9838 0.4065 0.0000
vt 0.9564 0.4065 0.0000
vt 0.9599 0.3992 0.0000
vt 0.9802 0.3992 0.0000
vt 0.9838 0.4526 0.0000
vt 0.9564 0.4526 0.0000
vt 0.9843 0.3338 0.0000
vt 0.9558 0.3338 0.0000
vt 0.9558 0.3225 0.0000
vt 0.9843 0.3224 0.0000
vt 0.9843 0.3452 0.0000
vt 0.9558 0.3452 0.0000
vt 0.6775 0.3269 0.0000
vt 0.6878 0.3264 0.0000
vt 0.6861 0.3382 0.0000
vt 0.6754 0.3391 0.0000
vt 0.6783 0.3146 0.0000
vt 0.6887 0.3146 0.0000
vt 0.6980 0.3260 0.0000
vt 0.6990 0.3147 0.0000
vt 0.6969 0.3372 0.0000
vt 0.7443 0.3172 0.0000
vt 0.7729 0.3173 0.0000
vt 0.7729 0.3296 0.0000
vt 0.7443 0.3296 0.0000
vt 0.7443 0.3050 0.0000
vt 0.7729 0.3050 0.0000
vt 0.1172 0.8645 0.0000
vt 0.1155 0.8534 0.0000
vt 0.1258 0.8534 0.0000
vt 0.1279 0.8651 0.0000
vt 0.1140 0.8422 0.0000
vt 0.1244 0.8416 0.0000
vt 0.1347 0.8412 0.0000
vt 0.1361 0.8535 0.0000
vt 0.1387 0.8657 0.0000
vt 0.4923 0.4593 0.0000
vt 0.5406 0.4516 0.0000
vt 0.5424 0.4552 0.0000
vt 0.5375 0.4555 0.0000
vt 0.5051 0.4597 0.0000
vt 0.4870 0.4630 0.0000
vt 0.4851 0.4604 0.0000
vt 0.4850 0.4721 0.0000
vt 0.4822 0.4722 0.0000
vt 0.4859 0.4846 0.0000
vt 0.4828 0.4847 0.0000
vt 0.2029 0.9732 0.0000
vt 0.2027 0.9802 0.0000
vt 0.1904 0.9799 0.0000
vt 0.1906 0.9728 0.0000
vt 0.2150 0.9735 0.0000
vt 0.2147 0.9806 0.0000
vt 0.5473 0.4791 0.0000
vt 0.5463 0.4667 0.0000
vt 0.5476 0.4665 0.0000
vt 0.5487 0.4788 0.0000
vt 0.5444 0.4582 0.0000
vt 0.5444 0.4551 0.0000
vt 0.3330 0.9629 0.0000
vt 0.3330 0.9699 0.0000
vt 0.3214 0.9700 0.0000
vt 0.3213 0.9629 0.0000
vt 0.3453 0.9629 0.0000
vt 0.3453 0.9699 0.0000
vt 0.5010 0.4714 0.0000
vt 0.5061 0.4840 0.0000
vt 0.2495 0.8567 0.0000
vt 0.2037 0.8503 0.0000
vt 0.2497 0.8527 0.0000
vt 0.2798 0.9683 0.0000
vt 0.2820 0.9754 0.0000
vt 0.2333 0.9750 0.0000
vt 0.2336 0.9679 0.0000
vt 0.5415 0.4670 0.0000
vt 0.5446 0.4670 0.0000
vt 0.5449 0.4794 0.0000
vt 0.5393 0.4803 0.0000
vt 0.2862 0.9679 0.0000
vt 0.2871 0.9749 0.0000
vt 0.2556 0.8415 0.0000
vt 0.2505 0.8411 0.0000
vt 0.2522 0.8289 0.0000
vt 0.2576 0.8293 0.0000
vt 0.2537 0.8500 0.0000
vt 0.5381 0.4861 0.0000
vt 0.5102 0.4891 0.0000
vt 0.5136 0.4932 0.0000
vt 0.5402 0.4904 0.0000
vt 0.5464 0.4853 0.0000
vt 0.5509 0.4849 0.0000
vt 0.5510 0.4894 0.0000
vt 0.5584 0.4888 0.0000
vt 0.5527 0.4844 0.0000
vt 0.3524 0.9629 0.0000
vt 0.3524 0.9699 0.0000
vt 0.3617 0.9629 0.0000
vt 0.3617 0.9700 0.0000
vt 0.5611 0.4882 0.0000
vt 0.2554 0.8232 0.0000
vt 0.2615 0.8236 0.0000
vt 0.2062 0.8201 0.0000
vt 0.2616 0.8191 0.0000
vt 0.2694 0.8196 0.0000
vt 0.1992 0.8152 0.0000
vt 0.2073 0.8157 0.0000
vt 0.1988 0.8196 0.0000
vt 0.1945 0.8253 0.0000
vt 0.1949 0.8193 0.0000
vt 0.1844 0.9798 0.0000
vt 0.1846 0.9727 0.0000
vt 0.1800 0.9796 0.0000
vt 0.1802 0.9725 0.0000
vt 0.1952 0.8149 0.0000
vt 0.4869 0.4906 0.0000
vt 0.4878 0.4951 0.0000
vt 0.5686 0.6364 0.0000
vt 0.5311 0.6399 0.0000
vt 0.5205 0.5235 0.0000
vt 0.5574 0.5200 0.0000
vt 0.6016 0.6313 0.0000
vt 0.5889 0.6326 0.0000
vt 0.5761 0.5183 0.0000
vt 0.5901 0.5169 0.0000
vt 0.3069 0.6758 0.0000
vt 0.3122 0.6763 0.0000
vt 0.3051 0.7910 0.0000
vt 0.3003 0.7907 0.0000
vt 0.2086 0.6697 0.0000
vt 0.2194 0.6703 0.0000
vt 0.2124 0.7852 0.0000
vt 0.2014 0.7845 0.0000
vt 0.5012 0.6408 0.0000
vt 0.4973 0.6410 0.0000
vt 0.4868 0.5265 0.0000
vt 0.4911 0.5261 0.0000
vt 0.2863 0.7898 0.0000
vt 0.2916 0.6748 0.0000
vt 0.5194 0.5116 0.0000
vt 0.5562 0.5081 0.0000
vt 0.5186 0.5079 0.0000
vt 0.5538 0.5045 0.0000
vt 0.5749 0.5063 0.0000
vt 0.5715 0.5029 0.0000
vt 0.5846 0.5017 0.0000
vt 0.5890 0.5050 0.0000
vt 0.5537 0.0244 0.0000
vt 0.5537 0.0173 0.0000
vt 0.6687 0.0172 0.0000
vt 0.6685 0.0247 0.0000
vt 0.5938 0.5045 0.0000
vt 0.5949 0.5164 0.0000
vt 0.5892 0.5011 0.0000
vt 0.3982 0.9630 0.0000
vt 0.3982 0.9700 0.0000
vt 0.3926 0.9700 0.0000
vt 0.3926 0.9629 0.0000
vt 0.5418 0.0244 0.0000
vt 0.5418 0.0173 0.0000
vt 0.2996 0.8026 0.0000
vt 0.2855 0.8017 0.0000
vt 0.2954 0.8060 0.0000
vt 0.2822 0.8052 0.0000
vt 0.2006 0.7964 0.0000
vt 0.2117 0.7970 0.0000
vt 0.2110 0.8007 0.0000
vt 0.2004 0.8001 0.0000
vt 0.1493 0.9717 0.0000
vt 0.1491 0.9788 0.0000
vt 0.0343 0.9765 0.0000
vt 0.0342 0.9690 0.0000
vt 0.1964 0.7961 0.0000
vt 0.1971 0.7842 0.0000
vt 0.1962 0.7998 0.0000
vt 0.1611 0.9791 0.0000
vt 0.1612 0.9720 0.0000
vt 0.1650 0.9721 0.0000
vt 0.1648 0.9792 0.0000
vt 0.4900 0.5142 0.0000
vt 0.4896 0.5104 0.0000
vt 0.4809 0.6648 0.0000
vt 0.4767 0.6569 0.0000
vt 0.4853 0.6538 0.0000
vt 0.4905 0.6554 0.0000
vt 0.0055 0.9629 0.0000
vt 0.0143 0.9645 0.0000
vt 0.0157 0.9816 0.0000
vt 0.0071 0.9853 0.0000
vt 0.4959 0.6474 0.0000
vt 0.5000 0.6477 0.0000
vt 0.2084 0.6380 0.0000
vt 0.2140 0.6503 0.0000
vt 0.2026 0.6496 0.0000
vt 0.1962 0.6371 0.0000
vt 0.2190 0.6627 0.0000
vt 0.2081 0.6620 0.0000
vt 0.3083 0.6468 0.0000
vt 0.3062 0.6562 0.0000
vt 0.2905 0.6547 0.0000
vt 0.2900 0.6447 0.0000
vt 0.2915 0.6671 0.0000
vt 0.3071 0.6682 0.0000
vt 0.3127 0.6517 0.0000
vt 0.3118 0.6581 0.0000
vt 0.6843 0.0303 0.0000
vt 0.6809 0.0284 0.0000
vt 0.6865 0.0127 0.0000
vt 0.6925 0.0105 0.0000
vt 0.6752 0.0252 0.0000
vt 0.6762 0.0166 0.0000
vt 0.3125 0.6690 0.0000
vt 0.6047 0.6529 0.0000
vt 0.5900 0.6557 0.0000
vt 0.5904 0.6460 0.0000
vt 0.6031 0.6448 0.0000
vt 0.5693 0.6574 0.0000
vt 0.5696 0.6476 0.0000
vt 0.5899 0.6392 0.0000
vt 0.5690 0.6410 0.0000
vt 0.6024 0.6380 0.0000
vt 0.5314 0.6611 0.0000
vt 0.5322 0.6513 0.0000
vt 0.5315 0.6446 0.0000
vt 0.9859 0.3012 0.0000
vt 0.9843 0.3111 0.0000
vt 0.9558 0.3111 0.0000
vt 0.9528 0.3013 0.0000
vt 0.9558 0.3565 0.0000
vt 0.9843 0.3565 0.0000
vt 0.6772 0.3024 0.0000
vt 0.6887 0.3024 0.0000
vt 0.6744 0.2912 0.0000
vt 0.6883 0.2929 0.0000
vt 0.7015 0.2936 0.0000
vt 0.7000 0.3036 0.0000
vt 0.6957 0.3484 0.0000
vt 0.6841 0.3499 0.0000
vt 0.6725 0.3514 0.0000
vt 0.7443 0.2925 0.0000
vt 0.7729 0.2925 0.0000
vt 0.7423 0.2812 0.0000
vt 0.7757 0.2812 0.0000
vt 0.7729 0.3421 0.0000
vt 0.7443 0.3420 0.0000
vt 0.7745 0.3558 0.0000
vt 0.7426 0.3558 0.0000
vt 0.1127 0.8310 0.0000
vt 0.1239 0.8297 0.0000
vt 0.1108 0.8212 0.0000
vt 0.1238 0.8207 0.0000
vt 0.1351 0.8287 0.0000
vt 0.1372 0.8175 0.0000
vt 0.1419 0.8780 0.0000
vt 0.1303 0.8768 0.0000
vt 0.1187 0.8755 0.0000
vt 0.5837 0.4228 0.0000
vt 0.5355 0.4364 0.0000
vt 0.6782 0.8878 0.0000
vt 0.6713 0.8879 0.0000
vt 0.6692 0.8883 0.0000
vt 0.7085 0.8875 0.0000
vt 0.7155 0.8875 0.0000
vt 0.7176 0.8879 0.0000
vt 0.7188 0.8941 0.0000
vt 0.7184 0.8887 0.0000
vt 0.7186 0.8994 0.0000
vt 0.7176 0.9278 0.0000
vt 0.7167 0.9355 0.0000
vt 0.7143 0.9364 0.0000
vt 0.6723 0.9370 0.0000
vt 0.6701 0.9365 0.0000
vt 0.6687 0.9280 0.0000
vt 0.6694 0.9356 0.0000
vt 0.6682 0.8997 0.0000
vt 0.6681 0.8944 0.0000
vt 0.6685 0.8890 0.0000
vt 0.2999 0.8064 0.0000
vt 0.2721 0.8200 0.0000
vt 0.4853 0.5107 0.0000
vt 0.4839 0.4955 0.0000
vt 0.2147 0.0304 0.0000
vt 0.2138 0.0085 0.0000
vt 0.5191 0.0139 0.0000
vt 0.5320 0.0165 0.0000
vt 0.4442 0.0273 0.0000
vt 0.4651 0.0300 0.0000
vt 0.2034 0.3204 0.0000
vt 0.4936 0.9495 0.0000
vt 0.4924 0.9478 0.0000
vt 0.3189 0.4735 0.0000
vt 0.2048 0.4035 0.0000
vt 0.2235 0.4418 0.0000
vt 0.8228 0.8106 0.0000
vt 0.3739 0.4658 0.0000
vt 0.4267 0.4585 0.0000
vt 0.4791 0.4513 0.0000
vt 0.5302 0.4441 0.0000
vt 0.8290 0.7683 0.0000
vt 0.8285 0.7419 0.0000
vt 0.8297 0.7344 0.0000
vt 0.8272 0.6129 0.0000
vt 0.8299 0.5862 0.0000
vt 0.8307 0.5651 0.0000
vt 0.8271 0.6983 0.0000
vt 0.8273 0.6483 0.0000
vt 0.8279 0.6373 0.0000
vt 0.8262 0.6198 0.0000
vt 0.2063 0.3022 0.0000
vt 0.2142 0.2566 0.0000
vt 0.2281 0.2214 0.0000
vt 0.2297 0.2228 0.0000
vt 0.2254 0.2246 0.0000
vt 0.2169 0.2461 0.0000
vt 0.8310 0.5569 0.0000
vt 0.9389 0.3042 0.0000
vt 0.9383 0.3410 0.0000
vt 0.9360 0.5163 0.0000
vt 0.9351 0.5443 0.0000
vt 0.9372 0.4012 0.0000
vt 0.9344 0.5545 0.0000
vt 0.4707 0.8973 0.0000
vt 0.4840 0.8827 0.0000
vt 0.5189 0.3912 0.0000
vt 0.5251 0.4157 0.0000
vt 0.4062 0.3914 0.0000
vt 0.4666 0.9009 0.0000
vt 0.4942 0.7785 0.0000
vt 0.4926 0.7748 0.0000
vt 0.4908 0.7737 0.0000
vt 0.3113 0.7292 0.0000
vt 0.3123 0.7262 0.0000
vt 0.3153 0.7244 0.0000
vt 0.4729 0.7364 0.0000
vt 0.4795 0.7037 0.0000
vt 0.4842 0.7063 0.0000
vt 0.4762 0.7389 0.0000
vt 0.4789 0.6977 0.0000
vt 0.4747 0.6975 0.0000
vt 0.4857 0.6999 0.0000
vt 0.3523 0.7070 0.0000
vt 0.3570 0.7043 0.0000
vt 0.3640 0.7369 0.0000
vt 0.3607 0.7395 0.0000
vt 0.3716 0.7579 0.0000
vt 0.3679 0.7601 0.0000
vt 0.4747 0.6964 0.0000
vt 0.4622 0.6964 0.0000
vt 0.4622 0.6902 0.0000
vt 0.4747 0.6902 0.0000
vt 0.3617 0.6640 0.0000
vt 0.3783 0.6643 0.0000
vt 0.3712 0.7625 0.0000
vt 0.3869 0.7633 0.0000
vt 0.3869 0.7662 0.0000
vt 0.4670 0.7781 0.0000
vt 0.4550 0.7804 0.0000
vt 0.4694 0.7596 0.0000
vt 0.3507 0.7006 0.0000
vt 0.3575 0.6983 0.0000
vt 0.3613 0.6971 0.0000
vt 0.5211 0.3869 0.0000
vt 0.8676 0.0077 0.0000
vt 0.8952 0.0072 0.0000
vt 0.9690 0.5588 0.0000
vt 0.9810 0.5589 0.0000
vt 0.9561 0.5587 0.0000
vt 0.5320 0.4431 0.0000
vt 0.5047 0.7197 0.0000
vt 0.4916 0.7492 0.0000
vt 0.5075 0.7139 0.0000
vt 0.3320 0.7207 0.0000
vt 0.3455 0.7500 0.0000
vt 0.3550 0.7689 0.0000
vt 0.4623 0.6648 0.0000
vt 0.4748 0.6648 0.0000
vt 0.3707 0.7782 0.0000
vt 0.3868 0.7798 0.0000
vt 0.4824 0.7682 0.0000
vt 0.3291 0.7150 0.0000
vt 0.3618 0.6473 0.0000
vt 0.3784 0.6474 0.0000
vt 0.4670 0.7882 0.0000
vt 0.4550 0.7902 0.0000
vt 0.2031 0.6622 0.0000
vt 0.1966 0.6509 0.0000
vt 0.2039 0.6695 0.0000
vt 0.0273 0.9768 0.0000
vt 0.0267 0.9682 0.0000
vt 0.6067 0.6370 0.0000
vt 0.6075 0.6430 0.0000
vt 0.6059 0.6307 0.0000
vt 0.5334 0.4306 0.0000
vt 0.5325 0.4086 0.0000
vt 0.6750 0.9218 0.0000
vt 0.6747 0.9000 0.0000
vt 0.6792 0.8959 0.0000
vt 0.5318 0.4024 0.0000
vt 0.7728 0.4954 0.0000
vt 0.7443 0.4954 0.0000
vt 0.7076 0.8955 0.0000
vt 0.2825 0.9306 0.0000
vt 0.2817 0.9368 0.0000
vt 0.7121 0.8996 0.0000
vt 0.7113 0.9215 0.0000
vt 0.7122 0.9217 0.0000
vt 0.2806 0.9588 0.0000
vt 0.6795 0.9259 0.0000
vt 0.7069 0.9255 0.0000
vt 0.9838 0.5564 0.0000
vt 0.9564 0.5564 0.0000
vt 0.5341 0.4368 0.0000
vt 0.8524 0.0486 0.0000
vt 0.4834 0.4909 0.0000
vt 0.4857 0.5146 0.0000
vt 0.6098 0.6455 0.0000
vt 0.2399 0.2217 0.0000
vt 0.2679 0.2210 0.0000
vt 0.2115 0.0074 0.0000
vt 0.7109 0.0055 0.0000
vt 0.7224 0.0081 0.0000
vt 0.1938 0.8376 0.0000
vt 0.1969 0.8494 0.0000
vt 0.2575 0.8417 0.0000
vt 0.2549 0.8531 0.0000
vt 0.2596 0.8295 0.0000
vt 0.2638 0.8240 0.0000
vt 0.3043 0.8029 0.0000
vt 0.1910 0.6440 0.0000
vt 0.5387 0.0431 0.0000
vt 0.3618 0.6437 0.0000
vt 0.3784 0.6438 0.0000
vt 0.3590 0.6421 0.0000
vt 0.3784 0.6422 0.0000
vt 0.4670 0.7903 0.0000
vt 0.4550 0.7924 0.0000
vt 0.4677 0.7941 0.0000
vt 0.4548 0.7943 0.0000
vt 0.6864 0.3907 0.0000
vt 0.6783 0.3934 0.0000
vt 0.6342 0.4086 0.0000
vt 0.2798 0.9650 0.0000
vt 0.2261 0.9750 0.0000
vt 0.2267 0.9679 0.0000
# 1417 texture coords

g chainsaw_body_LP
s 1
f 2503/366/2346 2504/367/2347 2505/368/2348 2506/369/2349 
f 2507/370/2350 2508/371/2351 2509/372/2352 2510/373/2353 
f 2511/374/2354 2512/375/2355 2507/370/2350 2510/373/2353 
f 2513/376/2356 2514/377/2357 2515/378/2358 2516/379/2359 
f 2517/380/2360 2518/381/2361 2519/382/2362 2520/383/2363 
f 2521/384/2364 2519/382/2362 2518/381/2361 2522/385/2365 
f 2523/386/2366 2524/387/2367 2525/388/2368 2526/389/2369 
f 2527/390/2370 2528/391/2371 2524/387/2367 2523/386/2366 
f 2529/392/2372 2530/393/2373 2504/367/2347 2503/366/2346 
f 2525/388/2368 2531/394/2374 2532/395/2375 2533/396/2376 
f 2534/397/2377 2535/398/2378 2536/399/2379 2537/400/2380 
f 2538/401/2381 2536/399/2379 2535/398/2378 2539/402/2382 
f 2540/403/2383 2541/404/2384 2542/405/2385 2543/406/2386 
f 2544/407/2387 2545/408/2388 2543/406/2386 2542/405/2385 
f 2537/400/2380 2536/399/2379 2546/409/2389 2547/410/2390 
f 2548/411/2391 2546/409/2389 2536/399/2379 2538/401/2381 
f 2549/412/2392 2550/413/2392 2551/414/2393 2552/415/2394 
f 2553/416/2395 2554/417/2396 2555/418/2397 2556/419/2398 
f 2557/420/2399 2558/421/2400 2559/422/2401 2560/423/2402 
f 2561/424/2403 2562/425/2404 2560/423/2402 2559/422/2401 
f 2563/426/2405 2515/378/2358 2514/377/2357 2564/427/2406 
f 2564/427/2406 2565/428/2407 2566/429/2408 2563/426/2405 
f 2565/428/2407 2567/430/2409 2568/431/2410 2566/429/2408 
f 2569/432/2411 2568/431/2410 2567/430/2409 2570/433/2412 
f 2547/410/2390 2546/409/2389 2518/381/2361 2517/380/2360 
f 2522/385/2365 2518/381/2361 2546/409/2389 2548/411/2391 
f 2571/434/2413 2572/435/2414 2573/436/2415 2574/437/2416 
f 2575/438/2417 2573/436/2415 2572/435/2414 2576/439/2418 
f 2577/440/2392 2578/441/2392 2550/413/2392 2549/412/2392 
f 2579/442/2419 2580/443/2420 2581/444/2421 2582/445/2422 
f 2554/417/2396 2583/446/2423 2584/447/2424 2555/418/2397 
f 2585/448/2425 2586/449/2426 2587/450/2427 2588/451/2428 
f 2558/421/2400 2589/452/2429 2590/453/2430 2559/422/2401 
f 2559/422/2401 2590/453/2430 2591/454/2431 2561/424/2403 
f 2553/416/2395 2531/394/2374 2592/455/2432 2593/456/2433 
f 2594/457/2434 2595/458/2435 2593/456/2433 2592/455/2432 
f 2596/459/2436 2597/460/2437 2598/461/2438 2599/462/2439 
f 2599/462/2439 2598/461/2438 2600/463/2440 2601/464/2441 
f 2513/465/2356 2587/450/2427 2586/449/2426 2514/466/2357 
f 2602/467/2442 2564/468/2406 2514/466/2357 2586/449/2426 
f 2588/451/2428 2596/459/2436 2599/462/2439 2585/448/2425 
f 2601/464/2441 2603/469/2443 2585/448/2425 2599/462/2439 
f 2603/469/2443 2602/467/2442 2586/449/2426 2585/448/2425 
f 2601/464/2441 2600/463/2440 2604/470/2444 2605/471/2445 
f 2564/468/2406 2602/467/2442 2606/472/2446 2565/473/2407 
f 2601/464/2441 2605/471/2445 2607/474/2447 2603/469/2443 
f 2602/467/2442 2603/469/2443 2607/474/2447 2606/472/2446 
f 2604/470/2444 2608/475/2448 2609/476/2449 2605/471/2445 
f 2609/476/2449 2608/475/2448 2610/477/2450 2611/478/2451 
f 2565/473/2407 2606/472/2446 2612/479/2452 2567/480/2409 
f 2613/481/2453 2570/482/2412 2567/480/2409 2612/479/2452 
f 2605/471/2445 2609/476/2449 2614/483/2454 2607/474/2447 
f 2615/484/2455 2614/483/2454 2609/476/2449 2611/478/2451 
f 2606/472/2446 2607/474/2447 2614/483/2454 2612/479/2452 
f 2615/484/2455 2613/481/2453 2612/479/2452 2614/483/2454 
f 2616/485/2456 2617/486/2457 2618/487/2458 2619/488/2459 
f 2620/489/2460 2621/490/2461 2622/491/2462 2623/492/2463 
f 2533/396/2376 2624/493/2464 2625/494/2465 2626/495/2466 
f 2619/488/2459 2618/487/2458 2627/496/2467 2628/497/2468 
f 2587/498/2427 2513/376/2356 2624/493/2464 2629/499/2469 
f 2581/444/2421 2630/500/2470 2631/501/2392 2632/502/2471 
f 2596/503/2436 2588/504/2428 2633/505/2472 2634/506/2473 
f 2635/507/2474 2636/508/2392 2637/509/2392 2638/510/2475 
f 2639/511/2476 2640/512/2477 2551/414/2393 2630/500/2470 
f 2641/513/2478 2597/514/2437 2642/515/2479 2643/516/2480 
f 2634/506/2473 2642/515/2479 2597/514/2437 2596/503/2436 
f 2555/418/2397 2584/447/2424 2642/515/2479 2634/506/2473 
f 2532/395/2375 2556/419/2398 2633/505/2472 2629/499/2469 
f 2644/517/2481 2645/518/2482 2646/519/2483 2647/520/2484 
f 2648/521/2485 2649/522/2486 2646/519/2483 2645/518/2482 
f 2643/516/2480 2646/519/2483 2649/522/2486 2641/513/2478 
f 2643/516/2480 2650/523/2487 2647/520/2484 2646/519/2483 
f 2651/524/2488 2652/525/2489 2649/526/2486 2648/527/2485 
f 2653/528/2490 2654/529/2491 2652/525/2489 2651/524/2488 
f 2655/530/2492 2652/525/2489 2654/529/2491 2656/531/2493 
f 2641/532/2478 2649/526/2486 2652/525/2489 2655/530/2492 
f 2657/533/2494 2658/534/2495 2654/529/2491 2653/528/2490 
f 2656/531/2493 2654/529/2491 2658/534/2495 2659/535/2496 
f 2660/536/2497 2661/537/2498 2658/534/2495 2657/533/2494 
f 2662/538/2499 2663/539/2500 2661/537/2498 2660/536/2497 
f 2664/540/2501 2661/537/2498 2663/539/2500 2665/541/2502 
f 2659/535/2496 2658/534/2495 2661/537/2498 2664/540/2501 
f 2666/542/2392 2667/543/2392 2668/544/2392 2669/545/2392 
f 2670/546/2392 2671/547/2392 2667/543/2392 2666/542/2392 
f 2672/548/2503 2673/549/2504 2674/550/2505 2675/551/2506 
f 2676/552/2507 2677/553/2508 2674/550/2505 2673/549/2504 
f 2678/554/2509 2675/551/2506 2679/555/2510 2680/556/2511 
f 2675/551/2506 2674/550/2505 2681/557/2512 2679/555/2510 
f 2674/550/2505 2677/553/2508 2682/558/2513 2681/557/2512 
f 2680/556/2511 2529/392/2372 2503/366/2346 2678/554/2509 
f 2675/551/2506 2678/554/2509 2683/559/2514 2672/548/2503 
f 2678/554/2509 2503/366/2346 2506/369/2349 2683/559/2514 
f 2684/560/2515 2685/561/2516 2686/562/2517 2687/563/2518 
f 2688/564/2519 2689/565/2520 2686/562/2517 2685/561/2516 
f 2689/565/2520 2688/564/2519 2690/566/2521 2691/567/2522 
f 2692/568/2523 2693/569/2524 2694/570/2525 2695/571/2526 
f 2696/572/2392 2694/570/2525 2693/569/2524 2697/573/2392 
f 2695/571/2526 2694/570/2525 2698/574/2527 2699/575/2528 
f 2696/572/2392 2700/576/2529 2698/574/2527 2694/570/2525 
f 2701/577/2530 2699/575/2528 2698/574/2527 2702/578/2531 
f 2703/579/2532 2702/578/2531 2698/574/2527 2700/576/2529 
f 2704/580/2392 2671/547/2392 2577/440/2392 2705/581/2392 
f 2671/547/2392 2670/546/2392 2578/441/2392 2577/440/2392 
f 2549/412/2392 2706/582/2392 2705/581/2392 2577/440/2392 
f 2706/582/2392 2549/412/2392 2552/415/2394 2707/583/2533 
f 2707/583/2533 2552/415/2394 2708/584/2534 2709/585/2535 
f 2552/415/2394 2551/414/2393 2640/512/2477 2708/584/2534 
f 2671/547/2392 2704/580/2392 2710/586/2392 2667/543/2392 
f 2711/587/2392 2668/544/2392 2667/543/2392 2710/586/2392 
f 2712/588/2392 2704/580/2392 2705/581/2392 2713/589/2392 
f 2706/582/2392 2714/590/2392 2713/589/2392 2705/581/2392 
f 2706/582/2392 2707/583/2533 2715/591/2536 2714/590/2392 
f 2715/591/2536 2707/583/2533 2709/585/2535 2716/592/2537 
f 2704/580/2392 2712/588/2392 2717/593/2392 2710/586/2392 
f 2718/594/2392 2711/587/2392 2710/586/2392 2717/593/2392 
f 2712/588/2392 2719/595/2392 2720/596/2392 2717/593/2392 
f 2719/595/2392 2721/597/2538 2722/598/2539 2720/596/2392 
f 2720/596/2392 2722/598/2539 2723/599/2540 2724/600/2392 
f 2724/600/2392 2718/594/2392 2717/593/2392 2720/596/2392 
f 2725/601/2541 2726/602/2542 2727/603/2543 2574/604/2416 
f 2728/605/2544 2727/603/2543 2726/602/2542 2729/606/2545 
f 2725/601/2541 2730/607/2546 2731/608/2547 2726/602/2542 
f 2729/606/2545 2726/602/2542 2731/608/2547 2732/609/2548 
f 2730/610/2546 2628/611/2468 2733/612/2549 2731/613/2547 
f 2732/614/2548 2731/613/2547 2733/612/2549 2734/615/2550 
f 2627/616/2467 2530/617/2373 2735/618/2551 2736/619/2552 
f 2737/620/2553 2736/619/2552 2735/618/2551 2738/621/2554 
f 2734/615/2550 2733/612/2549 2736/619/2552 2737/620/2553 
f 2739/622/2555 2735/618/2551 2530/617/2373 2529/623/2372 
f 2529/623/2372 2680/624/2511 2740/625/2556 2739/622/2555 
f 2741/626/2557 2742/627/2558 2739/622/2555 2740/625/2556 
f 2738/621/2554 2735/618/2551 2739/622/2555 2742/627/2558 
f 2680/624/2511 2679/628/2510 2743/629/2559 2740/625/2556 
f 2744/630/2560 2741/626/2557 2740/625/2556 2743/629/2559 
f 2679/628/2510 2681/631/2512 2745/632/2561 2743/629/2559 
f 2681/631/2512 2682/633/2513 2746/634/2562 2745/632/2561 
f 2747/635/2563 2744/630/2560 2743/629/2559 2745/632/2561 
f 2748/636/2564 2749/637/2565 2750/638/2566 2751/639/2567 
f 2752/640/2568 2750/638/2566 2749/637/2565 2753/641/2569 
f 2754/642/2570 2755/643/2571 2749/637/2565 2748/636/2564 
f 2753/641/2569 2749/637/2565 2755/643/2571 2756/644/2572 
f 2757/645/2573 2758/646/2574 2755/643/2571 2754/642/2570 
f 2755/643/2571 2758/646/2574 2759/647/2575 2756/644/2572 
f 2760/648/2576 2761/649/2577 2762/650/2578 2763/651/2579 
f 2760/648/2576 2764/652/2580 2765/653/2581 2761/649/2577 
f 2766/654/2582 2761/649/2577 2765/653/2581 2767/655/2583 
f 2768/656/2584 2762/650/2578 2761/649/2577 2766/654/2582 
f 2769/657/2585 2770/658/2586 2771/659/2587 2772/660/2588 
f 2773/661/2589 2774/662/2590 2770/663/2586 2769/664/2585 
f 2774/665/2590 2775/666/2591 2776/667/2592 2770/658/2586 
f 2777/668/2593 2771/659/2587 2770/658/2586 2776/667/2592 
f 2778/669/2594 2779/670/2595 2780/671/2596 2781/672/2597 
f 2782/673/2598 2780/674/2596 2779/675/2595 2783/676/2599 
f 2784/677/2600 2785/678/2601 2779/670/2595 2778/669/2594 
f 2786/679/2602 2787/680/2603 2785/678/2601 2784/677/2600 
f 2788/681/2604 2785/682/2601 2787/683/2603 2789/684/2605 
f 2783/676/2599 2779/675/2595 2785/682/2601 2788/681/2604 
f 2790/685/2606 2791/686/2607 2792/687/2608 2793/688/2609 
f 2791/686/2607 2794/689/2610 2795/690/2611 2792/687/2608 
f 2796/691/2612 2797/692/2613 2792/693/2608 2795/694/2611 
f 2797/692/2613 2798/695/2614 2793/696/2609 2792/693/2608 
f 2794/689/2610 2571/697/2413 2799/698/2615 2795/690/2611 
f 2574/604/2416 2727/603/2543 2799/699/2615 2571/700/2413 
f 2799/699/2615 2727/603/2543 2728/605/2544 2800/701/2616 
f 2800/701/2616 2796/691/2612 2795/694/2611 2799/699/2615 
f 2801/702/2617 2802/703/2618 2803/704/2619 2804/705/2620 
f 2805/706/2392 2806/707/2621 2807/708/2622 2808/709/2392 
f 2809/710/2623 2810/711/2624 2811/712/2625 2812/713/2626 
f 2813/714/2627 2814/715/2628 2815/716/2629 2816/717/2630 
f 2784/677/2600 2815/716/2629 2814/715/2628 2786/679/2602 
f 2817/718/2631 2818/719/2632 2819/720/2633 2820/721/2634 2821/722/2635 
f 2793/688/2609 2822/723/2636 2823/724/2637 2790/685/2606 
f 2798/695/2614 2824/725/2638 2822/726/2636 2793/696/2609 
f 2822/726/2636 2824/725/2638 2825/727/2639 2826/728/2640 
f 2826/729/2640 2827/730/2641 2823/724/2637 2822/723/2636 
f 2828/731/2642 2806/707/2621 2829/732/2643 2830/733/2644 
f 2831/734/2645 2830/733/2644 2829/732/2643 2832/735/2646 
f 2805/706/2392 2669/545/2392 2833/736/2647 2834/737/2648 
f 2835/738/2649 2834/737/2648 2833/736/2647 2836/739/2650 
f 2832/735/2646 2829/732/2643 2834/737/2648 2835/738/2649 
f 2837/740/2651 2833/736/2647 2669/545/2392 2668/544/2392 
f 2668/544/2392 2711/587/2392 2838/741/2652 2837/740/2651 
f 2839/742/2653 2840/743/2654 2837/740/2651 2838/741/2652 
f 2840/743/2654 2836/739/2650 2833/736/2647 2837/740/2651 
f 2711/587/2392 2718/594/2392 2841/744/2655 2838/741/2652 
f 2842/745/2656 2839/742/2653 2838/741/2652 2841/744/2655 
f 2718/594/2392 2724/600/2392 2843/746/2657 2841/744/2655 
f 2724/600/2392 2723/599/2540 2844/747/2658 2843/746/2657 
f 2843/746/2657 2844/747/2658 2845/748/2659 2846/749/2660 
f 2846/749/2660 2842/745/2656 2841/744/2655 2843/746/2657 
f 2847/750/2661 2767/655/2583 2848/751/2662 2849/752/2663 
f 2765/653/2581 2850/753/2664 2848/751/2662 2767/655/2583 
f 2848/751/2662 2850/753/2664 2771/754/2587 2777/755/2593 
f 2851/756/2665 2849/752/2663 2848/751/2662 2777/755/2593 
f 2852/757/2666 2853/758/2667 2854/759/2668 2764/760/2580 
f 2855/761/2669 2856/762/2670 2853/758/2667 2852/757/2666 
f 2769/664/2585 2853/758/2667 2856/762/2670 2773/661/2589 
f 2772/763/2588 2854/759/2668 2853/758/2667 2769/664/2585 
f 2857/764/2671 2858/765/2672 2859/766/2673 2860/767/2674 
f 2781/672/2597 2859/766/2673 2858/765/2672 2778/669/2594 
f 2816/717/2630 2815/716/2629 2858/765/2672 2857/764/2671 
f 2778/669/2594 2858/765/2672 2815/716/2629 2784/677/2600 
f 2861/768/2675 2862/769/2676 2863/770/2677 2864/771/2678 
f 2865/772/2679 2862/773/2676 2625/494/2465 2516/379/2359 
f 2866/774/2680 2863/770/2677 2862/769/2676 2865/775/2679 
f 2867/776/2681 2868/777/2682 2869/778/2683 2870/779/2684 
f 2871/780/2685 2872/781/2686 2873/782/2687 2874/783/2688 
f 2875/784/2689 2876/785/2690 2872/786/2686 2871/787/2685 
f 2877/788/2691 2872/786/2686 2876/785/2690 2878/789/2692 
f 2879/790/2693 2873/782/2687 2872/781/2686 2877/791/2691 
f 2880/792/2694 2881/793/2695 2882/794/2696 2883/795/2697 
f 2884/796/2698 2882/794/2696 2881/793/2695 2885/797/2699 2886/798/2700 
f 2887/799/2701 2888/800/2702 2889/801/2703 2890/802/2704 
f 2887/803/2701 2540/403/2383 2891/804/2705 2888/805/2702 
f 2892/806/2706 2893/807/2704 2894/808/2703 2895/809/2707 
f 2888/800/2702 2896/810/2708 2897/811/2709 2889/801/2703 
f 2888/805/2702 2891/804/2705 2898/812/2710 2896/813/2708 
f 2899/814/2711 2900/815/2712 2896/813/2708 2898/812/2710 
f 2901/816/2713 2897/817/2709 2896/818/2708 2900/819/2712 
f 2902/820/2714 2903/821/2715 2904/822/2716 2905/823/2717 
f 2903/821/2715 2902/820/2714 2906/824/2718 2907/825/2719 
f 2650/523/2487 2908/826/2720 2909/827/2721 2910/828/2722 
f 2911/829/2723 2912/830/2724 2913/831/2725 2914/832/2726 
f 2915/833/2727 2887/799/2701 2890/802/2704 2916/834/2728 
f 2541/404/2384 2540/403/2383 2887/803/2701 2915/835/2727 
f 2917/836/2729 2918/837/2730 2893/807/2704 2892/806/2706 
f 2919/838/2731 2920/839/2732 2921/840/2733 2922/841/2734 
f 2558/421/2400 2557/420/2399 2920/842/2732 2919/843/2731 
f 2923/844/2735 2924/845/2734 2925/846/2736 2926/847/2737 
f 2927/848/2738 2928/849/2739 2929/850/2740 2930/851/2741 
f 2931/852/2742 2589/452/2429 2929/853/2740 2928/854/2739 
f 2919/843/2731 2929/853/2740 2589/452/2429 2558/421/2400 
f 2922/841/2734 2930/851/2741 2929/850/2740 2919/838/2731 
f 2932/855/2743 2933/856/2744 2924/845/2734 2923/844/2735 
f 2926/847/2737 2925/846/2736 2918/837/2730 2917/836/2729 
f 2920/839/2732 2915/833/2727 2916/834/2728 2921/840/2733 
f 2557/420/2399 2541/404/2384 2915/835/2727 2920/842/2732 
f 2934/857/2745 2861/768/2675 2864/771/2678 2935/858/2746 
f 2934/859/2745 2526/389/2369 2626/495/2466 2861/860/2675 
f 2936/861/2747 2937/862/2748 2938/863/2749 2939/864/2750 
f 2940/865/2751 2941/866/2752 2942/867/2753 2943/868/2754 
f 2942/867/2753 2941/866/2752 2944/869/2755 2945/870/2756 
f 2946/871/2757 2947/872/2758 2948/873/2759 2949/874/2760 
f 2644/517/2481 2647/520/2484 2947/875/2758 2946/876/2757 
f 2910/828/2722 2947/875/2758 2647/520/2484 2650/523/2487 
f 2950/877/2761 2948/873/2759 2947/872/2758 2910/878/2722 
f 2945/870/2756 2944/869/2755 2951/879/2762 2952/880/2763 
f 2952/880/2763 2951/879/2762 2953/881/2764 2954/882/2765 
f 2955/883/2766 2956/884/2767 2957/885/2768 2958/886/2769 
f 2955/887/2766 2651/524/2488 2648/527/2485 2956/888/2767 
f 2959/889/2770 2960/890/2771 2961/891/2772 2962/892/2773 
f 2963/893/2774 2961/891/2772 2960/890/2771 2964/894/2775 
f 2965/895/2776 2966/896/2777 2967/897/2778 2968/898/2779 
f 2969/899/2780 2970/900/2781 2966/901/2777 2965/902/2776 
f 2971/903/2782 2972/904/2783 2966/901/2777 2970/900/2781 
f 2972/905/2783 2973/906/2784 2967/897/2778 2966/896/2777 
f 2974/907/2785 2975/908/2786 2955/883/2766 2958/886/2769 
f 2975/909/2786 2653/528/2490 2651/524/2488 2955/887/2766 
f 2953/881/2764 2976/910/2787 2977/911/2788 2954/882/2765 
f 2978/912/2789 2977/911/2788 2976/910/2787 2979/913/2790 
f 2980/914/2791 2981/915/2792 2975/908/2786 2974/907/2785 
f 2981/916/2792 2657/533/2494 2653/528/2490 2975/909/2786 
f 2979/913/2790 2982/917/2793 2983/918/2794 2978/912/2789 
f 2973/906/2784 2972/905/2783 2984/919/2795 2985/920/2796 
f 2972/904/2783 2971/903/2782 2662/538/2499 2984/921/2795 
f 2660/536/2497 2986/922/2797 2984/921/2795 2662/538/2499 
f 2986/923/2797 2987/924/2798 2985/920/2796 2984/919/2795 
f 2982/917/2793 2988/925/2799 2989/926/2800 2983/918/2794 
f 2990/927/2801 2989/926/2800 2988/925/2799 2991/928/2802 
f 2865/775/2679 2992/929/2803 2993/930/2804 2866/774/2680 
f 2516/379/2359 2515/378/2358 2992/931/2803 2865/772/2679 
f 2994/932/2805 2992/931/2803 2515/378/2358 2563/426/2405 
f 2994/933/2805 2995/934/2806 2993/930/2804 2992/929/2803 
f 2996/935/2807 2867/776/2681 2870/779/2684 2997/936/2808 
f 2995/934/2806 2994/933/2805 2998/937/2809 2999/938/2810 
f 2563/426/2405 2566/429/2408 2998/939/2809 2994/932/2805 
f 3000/940/2811 2997/936/2808 3001/941/2812 
f 2999/938/2810 2998/937/2809 3002/942/2813 3003/943/2814 
f 2566/429/2408 2568/431/2410 3002/944/2813 2998/939/2809 
f 3004/945/2815 3002/944/2813 2568/431/2410 2569/432/2411 
f 3004/946/2815 3005/947/2816 3003/943/2814 3002/942/2813 
f 3006/948/2817 3007/949/2818 3008/950/2819 3009/951/2820 
f 3008/950/2819 3007/949/2818 3010/952/2821 3011/953/2822 
f 2964/894/2775 3012/954/2823 3013/955/2824 2963/893/2774 
f 3012/956/2823 3014/957/2825 3015/958/2826 3013/959/2824 
f 3016/960/2827 3017/961/2828 3018/962/2829 3019/963/2830 
f 3020/964/2831 3021/965/2832 3017/966/2828 3016/967/2827 
f 3022/968/2833 3023/969/2834 3024/970/2835 3025/971/2836 
f 3026/972/2837 3027/973/2838 3028/974/2839 3029/975/2840 
f 3030/976/2841 3031/977/2842 3027/978/2838 3026/979/2837 
f 3014/957/2825 3032/980/2843 3033/981/2844 3015/958/2826 
f 3034/982/2845 3016/960/2827 3019/963/2830 3035/983/2846 
f 3036/984/2847 3020/964/2831 3016/967/2827 3034/985/2845 
f 3032/980/2843 3022/968/2833 3025/971/2836 3033/981/2844 
f 3027/973/2838 3034/982/2845 3035/983/2846 3028/974/2839 
f 3031/977/2842 3036/984/2847 3034/985/2845 3027/978/2838 
f 3023/969/2834 3006/986/2817 3009/987/2820 3024/970/2835 
f 3037/988/2848 3026/972/2837 3029/975/2840 3038/989/2849 
f 3039/990/2850 3030/991/2841 3026/992/2837 3037/993/2848 
f 2522/385/2365 3040/994/2851 2575/438/2417 2521/384/2364 
f 3040/994/2851 3041/995/2852 2573/436/2415 2575/438/2417 
f 2903/821/2715 3042/996/2853 3043/997/2854 3044/998/2855 
f 2898/812/2710 2543/406/2386 2545/408/2388 2899/814/2711 
f 2891/804/2705 2540/403/2383 2543/406/2386 2898/812/2710 
f 2539/402/2382 3045/999/2856 3046/1000/2857 2538/401/2381 
f 3045/999/2856 3047/1001/2858 3048/1002/2859 3046/1000/2857 
f 2594/457/2434 2528/391/2371 2545/408/2388 2544/407/2387 
f 2592/455/2432 2524/387/2367 2528/391/2371 2594/457/2434 
f 2538/401/2381 3046/1000/2857 3049/1003/2860 2548/411/2391 
f 3046/1000/2857 3048/1002/2859 3050/1004/2861 3049/1003/2860 
f 3051/1005/2862 2595/458/2435 2562/425/2404 2561/424/2403 
f 3052/1006/2863 2593/456/2433 2595/458/2435 3051/1005/2862 
f 2548/411/2391 3049/1003/2860 3040/994/2851 2522/385/2365 
f 3049/1003/2860 3050/1004/2861 3041/995/2852 3040/994/2851 
f 3053/1007/2864 3054/1008/2865 3055/1009/2866 3056/1010/2867 
f 3057/1011/2868 3058/1012/2869 3055/1009/2866 3054/1008/2865 
f 2520/383/2363 2519/382/2362 3055/1009/2866 3058/1012/2869 
f 2519/382/2362 2521/384/2364 3056/1010/2867 3055/1009/2866 
f 2878/789/2692 3059/1013/2870 2591/454/2431 3060/1014/2871 
f 2878/789/2692 2876/785/2690 3061/1015/2872 3059/1013/2870 
f 3061/1015/2872 3052/1006/2863 3051/1005/2862 3059/1013/2870 
f 2561/424/2403 2591/454/2431 3059/1013/2870 3051/1005/2862 
f 2542/405/2385 2560/423/2402 2562/425/2404 2544/407/2387 
f 2541/404/2384 2557/420/2399 2560/423/2402 2542/405/2385 
f 3062/1016/2873 3063/1017/2874 3064/1018/2875 3060/1014/2871 
f 2931/852/2742 2928/854/2739 3063/1017/2874 3062/1016/2873 
f 3065/1019/2876 3063/1020/2874 2928/1021/2739 2927/1022/2738 
f 3066/1023/2877 3064/1024/2875 3063/1020/2874 3065/1019/2876 
f 3067/1025/2878 3068/1026/2879 2885/797/2699 3053/1027/2864 
f 3069/1028/2880 3070/1029/2881 3068/1026/2879 3067/1025/2878 
f 3070/1029/2881 3071/1030/2882 3072/1031/2883 3068/1026/2879 
f 3072/1031/2883 2886/798/2700 2885/797/2699 3068/1026/2879 
f 2527/390/2370 3073/1032/2884 2900/815/2712 2899/814/2711 
f 2523/386/2366 3074/1033/2885 3073/1032/2884 2527/390/2370 
f 3073/1034/2884 3074/1035/2885 3075/1036/2886 3076/1037/2713 
f 3076/1037/2713 2901/816/2713 2900/819/2712 3073/1034/2884 
f 2539/402/2382 2535/398/2378 3077/1038/2887 3078/1039/2888 
f 2535/398/2378 2534/397/2377 2895/1040/2707 3077/1038/2887 
f 3079/1041/2709 3077/1042/2887 2895/809/2707 2894/808/2703 
f 3080/1043/2713 3078/1044/2888 3077/1045/2887 3079/1046/2709 
f 2874/1047/2688 2873/1048/2687 3081/1049/2889 3082/1050/2890 
f 2873/1048/2687 2879/1051/2693 3083/1052/2891 3081/1049/2889 
f 3081/1049/2889 3083/1052/2891 3084/1053/2892 3085/1054/2893 
f 3085/1054/2893 3086/1055/2894 3082/1050/2890 3081/1049/2889 
f 3072/1056/2883 3087/1057/2895 3088/1058/2896 2886/1059/2700 
f 3071/1060/2882 3089/1061/2897 3087/1057/2895 3072/1056/2883 
f 3090/1062/2898 3087/1057/2895 3089/1061/2897 3091/1063/2899 
f 3092/1064/2900 3088/1058/2896 3087/1057/2895 3090/1062/2898 
f 3093/1065/2901 3094/1066/2902 3095/1067/2903 3096/1068/2904 
f 3097/1069/2905 3094/1066/2902 2863/770/2677 2866/774/2680 
f 3098/1070/2906 3095/1067/2903 3094/1066/2902 3097/1069/2905 
f 3099/1071/2907 2870/779/2684 2869/778/2683 3100/1072/2908 
f 3101/1073/2909 3102/1074/2910 3103/1075/2911 3104/1076/2912 
f 3105/1077/2913 3106/1078/2914 3103/1075/2911 3102/1074/2910 
f 3107/1079/2915 3108/1080/2916 3109/1081/2917 3110/1082/2918 
f 3108/1080/2916 3111/1083/2919 3112/1084/2920 3109/1081/2917 
f 2889/801/2703 3113/1085/2703 3114/1086/2704 2890/802/2704 
f 2889/801/2703 2897/811/2709 3115/1087/2709 3113/1085/2703 
f 2897/817/2709 2901/816/2713 3116/1088/2713 3115/1089/2709 
f 3117/1090/2921 3118/1091/2922 3119/1092/2923 2950/877/2761 
f 2914/832/2726 3120/1093/2924 3121/1094/2925 2911/829/2723 
f 2890/802/2704 3114/1086/2704 3122/1095/2926 2916/834/2728 
f 2921/840/2733 3123/1096/2927 3124/1097/2928 2922/841/2734 
f 2930/851/2741 3125/1098/2929 3126/1099/2930 2927/848/2738 
f 2922/841/2734 3124/1097/2928 3125/1098/2929 2930/851/2741 
f 2916/834/2728 3122/1095/2926 3123/1096/2927 2921/840/2733 
f 3127/1100/2931 3093/1065/2901 3096/1068/2904 3128/1101/2932 
f 2935/858/2746 2864/771/2678 3093/1065/2901 3127/1100/2931 
f 2942/867/2753 3129/1102/2933 3130/1103/2934 2943/868/2754 
f 2945/870/2756 3131/1104/2935 3129/1102/2933 2942/867/2753 
f 2948/873/2759 3132/1105/2936 3133/1106/2937 2949/874/2760 
f 2950/877/2761 3119/1092/2923 3132/1105/2936 2948/873/2759 
f 2952/880/2763 3134/1107/2938 3131/1104/2935 2945/870/2756 
f 2954/882/2765 3135/1108/2939 3134/1107/2938 2952/880/2763 
f 3136/1109/2940 3137/1110/2941 2958/886/2769 2957/885/2768 
f 2962/892/2773 2961/891/2772 3138/1111/2942 3139/1112/2943 
f 2961/891/2772 2963/893/2774 3140/1113/2944 3138/1111/2942 
f 2967/897/2778 3141/1114/2945 3142/1115/2946 2968/898/2779 
f 2973/906/2784 3143/1116/2947 3141/1114/2945 2967/897/2778 
f 2958/886/2769 3137/1110/2941 3144/1117/2948 2974/907/2785 
f 2977/911/2788 3145/1118/2949 3135/1108/2939 2954/882/2765 
f 2977/911/2788 2978/912/2789 3146/1119/2950 3145/1118/2949 
f 2974/907/2785 3144/1117/2948 3147/1120/2951 2980/914/2791 
f 2978/912/2789 2983/918/2794 3148/1121/2952 3146/1119/2950 
f 2985/920/2796 3149/1122/2953 3143/1116/2947 2973/906/2784 
f 2987/924/2798 3150/1123/2954 3149/1122/2953 2985/920/2796 
f 2983/918/2794 2989/926/2800 3151/1124/2955 3148/1121/2952 
f 2989/926/2800 2990/927/2801 3152/1125/2956 3151/1124/2955 
f 3153/1126/2957 3154/1127/2958 2685/561/2516 
f 3097/1069/2905 2866/774/2680 2993/930/2804 3154/1127/2958 
f 2995/934/2806 3154/1127/2958 2993/930/2804 
f 2997/936/2808 2870/779/2684 2686/562/2517 2689/565/2520 
f 2688/564/2519 2995/934/2806 2999/938/2810 2690/566/2521 
f 2691/567/2522 3001/941/2812 2997/936/2808 2689/565/2520 
f 3013/955/2824 3155/1128/2959 3140/1113/2944 2963/893/2774 
f 3015/958/2826 3156/1129/2960 3155/1130/2959 3013/959/2824 
f 3018/962/2829 3157/1131/2961 3158/1132/2962 3019/963/2830 
f 3025/971/2836 3024/970/2835 3159/1133/2963 3160/1134/2964 
f 3029/975/2840 3028/974/2839 3161/1135/2965 3162/1136/2966 
f 3015/958/2826 3033/981/2844 3163/1137/2967 3156/1129/2960 
f 3035/983/2846 3019/963/2830 3158/1132/2962 3164/1138/2968 
f 3033/981/2844 3025/971/2836 3160/1134/2964 3163/1137/2967 
f 3028/974/2839 3035/983/2846 3164/1138/2968 3161/1135/2965 
f 3024/970/2835 3009/987/2820 3165/1139/2969 3159/1133/2963 
f 3038/989/2849 3029/975/2840 3162/1136/2966 3166/1140/2970 
f 3065/1019/2876 3167/1141/2971 3168/1142/2972 3066/1023/2877 
f 2927/1022/2738 3126/1143/2930 3167/1141/2971 3065/1019/2876 
f 3169/1144/2973 2904/822/2716 2903/821/2715 3044/998/2855 
f 2901/816/2713 3076/1037/2713 3170/1145/2974 3116/1088/2713 
f 3075/1036/2886 3042/996/2853 3170/1145/2974 3076/1037/2713 
f 3082/1146/2890 3171/1147/2975 3172/1148/2976 2874/1149/2688 
f 3086/1150/2894 3173/1151/2977 3171/1147/2975 3082/1146/2890 
f 3174/1152/2978 3175/1153/2979 3176/1154/2980 3177/1155/2981 
f 3175/1153/2979 3178/1156/2982 3179/1157/2983 3176/1154/2980 
f 3088/1158/2896 3180/1159/2984 2884/1160/2698 2886/1161/2700 
f 3092/1162/2900 3181/1163/2985 3180/1159/2984 3088/1158/2896 
f 3182/1164/2986 3183/1165/2987 3184/1166/2988 3185/1167/2989 
f 3186/1168/2990 3187/1169/2991 3183/1165/2987 3182/1164/2986 
f 3188/1170/2992 3189/1171/2993 3190/1172/2994 3191/1173/2995 
f 3192/1174/2996 3190/1172/2994 3193/1175/2997 3194/1176/2998 
f 3192/1174/2996 3195/1177/2999 3191/1173/2995 3190/1172/2994 
f 3196/1178/3000 3197/1179/3001 3198/1180/3002 3199/1181/3003 
f 3200/1182/3004 3201/1183/3005 3197/1179/3001 3196/1178/3000 
f 3202/1184/3006 3203/1185/3007 3189/1171/2993 2623/492/2463 
f 3204/1186/3008 3205/1187/3009 3206/1188/3010 3207/1189/3011 
f 2684/560/2515 3208/1190/3012 2685/561/2516 
f 3208/1190/3012 3153/1126/2957 2685/561/2516 
f 2629/499/2469 2624/493/2464 2533/396/2376 2532/395/2375 
f 2634/506/2473 2633/505/2472 2556/419/2398 2555/418/2397 
f 2580/443/2420 2639/511/2476 2630/500/2470 2581/444/2421 
f 2650/523/2487 2643/516/2480 2642/515/2479 2584/447/2424 2908/826/2720 
f 2619/488/2459 3209/1191/3013 3210/1192/3014 2616/485/2456 
f 2526/389/2369 2525/388/2368 2533/396/2376 2626/495/2466 
f 2628/497/2468 2730/1193/2546 3209/1191/3013 2619/488/2459 
f 2632/502/2471 3211/1194/3015 2582/445/2422 2581/444/2421 
f 2638/510/2475 3212/1195/3016 3213/1196/3017 2635/507/2474 
f 3211/1194/3015 2632/502/2471 2635/507/2474 3213/1196/3017 
f 2531/394/2374 2553/416/2395 2556/419/2398 2532/395/2375 
f 2628/611/2468 2627/616/2467 2736/619/2552 2733/612/2549 
f 2794/689/2610 2791/686/2607 2803/704/2619 2802/703/2618 
f 2817/718/2631 2803/704/2619 2791/686/2607 2790/685/2606 
f 2806/707/2621 2828/731/2642 3214/1197/3018 2807/708/2622 
f 3212/1195/3016 2638/510/2475 2807/708/2622 3214/1197/3018 
f 2827/730/2641 2826/729/2640 2810/1198/2624 3215/1199/3019 
f 2811/712/2625 2810/711/2624 2826/1200/2640 2825/1201/2639 
f 2790/685/2606 2823/724/2637 2818/719/2632 2817/718/2631 
f 2827/730/2641 3215/1199/3019 2818/719/2632 2823/724/2637 
f 2806/707/2621 2805/706/2392 2834/737/2648 2829/732/2643 
f 2908/826/2720 2875/784/2689 2871/787/2685 2909/827/2721 
f 2874/1202/2688 3117/1090/2921 2909/1203/2721 2871/1204/2685 
f 2801/1205/2617 2940/865/2751 2913/831/2725 2802/1206/2618 
f 2940/865/2751 2943/868/2754 2914/832/2726 2913/831/2725 
f 2626/495/2466 2625/494/2465 2862/773/2676 2861/860/2675 
f 2616/485/2456 3210/1192/3014 2905/1207/2717 2936/1208/2747 
f 2937/862/2748 2936/861/2747 2905/823/2717 2904/822/2716 
f 3117/1090/2921 2874/1202/2688 3172/1209/2976 3118/1091/2922 
f 2914/832/2726 2943/868/2754 3130/1103/2934 3120/1093/2924 
f 2864/771/2678 2863/770/2677 3094/1066/2902 3093/1065/2901 
f 3216/1210/3020 2937/862/2748 2904/822/2716 3169/1144/2973 
f 3193/1175/2997 3190/1172/2994 3189/1171/2993 3203/1185/3007 
f 3217/1211/3021 2622/491/2462 3206/1188/3010 3205/1187/3009 
f 3208/1212/3012 3218/1213/3022 3219/1214/3023 3153/1215/2957 
f 3208/1212/3012 2684/1216/2515 3220/1217/3024 3218/1213/3022 
f 3221/1218/3025 3218/1213/3022 3220/1217/3024 3222/1219/3026 
f 3223/1220/3027 3219/1214/3023 3218/1213/3022 3221/1218/3025 
f 2684/1216/2515 2687/1221/2518 3224/1222/3024 3220/1217/3024 
f 3222/1219/3026 3220/1217/3024 3224/1222/3024 3225/1223/3026 
f 2687/1221/2518 3226/1224/3028 3224/1222/3024 
f 2687/1221/2518 3099/1225/2907 3227/1226/3029 3226/1224/3028 
f 3228/1227/3030 3229/1228/3031 3226/1224/3028 3227/1226/3029 
f 3229/1228/3031 3225/1223/3026 3224/1222/3024 3226/1224/3028 
f 3100/1229/2908 3230/1230/3032 3227/1231/3029 3099/1232/2907 
f 3228/1233/3030 3227/1231/3029 3230/1230/3032 3231/1234/3033 
f 3232/1235/3034 3233/1236/3035 3234/1237/3036 3216/1238/3020 
f 3169/1239/2973 3235/1240/3037 3232/1235/3034 3216/1238/3020 
f 3236/1241/3038 3237/1242/3039 3232/1235/3034 3235/1240/3037 
f 3044/1243/2855 3238/1244/3040 3235/1245/3037 3169/1246/2973 
f 3043/1247/2854 3239/1248/3041 3238/1244/3040 3044/1243/2855 
f 3238/1244/3040 3239/1248/3041 3240/1249/3042 3241/1250/3043 
f 3236/1251/3038 3235/1245/3037 3238/1244/3040 3241/1250/3043 
f 3043/1247/2854 3128/1252/2932 3242/1253/3044 3239/1248/3041 
f 3243/1254/3045 3240/1249/3042 3239/1248/3041 3242/1253/3044 
f 3128/1255/2932 3096/1256/2904 3244/1257/3046 3242/1258/3044 
f 3243/1259/3045 3242/1258/3044 3244/1257/3046 3245/1260/3047 
f 3095/1261/2903 3246/1262/3048 3244/1257/3046 3096/1256/2904 
f 3095/1261/2903 3098/1263/2906 3247/1264/3049 3246/1262/3048 
f 3248/1265/3050 3249/1266/3051 3246/1262/3048 3247/1264/3049 
f 3245/1260/3047 3244/1257/3046 3246/1262/3048 3249/1266/3051 
f 2504/367/2347 2618/487/2458 2617/486/2457 2505/368/2348 
f 3250/1267/3003 3199/1181/3003 3198/1180/3002 3195/1177/2999 
f 2625/494/2465 2624/493/2464 2513/376/2356 2516/379/2359 
f 2530/393/2373 2627/496/2467 2618/487/2458 2504/367/2347 
f 2550/413/2392 2631/501/2392 2630/500/2470 2551/414/2393 
f 2670/546/2392 2637/509/2392 2636/508/2392 2578/441/2392 
f 2631/501/2392 2550/413/2392 2578/441/2392 2636/508/2392 
f 2629/499/2469 2633/505/2472 2588/504/2428 2587/498/2427 
f 2655/530/2492 2598/461/2438 2597/460/2437 2641/532/2478 
f 2669/545/2392 2805/706/2392 2808/709/2392 2666/542/2392 
f 2637/509/2392 2670/546/2392 2666/542/2392 2808/709/2392 
f 3251/1268/3052 2809/1269/2623 2787/680/2603 2786/679/2602 
f 3215/1199/3019 2810/1198/2624 2809/1269/2623 3251/1268/3052 
f 2789/684/2605 2787/683/2603 2809/710/2623 2812/713/2626 
f 2820/721/2634 2819/720/2633 2814/715/2628 2813/714/2627 
f 2786/679/2602 2814/715/2628 2819/720/2633 3251/1268/3052 
f 2617/486/2457 2939/1270/2750 2868/1271/2682 2505/368/2348 
f 2616/485/2456 2936/1208/2747 2939/1270/2750 2617/486/2457 
f 2869/778/2683 2868/777/2682 2939/864/2750 2938/863/2749 
f 2816/1272/2630 2976/910/2787 2953/881/2764 2813/1273/2627 
f 2648/521/2485 2645/518/2482 3252/1274/3053 2956/1275/2767 
f 2645/518/2482 2644/517/2481 2946/876/2757 3252/1274/3053 
f 2949/874/2760 3253/1276/3054 3252/1277/3053 2946/871/2757 
f 3253/1276/3054 2957/885/2768 2956/884/2767 3252/1277/3053 
f 3100/1072/2908 2869/778/2683 2938/863/2749 3234/1278/3036 
f 2957/885/2768 3253/1276/3054 3254/1279/3055 3136/1109/2940 
f 3253/1276/3054 2949/874/2760 3133/1106/2937 3254/1279/3055 
f 3255/1280/3056 3256/1281/3057 3192/1174/2996 3194/1176/2998 
f 3195/1177/2999 3192/1174/2996 3256/1281/3057 3250/1267/3003 
f 3204/1186/3008 3207/1189/3011 3197/1179/3001 3201/1183/3005 
f 3257/1282/3058 3198/1180/3002 3197/1179/3001 3207/1189/3011 
f 3234/1237/3036 3233/1236/3035 3230/1230/3032 3100/1229/2908 
f 3231/1234/3033 3230/1230/3032 3233/1236/3035 3258/1283/3059 
f 3098/1263/2906 3153/1284/2957 3219/1285/3023 3247/1264/3049 
f 3223/1286/3027 3248/1265/3050 3247/1264/3049 3219/1285/3023 
f 3259/1287/3060 3260/1288/3061 3261/1289/3062 3262/1290/3063 
f 3262/1290/3063 3263/1291/3064 3264/1292/3065 3259/1287/3060 
f 3265/1293/3066 3266/1294/3067 3260/1288/3061 3259/1287/3060 
f 3262/1295/3063 3261/1296/3062 3267/1297/3068 3268/1298/3069 
f 3269/1299/3070 3263/1300/3064 3262/1295/3063 3268/1298/3069 
f 3270/1301/3071 3271/1302/3072 3272/1303/3073 3273/1304/3074 
f 3274/1305/3075 3275/1306/3076 3271/1302/3072 3270/1301/3071 
f 3267/1307/3068 3272/1303/3073 3271/1302/3072 3268/1308/3069 
f 3276/1309/3077 3270/1301/3071 3273/1304/3074 3277/1310/3078 
f 3278/1311/3079 3274/1305/3075 3270/1301/3071 3276/1309/3077 
f 3277/1312/3078 3279/1313/3080 3280/1314/3081 3276/1315/3077 
f 3281/1316/3082 3264/1292/3065 3263/1291/3064 3282/1317/3083 3283/1318/3084 
f 3283/1318/3084 2511/1319/2354 2510/1320/2353 3281/1316/3082 
f 2509/1321/2352 3284/1322/3085 3281/1316/3082 2510/1320/2353 
f 3284/1322/3085 3285/1323/3086 3264/1292/3065 3281/1316/3082 
f 3286/1324/3087 3287/1325/3088 3288/1326/3089 3289/1327/3090 
f 3290/1328/3091 3291/1329/3092 3288/1326/3089 3287/1325/3088 
f 3292/1330/3093 3293/1331/3094 3275/1306/3076 3274/1305/3075 
f 2508/1332/2351 2507/1333/2350 3293/1331/3094 3292/1330/3093 
f 3294/1334/3095 3293/1331/3094 2507/1333/2350 2512/1335/2355 
f 3295/1336/3096 3269/1337/3070 3275/1306/3076 3293/1331/3094 3294/1334/3095 
f 3296/1338/3097 3292/1330/3093 3274/1305/3075 3278/1311/3079 
f 3297/1339/3098 2508/1332/2351 3292/1330/3093 3296/1338/3097 
f 3296/1340/3097 3298/1341/3099 3299/1342/3100 3297/1343/3098 
f 3278/1344/3079 3300/1345/3101 3298/1341/3099 3296/1340/3097 
f 3301/1346/3102 3302/1347/3103 3303/1348/3104 3304/1349/3105 
f 3305/1350/3106 3306/1351/3107 3302/1347/3103 3301/1346/3102 
f 3307/1352/3108 3308/1353/3109 3309/1354/3110 3310/1355/3111 
f 3311/1356/3112 3312/1357/3113 3308/1353/3109 3307/1352/3108 
f 3302/1358/3103 3308/1353/3109 3312/1357/3113 3303/1359/3104 
f 3306/1360/3107 3309/1354/3110 3308/1353/3109 3302/1358/3103 
f 3313/1361/3114 3307/1362/3108 3310/1363/3111 3314/1364/3115 
f 3315/1365/3116 3311/1366/3112 3307/1362/3108 3313/1361/3114 
f 3305/1367/3106 3301/1368/3102 3316/1369/3117 3317/1370/3118 
f 3301/1368/3102 3304/1371/3105 3318/1372/3119 3316/1369/3117 
f 3315/1373/3116 3313/1374/3114 3316/1369/3117 3318/1372/3119 
f 3313/1374/3114 3314/1375/3115 3317/1370/3118 3316/1369/3117 
f 3319/1376/3120 3320/1377/3121 3321/1378/3122 3322/1379/3123 3323/1380/3124 3324/1381/3125 3325/1382/3126 
f 3324/1381/3125 3326/1383/3127 3327/1384/3128 3325/1382/3126 
f 3328/1385/3129 3329/1386/3130 3327/1384/3128 3326/1383/3127 
f 3330/1387/3131 3327/1388/3128 3329/1389/3130 3331/1390/3132 
f 3330/1387/3131 3332/1391/3133 3325/1392/3126 3327/1388/3128 
f 3333/1393/3134 3334/1394/3135 3335/1395/3136 3336/1396/3137 
f 3337/1397/3138 3338/1398/3139 3335/1395/3136 3334/1394/3135 
f 3339/1399/3140 3335/1400/3136 3338/1401/3139 3340/1402/3141 
f 3341/1403/3142 3336/1404/3137 3335/1400/3136 3339/1399/3140 
f 3342/1405/3143 3326/1383/3127 3324/1381/3125 3323/1380/3124 
f 3342/1405/3143 3343/1406/3144 3328/1385/3129 3326/1383/3127 
f 3344/1407/3145 3345/1408/3146 3289/1327/3090 3346/1409/3147 
f 3344/1410/3145 3320/1411/3121 3319/1412/3120 3345/1413/3146 
f 3347/1414/3148 3348/1415/3149 3349/1416/3150 3350/1417/3151 
f 3347/1414/3148 3322/1379/3123 3321/1378/3122 3348/1415/3149 
f 3337/1397/3138 3334/1394/3135 3348/1415/3149 3321/1378/3122 
f 3334/1394/3135 3333/1393/3134 3349/1416/3150 3348/1415/3149 
f 3320/1411/3121 3344/1410/3145 3340/1418/3141 3338/1419/3139 
f 3338/1398/3139 3337/1397/3138 3321/1378/3122 3320/1377/3121 
f 3351/1420/3152 3352/1421/3153 3353/1422/3154 3354/1423/3155 
f 3355/1424/3156 3346/1409/3147 3352/1421/3153 3351/1420/3152 
f 3350/1417/3151 3356/1425/3157 3357/1426/3158 3343/1406/3144 
f 3358/1427/3159 3357/1426/3158 3356/1425/3157 3359/1428/3160 
f 3350/1417/3151 3349/1416/3150 3360/1429/3161 3356/1425/3157 
f 3333/1393/3134 3361/1430/3162 3360/1429/3161 3349/1416/3150 
f 3362/1431/3163 3360/1429/3161 3361/1430/3162 3363/1432/3164 
f 3359/1428/3160 3356/1425/3157 3360/1429/3161 3362/1431/3163 
f 3336/1396/3137 3364/1433/3165 3361/1430/3162 3333/1393/3134 
f 3341/1403/3142 3365/1434/3166 3364/1435/3165 3336/1404/3137 
f 3364/1435/3165 3365/1434/3166 3366/1436/3167 3367/1437/3168 
f 3363/1432/3164 3361/1430/3162 3364/1433/3165 3367/1438/3168 
f 3354/1423/3155 3353/1422/3154 3368/1439/3169 3369/1440/3170 
f 3353/1422/3154 3291/1329/3092 3370/1441/3171 3368/1439/3169 
f 3371/1442/3172 3372/1443/3173 3369/1440/3170 3368/1439/3169 
f 3373/1444/3174 3374/1445/3175 3370/1441/3171 3375/1446/3176 
f 3331/1447/3132 3376/1448/3177 3375/1446/3176 3290/1328/3091 
f 3329/1389/3130 3377/1449/3178 3376/1450/3177 3331/1390/3132 
f 3376/1450/3177 3377/1449/3178 3378/1451/3179 3379/1452/3180 
f 3379/1453/3180 3373/1444/3174 3375/1446/3176 3376/1448/3177 
f 3343/1406/3144 3357/1426/3158 3380/1454/3181 3328/1385/3129 
f 3381/1455/3182 3380/1454/3181 3357/1426/3158 3358/1427/3159 
f 3382/1456/3183 3383/1457/3184 3384/1458/3185 3385/1459/3186 
f 3386/1460/3187 3387/1461/3188 3388/1462/3189 3389/1463/3190 
f 3390/1464/3191 3391/1465/3192 3392/1466/3193 3393/1467/3194 
f 3394/1468/3195 3395/1469/3196 3396/1470/3197 3397/1471/3198 
f 3398/1472/3199 3399/1473/3200 3400/1474/3201 3401/1475/3202 
f 3384/1458/3185 3383/1457/3184 3398/1472/3199 3401/1475/3202 
f 3393/1467/3194 3402/1476/3203 3403/1477/3204 3390/1464/3191 
f 3404/1478/3205 3405/1479/3160 3385/1459/3186 3384/1458/3185 
f 3404/1478/3205 3406/1480/3206 3407/1481/3160 3405/1479/3160 
f 3385/1459/3186 3388/1462/3189 3387/1461/3188 3382/1456/3183 
f 3405/1479/3160 3408/1482/3207 3388/1462/3189 3385/1459/3186 
f 3405/1479/3160 3407/1481/3160 3409/1483/3208 3408/1482/3207 
f 3410/1484/3209 3411/1485/3210 3408/1482/3207 3409/1483/3208 
f 3389/1463/3190 3388/1462/3189 3408/1482/3207 3411/1485/3210 
f 3412/1486/3211 3392/1487/3193 3391/1488/3192 3413/1489/3212 
f 3411/1485/3210 3414/1490/3213 3412/1491/3211 3389/1463/3190 
f 3411/1485/3210 3410/1484/3209 3415/1492/3214 3414/1490/3213 
f 3416/1493/3215 3414/1494/3213 3415/1495/3214 3417/1496/3216 
f 3392/1487/3193 3412/1486/3211 3414/1497/3213 3416/1498/3215 
f 3418/1499/3217 3419/1500/3218 3402/1476/3203 3393/1467/3194 
f 3420/1501/3219 3421/1502/3220 3419/1500/3218 3418/1499/3217 
f 3422/1503/3221 3423/1504/3222 3424/1505/3223 3425/1506/3224 
f 3397/1471/3198 3396/1470/3197 3423/1504/3222 3422/1503/3221 
f 3426/1507/3225 3400/1508/3201 3399/1509/3200 3427/1510/3226 
f 3422/1503/3221 3428/1511/3227 3426/1512/3225 3397/1471/3198 
f 3425/1506/3224 3429/1513/3228 3428/1511/3227 3422/1503/3221 
f 3430/1514/3229 3428/1515/3227 3429/1516/3228 3431/1517/3230 
f 3400/1508/3201 3426/1507/3225 3428/1515/3227 3430/1514/3229 
f 3432/1518/3231 3404/1478/3205 3384/1458/3185 3401/1475/3202 
f 3432/1518/3231 3433/1519/3232 3406/1480/3206 3404/1478/3205 
f 2999/1520/2810 3003/1521/2814 3434/1522/3233 3435/1523/3234 
f 3005/1524/2816 3436/1525/3235 3434/1526/3233 3003/1527/2814 
f 3437/1528/3236 3438/1529/3237 3435/1523/3234 3434/1522/3233 
f 3166/1530/2970 3439/1531/3238 3440/1532/3239 3038/1533/2849 
f 3439/1531/3238 3441/1534/3240 3442/1535/3241 3440/1532/3239 
f 3009/1536/2820 3443/1537/3242 3444/1538/3243 3165/1539/2969 
f 3445/1540/3244 3444/1538/3243 3443/1537/3242 3446/1541/3245 
f 3008/1542/2819 3447/1543/3246 3443/1537/3242 3009/1536/2820 
f 3011/1544/2822 3448/1545/3247 3447/1546/3246 3008/1547/2819 
f 3448/1545/3247 3449/1548/3248 3450/1549/3249 3447/1546/3246 
f 3446/1541/3245 3443/1537/3242 3447/1543/3246 3450/1550/3249 
f 3000/1551/2811 3001/1552/2812 3451/1553/3250 3452/1554/3251 
f 3001/1552/2812 2691/1555/2522 3453/1556/3252 3451/1553/3250 
f 3454/1557/3253 3451/1553/3250 3453/1556/3252 3455/1558/3254 
f 3454/1557/3253 3456/1559/3255 3452/1554/3251 3451/1553/3250 
f 2691/1555/2522 2690/1560/2521 3457/1561/3256 3453/1556/3252 
f 3455/1558/3254 3453/1556/3252 3457/1561/3256 3458/1562/3257 
f 2690/1560/2521 2999/1520/2810 3435/1523/3234 3457/1561/3256 
f 3438/1529/3237 3458/1562/3257 3457/1561/3256 3435/1523/3234 
f 3322/1563/3123 3459/1564/3258 3460/1565/3259 3323/1566/3124 
f 3304/1349/3105 3303/1348/3104 3460/1565/3259 3459/1564/3258 
f 3461/1567/3260 3462/1568/3261 2512/375/2355 2511/374/2354 
f 3306/1351/3107 3305/1350/3106 3462/1568/3261 3461/1567/3260 
f 3311/1356/3112 3463/1569/3262 3464/1570/3263 3312/1357/3113 
f 3463/1569/3262 3343/1571/3144 3342/1572/3143 3464/1570/3263 
f 3323/1573/3124 3460/1574/3259 3464/1570/3263 3342/1572/3143 
f 3303/1359/3104 3312/1357/3113 3464/1570/3263 3460/1574/3259 
f 3461/1575/3260 3465/1576/3264 3309/1354/3110 3306/1360/3107 
f 2511/1319/2354 3283/1318/3084 3465/1576/3264 3461/1575/3260 
f 3466/1577/3265 3465/1576/3264 3283/1318/3084 3282/1317/3083 
f 3310/1355/3111 3309/1354/3110 3465/1576/3264 3466/1577/3265 
f 3467/1578/3266 3463/1579/3262 3311/1366/3112 3315/1365/3116 
f 3350/1580/3151 3343/1581/3144 3463/1579/3262 3467/1578/3266 
f 3466/1582/3265 3468/1583/3267 3314/1364/3115 3310/1363/3111 
f 3282/1584/3083 3295/1585/3096 3468/1583/3267 3466/1582/3265 
f 3459/1586/3258 3469/1587/3268 3318/1372/3119 3304/1371/3105 
f 3459/1586/3258 3322/1588/3123 3347/1589/3148 3469/1587/3268 
f 3467/1590/3266 3469/1587/3268 3347/1589/3148 3350/1591/3151 
f 3315/1373/3116 3318/1372/3119 3469/1587/3268 3467/1590/3266 
f 3314/1375/3115 3468/1592/3267 3470/1593/3269 3317/1370/3118 
f 3468/1592/3267 3295/1336/3096 3294/1334/3095 3470/1593/3269 
f 2512/1335/2355 3462/1594/3261 3470/1593/3269 3294/1334/3095 
f 3462/1594/3261 3305/1367/3106 3317/1370/3118 3470/1593/3269 
f 3285/1323/3086 3265/1293/3066 3259/1287/3060 3264/1292/3065 
f 3295/1585/3096 3282/1584/3083 3263/1300/3064 3269/1299/3070 
f 3268/1308/3069 3271/1302/3072 3275/1306/3076 3269/1337/3070 
f 3276/1315/3077 3280/1314/3081 3300/1345/3101 3278/1344/3079 
f 3266/1294/3067 3265/1293/3066 3280/1595/3081 3279/1596/3080 
f 3471/1597/3270 3250/1267/3003 3256/1281/3057 3472/1598/3271 
f 3255/1280/3056 3473/1599/3272 3472/1598/3271 3256/1281/3057 
f 3473/1599/3272 3223/1220/3027 3221/1218/3025 3472/1598/3271 
f 3199/1181/3003 3250/1267/3003 3471/1597/3270 3474/1600/3270 
f 3200/1182/3004 3196/1178/3000 3475/1601/3273 3476/1602/3274 
f 3474/1600/3270 3475/1601/3273 3196/1178/3000 3199/1181/3003 
f 3225/1223/3026 3229/1228/3031 3475/1601/3273 3474/1600/3270 
f 3477/1603/3275 3201/1183/3005 3200/1182/3004 3476/1604/3274 
f 3205/1187/3009 3204/1186/3008 3478/1605/3276 3479/1606/3277 
f 3217/1211/3021 3205/1187/3009 3479/1606/3277 3480/1607/3278 
f 2623/492/2463 2622/491/2462 3481/1608/3279 3482/1609/3280 
f 3217/1211/3021 3480/1607/3278 3481/1608/3279 2622/491/2462 
f 3480/1607/3278 3236/1251/3038 3241/1250/3043 3481/1608/3279 
f 3202/1184/3006 2623/492/2463 3482/1609/3280 3483/1610/3281 
f 3484/1611/3282 3203/1185/3007 3202/1184/3006 3483/1612/3281 
f 3193/1175/2997 3203/1185/3007 3484/1611/3282 3485/1613/3283 
f 3194/1176/2998 3193/1175/2997 3485/1613/3283 3486/1614/3284 
f 3201/1183/3005 3477/1603/3275 3478/1605/3276 3204/1186/3008 
f 3477/1603/3275 3231/1234/3033 3258/1283/3059 3478/1605/3276 
f 3255/1280/3056 3194/1176/2998 3486/1614/3284 3473/1615/3272 
f 3222/1219/3026 3471/1597/3270 3472/1598/3271 3221/1218/3025 
f 3474/1600/3270 3471/1597/3270 3222/1219/3026 3225/1223/3026 
f 3476/1602/3274 3475/1601/3273 3229/1228/3031 3228/1227/3030 
f 3231/1234/3033 3477/1603/3275 3476/1604/3274 3228/1233/3030 
f 3479/1606/3277 3478/1605/3276 3258/1283/3059 3237/1242/3039 
f 3480/1607/3278 3479/1606/3277 3237/1242/3039 3236/1241/3038 
f 3482/1609/3280 3481/1608/3279 3241/1250/3043 3240/1249/3042 
f 3483/1610/3281 3482/1609/3280 3240/1249/3042 3243/1254/3045 
f 3245/1260/3047 3484/1611/3282 3483/1612/3281 3243/1259/3045 
f 3486/1614/3284 3485/1613/3283 3249/1266/3051 3248/1265/3050 
f 3473/1615/3272 3486/1614/3284 3248/1265/3050 3223/1286/3027 
f 3359/1428/3160 3407/1481/3160 3406/1480/3206 3358/1427/3159 
f 3363/1432/3164 3410/1484/3209 3409/1483/3208 3362/1431/3163 
f 3407/1481/3160 3359/1428/3160 3362/1431/3163 3409/1483/3208 
f 3420/1501/3219 3417/1616/3216 3366/1617/3167 3372/1443/3173 
f 3367/1437/3168 3366/1436/3167 3417/1496/3216 3415/1495/3214 
f 3372/1443/3173 3371/1442/3172 3421/1502/3220 3420/1501/3219 
f 3425/1506/3224 3424/1505/3223 3374/1445/3175 3373/1444/3174 
f 3381/1455/3182 3433/1519/3232 3431/1618/3230 3378/1619/3179 
f 3379/1452/3180 3378/1451/3179 3431/1517/3230 3429/1516/3228 
f 3358/1427/3159 3406/1480/3206 3433/1519/3232 3381/1455/3182 
f 3487/1620/3285 2746/1621/2562 2750/638/2566 2752/640/2568 
f 2745/632/2561 2746/634/2562 3487/1620/3285 2747/635/2563 
f 2759/647/2575 2758/646/2574 2762/650/2578 2768/656/2584 
f 2775/666/2591 2774/665/2590 2780/674/2596 2782/673/2598 
f 2764/652/2580 2854/1622/2668 2850/753/2664 2765/653/2581 
f 2772/1623/2588 2771/754/2587 2850/753/2664 2854/1622/2668 
f 2729/606/2545 2582/445/2422 3211/1194/3015 2728/605/2544 
f 2579/442/2419 2582/445/2422 2729/606/2545 2732/609/2548 
f 2580/443/2420 2579/442/2419 2732/614/2548 2734/615/2550 
f 2640/512/2477 2639/511/2476 2737/620/2553 2738/621/2554 
f 2734/615/2550 2737/620/2553 2639/511/2476 2580/443/2420 
f 2709/585/2535 2708/584/2534 2742/627/2558 2741/626/2557 
f 2738/621/2554 2742/627/2558 2708/584/2534 2640/512/2477 
f 2716/592/2537 2709/585/2535 2741/626/2557 2744/630/2560 
f 2752/640/2568 2701/577/2530 2702/578/2531 3487/1620/3285 
f 2747/635/2563 3487/1620/3285 2702/578/2531 2703/579/2532 
f 2753/641/2569 2699/575/2528 2701/577/2530 2752/640/2568 
f 2695/571/2526 2699/575/2528 2753/641/2569 2756/644/2572 
f 2768/656/2584 3488/1624/3286 2692/568/2523 2759/647/2575 
f 2756/644/2572 2759/647/2575 2692/568/2523 2695/571/2526 
f 2767/655/2583 2847/750/2661 3489/1625/3287 2766/654/2582 
f 3488/1624/3286 2768/656/2584 2766/654/2582 3489/1625/3287 
f 2842/745/2656 2846/749/2660 2775/666/2591 2782/673/2598 
f 2776/667/2592 2775/666/2591 2846/749/2660 2845/748/2659 
f 2839/742/2653 2842/745/2656 2782/673/2598 2783/676/2599 
f 2789/684/2605 2836/739/2650 2840/743/2654 2788/681/2604 
f 2783/676/2599 2788/681/2604 2840/743/2654 2839/742/2653 
f 2796/691/2612 3212/1195/3016 3214/1197/3018 2797/692/2613 
f 2828/731/2642 2798/695/2614 2797/692/2613 3214/1197/3018 
f 2728/605/2544 3211/1194/3015 3213/1196/3017 2800/701/2616 
f 2798/695/2614 2828/731/2642 2830/733/2644 2824/725/2638 
f 2825/727/2639 2824/725/2638 2830/733/2644 2831/734/2645 
f 2831/734/2645 2832/735/2646 2811/712/2625 2825/1201/2639 
f 2836/739/2650 2789/684/2605 2812/713/2626 2835/738/2649 
f 2867/1626/2681 2506/369/2349 2505/368/2348 2868/1271/2682 
f 3057/1627/2868 3054/1628/2865 2881/793/2695 2880/792/2694 
f 2885/797/2699 2881/793/2695 3054/1628/2865 3053/1027/2864 
f 2534/397/2377 2537/400/2380 2892/1629/2706 2895/1040/2707 
f 3210/1192/3014 3047/1001/2858 2902/1630/2714 2905/1207/2717 
f 2906/1631/2718 2902/1630/2714 3047/1001/2858 3045/999/2856 
f 2912/830/2724 2794/1632/2610 2802/1206/2618 2913/831/2725 
f 2892/1629/2706 2537/400/2380 2547/410/2390 2917/1633/2729 
f 2926/1634/2737 2517/380/2360 2520/383/2363 2923/1635/2735 
f 2520/383/2363 3058/1012/2869 2932/1636/2743 2923/1635/2735 
f 2917/1633/2729 2547/410/2390 2517/380/2360 2926/1634/2737 
f 2801/1205/2617 2804/1637/2620 2941/866/2752 2940/865/2751 
f 2944/869/2755 2941/866/2752 2804/1637/2620 2821/1638/2635 
f 2821/1638/2635 2820/1639/2634 2951/879/2762 2944/869/2755 
f 2813/1273/2627 2953/881/2764 2951/879/2762 2820/1639/2634 
f 2959/889/2770 2764/1640/2580 2760/1641/2576 2960/890/2771 
f 2964/894/2775 2960/890/2771 2760/1641/2576 2763/1642/2579 
f 2857/1643/2671 2979/913/2790 2976/910/2787 2816/1272/2630 
f 2979/913/2790 2857/1643/2671 2860/1644/2674 2982/917/2793 
f 2982/917/2793 2860/1644/2674 2855/1645/2669 2988/925/2799 
f 2852/1646/2666 2991/928/2802 2988/925/2799 2855/1645/2669 
f 2996/1647/2807 2683/559/2514 2506/369/2349 2867/1626/2681 
f 3490/1648/3288 2672/548/2503 2683/559/2514 2996/1647/2807 
f 3006/1649/2817 3491/1650/3289 2676/552/2507 3007/1651/2818 
f 2673/549/2504 3010/1652/2821 3007/1651/2818 2676/552/2507 
f 2763/1642/2579 2757/1653/2573 3012/954/2823 2964/894/2775 
f 3014/957/2825 3012/956/2823 2757/1654/2573 2754/1655/2570 
f 2751/1656/2567 3492/1657/3290 3023/969/2834 3022/968/2833 
f 2754/1655/2570 2748/1658/2564 3032/980/2843 3014/957/2825 
f 2748/1658/2564 2751/1656/2567 3022/968/2833 3032/980/2843 
f 3492/1657/3290 3491/1659/3289 3006/986/2817 3023/969/2834 
f 3071/1030/2882 3070/1029/2881 2912/1660/2724 2911/1661/2723 
f 2899/814/2711 2545/408/2388 2528/391/2371 2527/390/2370 
f 2576/439/2418 2572/435/2414 3069/1662/2880 3067/1663/2878 
f 3067/1663/2878 3053/1007/2864 3056/1010/2867 2576/439/2418 
f 2521/384/2364 2575/438/2417 2576/439/2418 3056/1010/2867 
f 2544/407/2387 2562/425/2404 2595/458/2435 2594/457/2434 
f 2878/789/2692 3060/1014/2871 3064/1018/2875 2877/788/2691 
f 2879/790/2693 2877/791/2691 3064/1024/2875 3066/1023/2877 
f 3078/1044/2888 3080/1043/2713 2907/825/2719 2906/824/2718 
f 3041/995/2852 2725/1664/2541 2574/437/2416 2573/436/2415 
f 3047/1001/2858 3210/1192/3014 3209/1191/3013 3048/1002/2859 
f 2531/394/2374 2525/388/2368 2524/387/2367 2592/455/2432 
f 3048/1002/2859 3209/1191/3013 2730/1193/2546 3050/1004/2861 
f 2554/417/2396 2553/416/2395 2593/456/2433 3052/1006/2863 
f 3050/1004/2861 2730/1193/2546 2725/1664/2541 3041/995/2852 
f 2876/785/2690 2875/784/2689 2583/446/2423 3061/1015/2872 
f 3052/1006/2863 3061/1015/2872 2583/446/2423 2554/417/2396 
f 2794/1665/2610 2912/1660/2724 3070/1029/2881 3069/1028/2880 
f 2526/389/2369 2934/859/2745 3074/1033/2885 2523/386/2366 
f 2935/858/2746 3075/1036/2886 3074/1035/2885 2934/857/2745 
f 2879/1051/2693 3066/1666/2877 3493/1667/3291 3083/1052/2891 
f 3494/1668/3292 3084/1053/2892 3083/1052/2891 3493/1667/3291 
f 2911/1669/2723 3495/1670/3293 3089/1061/2897 3071/1060/2882 
f 3091/1063/2899 3089/1061/2897 3495/1670/3293 3496/1671/3294 
f 3185/1167/2989 3184/1166/2988 3106/1078/2914 3105/1077/2913 
f 3174/1152/2978 3177/1155/2981 3112/1084/2920 3111/1083/2919 
f 3075/1036/2886 2935/858/2746 3127/1100/2931 3042/996/2853 
f 3128/1101/2932 3043/997/2854 3042/996/2853 3127/1100/2931 
f 3045/999/2856 2539/402/2382 3078/1039/2888 2906/1631/2718 
f 3497/1672/3295 3498/1673/3296 3499/1674/3297 3500/1675/3298 
f 3497/1672/3295 3105/1077/2913 3102/1074/2910 3498/1673/3296 
f 3501/1676/3299 3498/1673/3296 3102/1074/2910 3101/1677/2909 
f 3502/1678/2894 3499/1674/3297 3498/1673/3296 3501/1676/3299 
f 3503/1679/3300 3504/1680/3301 3505/1681/3302 3506/1682/2898 
f 3111/1083/2919 3108/1080/2916 3505/1681/3302 3504/1680/3301 
f 3107/1079/2915 3507/1683/3303 3505/1681/3302 3108/1080/2916 
f 3507/1683/3303 3508/1684/3304 3506/1682/2898 3505/1681/3302 
f 3501/1685/3299 3509/1686/3305 3510/1687/3306 3502/1688/2894 
f 3101/1073/2909 3104/1076/2912 3509/1686/3305 3501/1685/3299 
f 3178/1156/2982 3511/1689/2982 3512/1690/3307 3179/1157/2983 
f 3508/1691/3304 3507/1683/3303 3513/1692/3308 3514/1693/2985 
f 3507/1683/3303 3107/1079/2915 3110/1082/2918 3513/1692/3308 
f 3515/1694/3292 3516/1695/3309 3187/1169/2991 3186/1168/2990 
f 3182/1164/2986 3497/1672/3295 3500/1675/3298 3186/1696/2990 
f 3185/1167/2989 3105/1077/2913 3497/1672/3295 3182/1164/2986 
f 3178/1697/2982 3175/1698/2979 3504/1680/3301 3503/1679/3300 
f 3175/1698/2979 3174/1699/2978 3111/1083/2919 3504/1680/3301 
f 2571/434/2413 2794/1700/2610 3069/1662/2880 2572/435/2414 
f 2875/784/2689 2908/826/2720 2584/447/2424 2583/446/2423 
f 2589/452/2429 2931/852/2742 3062/1016/2873 2590/453/2430 
f 3060/1014/2871 2591/454/2431 2590/453/2430 3062/1016/2873 
f 2656/531/2493 2600/463/2440 2598/461/2438 2655/530/2492 
f 2600/463/2440 2656/531/2493 2659/535/2496 2604/470/2444 
f 2604/470/2444 2659/535/2496 2664/540/2501 2608/475/2448 
f 2665/541/2502 2610/477/2450 2608/475/2448 2664/540/2501 
f 2632/502/2471 2631/501/2392 2636/508/2392 2635/507/2474 
f 3488/1624/3286 2721/597/2538 2693/569/2524 2692/568/2523 
f 2697/573/2392 2693/569/2524 2721/597/2538 2719/595/2392 
f 2763/651/2579 2762/650/2578 2758/646/2574 2757/645/2573 
f 2932/855/2743 2880/1701/2694 2883/1702/2697 2933/856/2744 
f 3021/965/2832 2969/899/2780 2965/902/2776 3017/966/2828 
f 3018/1703/2829 3017/1704/2828 2965/895/2776 2968/898/2779 
f 2968/898/2779 3142/1115/2946 3157/1705/2961 3018/1703/2829 
f 3212/1195/3016 2796/691/2612 2800/701/2616 3213/1196/3017 
f 3057/1011/2868 2880/1706/2694 2932/1636/2743 3058/1012/2869 
f 3500/1675/3298 3499/1674/3297 3517/1707/3310 3518/1708/3311 
f 3519/1709/3312 3517/1707/3310 3499/1674/3297 3502/1678/2894 
f 3520/1710/3313 3503/1679/3300 3506/1682/2898 3521/1711/2898 
f 3508/1684/3304 3522/1712/2900 3521/1711/2898 3506/1682/2898 
f 3502/1688/2894 3510/1687/3306 3523/1713/3306 3519/1714/3312 
f 3522/1715/2900 3508/1691/3304 3514/1693/2985 3524/1716/3314 
f 3186/1696/2990 3500/1675/3298 3518/1708/3311 3515/1717/3292 
f 3511/1718/2982 3178/1697/2982 3503/1679/3300 3520/1710/3313 
f 3511/1689/2982 3496/1719/3294 3525/1720/3315 3512/1690/3307 
f 3494/1721/3292 3526/1722/2991 3516/1695/3309 3515/1694/3292 
f 3527/1723/3316 3436/1724/3235 3440/1532/3239 3442/1535/3241 
f 3442/1535/3241 3394/1468/3195 3427/1725/3226 3527/1723/3316 
f 3437/1726/3236 3527/1727/3316 3427/1510/3226 3399/1509/3200 
f 3434/1526/3233 3436/1525/3235 3527/1727/3316 3437/1726/3236 
f 3445/1540/3244 3403/1477/3204 3395/1469/3196 3441/1534/3240 
f 3446/1541/3245 3390/1464/3191 3403/1477/3204 3445/1540/3244 
f 3456/1559/3255 3449/1728/3248 3448/1729/3247 3452/1554/3251 
f 3386/1460/3187 3413/1730/3212 3449/1728/3248 3456/1559/3255 
f 3391/1488/3192 3450/1549/3249 3449/1548/3248 3413/1489/3212 
f 3382/1456/3183 3387/1461/3188 3454/1557/3253 3455/1558/3254 
f 3386/1460/3187 3456/1559/3255 3454/1557/3253 3387/1461/3188 
f 3383/1457/3184 3382/1456/3183 3455/1558/3254 3458/1562/3257 
f 3398/1472/3199 3383/1457/3184 3458/1562/3257 3438/1529/3237 
f 3266/1294/3067 3528/1731/3317 3529/1732/3318 3260/1288/3061 
f 3528/1733/3317 3188/1170/2992 3191/1173/2995 3529/1734/3318 
f 3195/1177/2999 3530/1735/3319 3529/1734/3318 3191/1173/2995 
f 3530/1736/3319 3261/1289/3062 3260/1288/3061 3529/1732/3318 
f 3530/1737/3319 3531/1738/3320 3267/1297/3068 3261/1296/3062 
f 3195/1177/2999 3198/1180/3002 3531/1739/3320 3530/1735/3319 
f 3531/1740/3320 3532/1741/3321 3272/1303/3073 3267/1307/3068 
f 3198/1180/3002 3257/1282/3058 3532/1742/3321 3531/1739/3320 
f 3533/1743/3322 3532/1742/3321 3257/1282/3058 3534/1744/3323 
f 3273/1304/3074 3272/1303/3073 3532/1741/3321 3533/1745/3322 
f 3535/1746/3324 3536/1747/3325 2621/490/2461 2620/489/2460 
f 3279/1313/3080 3277/1312/3078 3536/1748/3325 3535/1749/3324 
f 3279/1596/3080 3535/1750/3324 3528/1731/3317 3266/1294/3067 
f 2620/489/2460 3188/1170/2992 3528/1733/3317 3535/1746/3324 
f 2697/573/2392 2713/589/2392 2714/590/2392 2696/572/2392 
f 2714/590/2392 2715/591/2536 2700/576/2529 2696/572/2392 
f 2700/576/2529 2715/591/2536 2716/592/2537 2703/579/2532 
f 2781/672/2597 2780/671/2596 2774/662/2590 2773/661/2589 
f 2860/767/2674 2859/766/2673 2856/762/2670 2855/761/2669 
f 2773/661/2589 2856/762/2670 2859/766/2673 2781/672/2597 
f 2657/533/2494 2981/916/2792 2986/922/2797 2660/536/2497 
f 2987/924/2798 2986/923/2797 2981/915/2792 2980/914/2791 
f 3490/1751/3288 3000/940/2811 3011/953/2822 3010/952/2821 
f 2980/914/2791 3147/1120/2951 3150/1123/2954 2987/924/2798 
f 3328/1385/3129 3380/1454/3181 3377/1752/3178 3329/1386/3130 
f 3378/1619/3179 3377/1752/3178 3380/1454/3181 3381/1455/3182 
f 3386/1460/3187 3389/1463/3190 3412/1491/3211 3413/1730/3212 
f 3433/1519/3232 3432/1518/3231 3430/1753/3229 3431/1618/3230 
f 3400/1474/3201 3430/1753/3229 3432/1518/3231 3401/1475/3202 
f 3011/1754/2822 3000/1551/2811 3452/1554/3251 3448/1729/3247 
f 3410/1484/3209 3363/1432/3164 3367/1438/3168 3415/1492/3214 
f 2703/579/2532 2716/592/2537 2744/630/2560 2747/635/2563 
f 2672/548/2503 3490/1648/3288 3010/1652/2821 2673/549/2504 
f 2719/595/2392 2712/588/2392 2713/589/2392 2697/573/2392 
f 3399/1473/3200 3398/1472/3199 3438/1529/3237 3437/1528/3236 
f 2570/433/2412 3030/991/2841 3039/990/2850 2569/432/2411 
f 3021/965/2832 3020/964/2831 2611/478/2451 2610/477/2450 
f 3031/977/2842 3030/976/2841 2570/482/2412 2613/481/2453 
f 3020/964/2831 3036/984/2847 2615/484/2455 2611/478/2451 
f 3036/984/2847 3031/977/2842 2613/481/2453 2615/484/2455 
f 2971/903/2782 2970/900/2781 2663/539/2500 2662/538/2499 
f 2665/541/2502 2663/539/2500 2970/900/2781 2969/899/2780 
f 3491/1650/3289 3492/1755/3290 2677/553/2508 2676/552/2507 
f 3492/1755/3290 2751/1756/2567 2682/558/2513 2677/553/2508 
f 2721/597/2538 3488/1624/3286 3489/1625/3287 2722/598/2539 
f 2847/750/2661 2723/599/2540 2722/598/2539 3489/1625/3287 
f 2751/639/2567 2750/638/2566 2746/1621/2562 2682/1757/2513 
f 2723/599/2540 2847/750/2661 2849/752/2663 2844/747/2658 
f 2851/756/2665 2845/748/2659 2844/747/2658 2849/752/2663 
f 2991/928/2802 2959/889/2770 2962/892/2773 2990/927/2801 
f 2569/432/2411 3039/990/2850 3037/993/2848 3004/945/2815 
f 3005/947/2816 3004/946/2815 3037/1758/2848 3038/1759/2849 
f 2990/927/2801 2962/892/2773 3139/1112/2943 3152/1125/2956 
f 3290/1328/3091 3287/1325/3088 3330/1760/3131 3331/1447/3132 
f 3286/1324/3087 3332/1761/3133 3330/1760/3131 3287/1325/3088 
f 3355/1424/3156 3351/1420/3152 3339/1762/3140 3340/1763/3141 
f 3354/1423/3155 3341/1764/3142 3339/1762/3140 3351/1420/3152 
f 3340/1763/3141 3344/1407/3145 3346/1409/3147 3355/1424/3156 
f 3341/1764/3142 3354/1423/3155 3369/1440/3170 3365/1765/3166 
f 3372/1443/3173 3366/1617/3167 3365/1765/3166 3369/1440/3170 
f 3417/1616/3216 3420/1501/3219 3418/1499/3217 3416/1766/3215 
f 3392/1466/3193 3416/1766/3215 3418/1499/3217 3393/1467/3194 
f 3394/1468/3195 3397/1471/3198 3426/1512/3225 3427/1725/3226 
f 3005/1767/2816 3038/1533/2849 3440/1532/3239 3436/1724/3235 
f 3425/1506/3224 3373/1444/3174 3379/1453/3180 3429/1513/3228 
f 2845/748/2659 2851/756/2665 2777/755/2593 2776/1768/2592 
f 2764/1640/2580 2959/889/2770 2991/928/2802 2852/1646/2666 
f 2969/899/2780 3021/965/2832 2610/477/2450 2665/541/2502 
f 3390/1464/3191 3446/1541/3245 3450/1550/3249 3391/1465/3192 
f 3518/1708/3311 3517/1707/3310 3085/1054/2893 3084/1053/2892 
f 3086/1055/2894 3085/1054/2893 3517/1707/3310 3519/1709/3312 
f 3091/1063/2899 3520/1710/3313 3521/1711/2898 3090/1062/2898 
f 3522/1712/2900 3092/1064/2900 3090/1062/2898 3521/1711/2898 
f 3519/1714/3312 3523/1713/3306 3173/1151/2977 3086/1150/2894 
f 3092/1162/2900 3522/1715/2900 3524/1716/3314 3181/1163/2985 
f 3515/1717/3292 3518/1708/3311 3084/1053/2892 3494/1668/3292 
f 3496/1671/3294 3511/1718/2982 3520/1710/3313 3091/1063/2899 
f 3495/1769/3293 3537/1770/3326 3525/1720/3315 3496/1719/3294 
f 3495/1769/3293 2911/1771/2723 3121/1772/2925 3537/1770/3326 
f 3493/1773/3291 3538/1774/3327 3526/1722/2991 3494/1721/3292 
f 3066/1775/2877 3168/1776/2972 3538/1774/3327 3493/1773/3291 
f 2821/722/2635 2804/705/2620 2803/704/2619 2817/718/2631 
f 2638/510/2475 2637/509/2392 2808/709/2392 2807/708/2622 
f 2835/738/2649 2812/713/2626 2811/712/2625 2832/735/2646 
f 3251/1268/3052 2819/720/2633 2818/719/2632 3215/1199/3019 
f 3117/1090/2921 2950/877/2761 2910/878/2722 2909/1203/2721 
f 3234/1278/3036 2938/863/2749 2937/862/2748 3216/1210/3020 
f 2621/490/2461 3534/1744/3323 3206/1188/3010 
f 3297/1343/3098 3299/1342/3100 2509/372/2352 2508/371/2351 
f 3258/1283/3059 3233/1236/3035 3232/1235/3034 3237/1242/3039 
f 3299/1777/3100 3298/1778/3099 3284/1322/3085 2509/1321/2352 
f 3285/1323/3086 3284/1322/3085 3298/1778/3099 3300/1779/3101 
f 3300/1779/3101 3280/1595/3081 3265/1293/3066 3285/1323/3086 
f 3249/1266/3051 3485/1613/3283 3484/1611/3282 3245/1260/3047 
f 2621/490/2461 3536/1747/3325 3533/1743/3322 3534/1744/3323 
f 3277/1310/3078 3273/1304/3074 3533/1745/3322 3536/1780/3325 
f 2623/492/2463 3189/1171/2993 2620/489/2460 
f 2621/490/2461 3206/1188/3010 2622/491/2462 
f 3099/1071/2907 2687/563/2518 2686/562/2517 2870/779/2684 
f 3153/1126/2957 3098/1070/2906 3097/1069/2905 3154/1127/2958 
f 3000/940/2811 3490/1751/3288 2996/935/2807 2997/936/2808 
f 3534/1744/3323 3257/1282/3058 3207/1189/3011 3206/1188/3010 
f 3188/1170/2992 2620/489/2460 3189/1171/2993 
f 3112/1084/2920 3177/1155/2981 3104/1076/2912 3103/1075/2911 
f 3109/1081/2917 3112/1084/2920 3103/1075/2911 3106/1078/2914 
f 2894/808/2703 2893/807/2704 3114/1086/2704 3113/1085/2703 
f 3079/1041/2709 2894/808/2703 3113/1085/2703 3115/1087/2709 
f 3080/1043/2713 3079/1046/2709 3115/1089/2709 3116/1088/2713 
f 3120/1093/2924 3130/1103/2934 3119/1092/2923 3118/1091/2922 
f 2893/807/2704 2918/837/2730 3122/1095/2926 3114/1086/2704 
f 2925/846/2736 2924/845/2734 3124/1097/2928 3123/1096/2927 
f 2933/856/2744 2883/1702/2697 3126/1099/2930 3125/1098/2929 
f 2924/845/2734 2933/856/2744 3125/1098/2929 3124/1097/2928 
f 2918/837/2730 2925/846/2736 3123/1096/2927 3122/1095/2926 
f 3129/1102/2933 3131/1104/2935 3133/1106/2937 3132/1105/2936 
f 3130/1103/2934 3129/1102/2933 3132/1105/2936 3119/1092/2923 
f 3135/1108/2939 3145/1118/2949 3137/1110/2941 3136/1109/2940 
f 3138/1111/2942 3140/1113/2944 3142/1115/2946 3141/1114/2945 
f 3139/1112/2943 3138/1111/2942 3141/1114/2945 3143/1116/2947 
f 3145/1118/2949 3146/1119/2950 3144/1117/2948 3137/1110/2941 
f 3146/1119/2950 3148/1121/2952 3147/1120/2951 3144/1117/2948 
f 3152/1125/2956 3139/1112/2943 3143/1116/2947 3149/1122/2953 
f 3151/1124/2955 3152/1125/2956 3149/1122/2953 3150/1123/2954 
f 3155/1130/2959 3156/1129/2960 3158/1132/2962 3157/1131/2961 
f 3160/1134/2964 3159/1133/2963 3162/1136/2966 3161/1135/2965 
f 3156/1129/2960 3163/1137/2967 3164/1138/2968 3158/1132/2962 
f 3163/1137/2967 3160/1134/2964 3161/1135/2965 3164/1138/2968 
f 3159/1133/2963 3165/1139/2969 3166/1140/2970 3162/1136/2966 
f 2882/794/2696 2884/796/2698 3168/1142/2972 3167/1141/2971 
f 2883/795/2697 2882/794/2696 3167/1141/2971 3126/1143/2930 
f 2907/825/2719 3080/1043/2713 3116/1088/2713 3170/1145/2974 
f 3171/1147/2975 3537/1770/3326 3121/1772/2925 3172/1148/2976 
f 3525/1720/3315 3537/1770/3326 3171/1147/2975 3173/1151/2977 
f 3513/1692/3308 3110/1082/2918 3184/1166/2988 3183/1165/2987 
f 3514/1693/2985 3513/1692/3308 3183/1165/2987 3187/1169/2991 
f 3121/1094/2925 3120/1093/2924 3118/1091/2922 3172/1209/2976 
f 3134/1107/2938 3135/1108/2939 3136/1109/2940 3254/1279/3055 
f 3131/1104/2935 3134/1107/2938 3254/1279/3055 3133/1106/2937 
f 3352/1421/3153 3346/1409/3147 3289/1327/3090 3288/1326/3089 
f 3291/1329/3092 3353/1422/3154 3352/1421/3153 3288/1326/3089 
f 3345/1408/3146 3332/1761/3133 3286/1324/3087 3289/1327/3090 
f 3319/1412/3120 3325/1781/3126 3332/1782/3133 3345/1413/3146 
f 3291/1329/3092 3290/1328/3091 3375/1446/3176 3370/1441/3171 
f 3374/1445/3175 3371/1442/3172 3368/1439/3169 3370/1441/3171 
f 3403/1477/3204 3402/1476/3203 3396/1470/3197 3395/1469/3196 
f 3423/1504/3222 3419/1500/3218 3421/1502/3220 3424/1505/3223 
f 3402/1476/3203 3419/1500/3218 3423/1504/3222 3396/1470/3197 
f 3165/1539/2969 3444/1538/3243 3439/1531/3238 3166/1530/2970 
f 3444/1538/3243 3445/1540/3244 3441/1534/3240 3439/1531/3238 
f 3424/1505/3223 3421/1502/3220 3371/1442/3172 3374/1445/3175 
f 3184/1166/2988 3110/1082/2918 3109/1081/2917 3106/1078/2914 
f 3176/1154/2980 3179/1157/2983 3510/1687/3306 3509/1686/3305 
f 3104/1076/2912 3177/1155/2981 3176/1154/2980 3509/1686/3305 
f 3524/1716/3314 3514/1693/2985 3187/1169/2991 3516/1695/3309 
f 3140/1113/2944 3155/1128/2959 3157/1705/2961 3142/1115/2946 
f 3179/1157/2983 3512/1690/3307 3523/1713/3306 3510/1687/3306 
f 3181/1163/2985 3524/1716/3314 3516/1695/3309 3526/1722/2991 
f 3394/1468/3195 3442/1535/3241 3441/1534/3240 3395/1469/3196 
f 3148/1121/2952 3151/1124/2955 3150/1123/2954 3147/1120/2951 
f 3512/1690/3307 3525/1720/3315 3173/1151/2977 3523/1713/3306 
f 3180/1159/2984 3181/1163/2985 3526/1722/2991 3538/1774/3327 
f 2884/1160/2698 3180/1159/2984 3538/1774/3327 3168/1776/2972 
f 2688/564/2519 2685/561/2516 3154/1127/2958 2995/934/2806 
f 3042/996/2853 2903/821/2715 2907/825/2719 3170/1145/2974 
# 1027 polygons - 10 triangles

#
# object chainsaw_blade_LP
#

v  -4.0378 -36.2961 -1.5374
v  -4.0378 -10.7359 -1.5374
v  -4.0378 -10.7359 0.6719
v  -4.0378 -36.2961 0.6719
v  -4.2175 -36.2961 0.6719
v  -4.2175 -10.7359 0.6719
v  -4.2175 -10.7359 -1.5374
v  -4.2175 -36.2961 -1.5374
v  -4.0378 -38.8046 0.6494
v  -4.2175 -38.8046 0.6494
v  -4.2175 -38.7785 0.3185
v  -4.0378 -38.7785 0.3185
v  -4.0378 -36.2961 2.8812
v  -4.2175 -36.2961 2.8812
v  -4.2175 -36.7784 2.8812
v  -4.0378 -36.7784 2.8812
v  -4.2175 -10.7359 2.8812
v  -4.0378 -10.7359 2.8812
v  -4.2175 -38.7996 0.8422
v  -4.2175 -38.7785 1.0253
v  -4.0378 -38.7785 1.0253
v  -4.0378 -38.7996 0.8422
v  -4.0378 -36.7784 -1.5374
v  -4.2175 -36.7784 -1.5374
v  -4.0378 -37.6579 -1.2590
v  -4.2175 -37.6579 -1.2590
v  -4.2175 -37.2691 -1.4325
v  -4.0378 -37.2691 -1.4325
v  -4.0378 -38.5973 1.6230
v  -4.2175 -38.5973 1.6230
v  -4.2175 -38.7026 1.3712
v  -4.0378 -38.7026 1.3712
v  -4.0378 -38.3087 -0.7105
v  -4.2175 -38.3087 -0.7105
v  -4.2175 -38.0717 -0.9635
v  -4.0378 -38.0717 -0.9635
v  -4.0378 -37.2691 2.7763
v  -4.2175 -37.2691 2.7763
v  -4.2175 -37.6579 2.6028
v  -4.0378 -37.6579 2.6028
v  -4.0378 -38.0717 2.3073
v  -4.2175 -38.0717 2.3073
v  -4.2175 -38.3087 2.0543
v  -4.0378 -38.3087 2.0543
v  -4.0378 -38.7094 0.0119
v  -4.2175 -38.7094 0.0119
v  -4.2175 -38.5973 -0.2792
v  -4.0378 -38.5973 -0.2792
# 48 vertices

vn 0.7071 0.0000 -0.7071
vn 0.5774 0.5774 -0.5774
vn 0.7071 0.7071 0.0000
vn 1.0000 0.0000 0.0000
vn -1.0000 0.0000 0.0000
vn -0.7071 0.7071 0.0000
vn -0.5774 0.5774 -0.5774
vn -0.7071 0.0000 -0.7071
vn 0.6955 -0.7183 -0.0190
vn -0.6955 -0.7183 -0.0190
vn -0.6914 -0.7144 -0.1081
vn 0.6914 -0.7144 -0.1081
vn 0.7071 0.0000 0.7071
vn -0.7071 0.0000 0.7071
vn -0.6842 -0.0767 0.7253
vn 0.6842 -0.0767 0.7253
vn -0.5774 0.5774 0.5774
vn 0.5774 0.5774 0.5774
vn -0.6973 -0.7151 0.0504
vn -0.6959 -0.7084 0.1182
vn 0.6959 -0.7084 0.1182
vn 0.6973 -0.7151 0.0504
vn 0.6842 -0.0767 -0.7253
vn -0.6842 -0.0767 -0.7253
vn 0.6853 -0.3618 -0.6320
vn -0.6853 -0.3618 -0.6320
vn -0.6844 -0.2260 -0.6932
vn 0.6844 -0.2260 -0.6932
vn 0.6860 -0.6410 0.3443
vn -0.6860 -0.6410 0.3443
vn -0.6874 -0.6925 0.2188
vn 0.6874 -0.6925 0.2188
vn 0.6892 -0.5674 -0.4506
vn -0.6892 -0.5674 -0.4506
vn -0.6855 -0.4796 -0.5478
vn 0.6855 -0.4796 -0.5478
vn 0.6844 -0.2260 0.6932
vn -0.6844 -0.2260 0.6932
vn -0.6853 -0.3618 0.6320
vn 0.6853 -0.3618 0.6320
vn 0.6855 -0.4796 0.5478
vn -0.6855 -0.4796 0.5478
vn -0.6892 -0.5674 0.4506
vn 0.6892 -0.5674 0.4506
vn 0.6911 -0.6917 -0.2099
vn -0.6911 -0.6917 -0.2099
vn -0.6830 -0.6483 -0.3364
vn 0.6830 -0.6483 -0.3364
# 48 vertex normals

vt 0.0005 0.5189 0.0000
vt 0.0005 0.0055 0.0000
vt 0.0449 0.0055 0.0000
vt 0.0449 0.5189 0.0000
vt 0.1351 0.5138 0.0000
vt 0.1351 0.0005 0.0000
vt 0.1795 0.0005 0.0000
vt 0.1795 0.5138 0.0000
vt 0.1860 0.5138 0.0000
vt 0.1860 0.0005 0.0000
vt 0.1896 0.0005 0.0000
vt 0.1896 0.5138 0.0000
vt 0.2998 0.8876 0.0000
vt 0.2962 0.8876 0.0000
vt 0.2962 0.8810 0.0000
vt 0.2998 0.8810 0.0000
vt 0.2998 0.9637 0.0000
vt 0.2962 0.9637 0.0000
vt 0.2962 0.9540 0.0000
vt 0.2998 0.9540 0.0000
vt 0.9779 0.9320 0.0000
vt 0.9815 0.9320 0.0000
vt 0.9815 0.9764 0.0000
vt 0.9779 0.9764 0.0000
vt 0.0892 0.0055 0.0000
vt 0.0893 0.5189 0.0000
vt 0.1318 0.5641 0.0000
vt 0.1281 0.5637 0.0000
vt 0.2998 0.8952 0.0000
vt 0.2962 0.8952 0.0000
vt 0.2962 0.8915 0.0000
vt 0.2998 0.8915 0.0000
vt 0.9779 0.8877 0.0000
vt 0.9815 0.8877 0.0000
vt 0.0005 0.5285 0.0000
vt 0.1795 0.5235 0.0000
vt 0.2998 0.8222 0.0000
vt 0.2962 0.8222 0.0000
vt 0.2962 0.8125 0.0000
vt 0.2998 0.8125 0.0000
vt 0.1809 0.5138 0.0000
vt 0.1809 0.0005 0.0000
vt 0.1846 0.0005 0.0000
vt 0.1846 0.5138 0.0000
vt 0.0893 0.5286 0.0000
vt 0.0907 0.5139 0.0000
vt 0.0907 0.0005 0.0000
vt 0.2998 0.8408 0.0000
vt 0.2962 0.8408 0.0000
vt 0.2962 0.8322 0.0000
vt 0.2998 0.8322 0.0000
vt 0.2998 0.9078 0.0000
vt 0.2962 0.9078 0.0000
vt 0.2962 0.9023 0.0000
vt 0.2998 0.9023 0.0000
vt 0.2998 0.8580 0.0000
vt 0.2962 0.8580 0.0000
vt 0.2962 0.8510 0.0000
vt 0.2998 0.8510 0.0000
vt 0.2998 0.9440 0.0000
vt 0.2962 0.9440 0.0000
vt 0.2962 0.9354 0.0000
vt 0.2998 0.9354 0.0000
vt 0.2998 0.9252 0.0000
vt 0.2962 0.9252 0.0000
vt 0.2962 0.9182 0.0000
vt 0.2998 0.9182 0.0000
vt 0.2998 0.8747 0.0000
vt 0.2962 0.8747 0.0000
vt 0.2962 0.8684 0.0000
vt 0.2998 0.8684 0.0000
vt 0.1774 0.5333 0.0000
vt 0.1739 0.5411 0.0000
vt 0.0907 0.5236 0.0000
vt 0.0964 0.5412 0.0000
vt 0.0929 0.5334 0.0000
vt 0.1680 0.5495 0.0000
vt 0.1629 0.5542 0.0000
vt 0.1074 0.5543 0.0000
vt 0.1023 0.5496 0.0000
vt 0.1543 0.5600 0.0000
vt 0.1485 0.5623 0.0000
vt 0.1212 0.5622 0.0000
vt 0.1161 0.5601 0.0000
vt 0.1423 0.5637 0.0000
vt 0.1357 0.5642 0.0000
vt 0.0777 0.5546 0.0000
vt 0.0726 0.5593 0.0000
vt 0.0444 0.5693 0.0000
vt 0.0377 0.5687 0.0000
vt 0.0061 0.5462 0.0000
vt 0.0026 0.5384 0.0000
vt 0.0871 0.5385 0.0000
vt 0.0836 0.5463 0.0000
vt 0.0519 0.5687 0.0000
vt 0.0482 0.5692 0.0000
vt 0.0639 0.5651 0.0000
vt 0.0589 0.5672 0.0000
vt 0.0171 0.5593 0.0000
vt 0.0120 0.5545 0.0000
vt 0.0316 0.5673 0.0000
vt 0.0257 0.5651 0.0000
# 102 texture coords

g chainsaw_blade_LP
s 1
f 3539/1783/3328 3540/1784/3329 3541/1785/3330 3542/1786/3331 
f 3543/1787/3332 3544/1788/3333 3545/1789/3334 3546/1790/3335 
f 3546/1791/3335 3545/1792/3334 3540/1793/3329 3539/1794/3328 
f 3547/1795/3336 3548/1796/3337 3549/1797/3338 3550/1798/3339 
f 3551/1799/3340 3552/1800/3341 3553/1801/3342 3554/1802/3343 
f 3541/1803/3330 3544/1804/3333 3555/1805/3344 3556/1806/3345 
f 3542/1786/3331 3541/1785/3330 3556/1807/3345 3551/1808/3340 
f 3543/1787/3332 3557/1809/3346 3558/1810/3347 
f 3559/1811/3348 3558/1812/3347 3557/1813/3346 3560/1814/3349 
f 3540/1815/3329 3545/1816/3334 3544/1804/3333 3541/1803/3330 
f 3542/1786/3331 3561/1817/3350 3539/1783/3328 
f 3546/1790/3335 3562/1818/3351 3543/1787/3332 
f 3561/1819/3350 3562/1820/3351 3546/1821/3335 3539/1822/3328 
f 3555/1823/3344 3552/1824/3341 3551/1825/3340 3556/1826/3345 
f 3551/1808/3340 3554/1827/3343 3542/1786/3331 
f 3544/1788/3333 3543/1787/3332 3552/1828/3341 3555/1829/3344 
f 3563/1830/3352 3564/1831/3353 3565/1832/3354 3566/1833/3355 
f 3567/1834/3356 3568/1835/3357 3569/1836/3358 3570/1837/3359 
f 3571/1838/3360 3572/1839/3361 3573/1840/3362 3574/1841/3363 
f 3575/1842/3364 3576/1843/3365 3577/1844/3366 3578/1845/3367 
f 3579/1846/3368 3580/1847/3369 3581/1848/3370 3582/1849/3371 
f 3583/1850/3372 3584/1851/3373 3585/1852/3374 3586/1853/3375 
f 3543/1787/3332 3565/1854/3354 3564/1855/3353 
f 3543/1787/3332 3553/1856/3342 3552/1828/3341 
f 3543/1787/3332 3577/1857/3366 3576/1858/3365 
f 3543/1787/3332 3573/1859/3362 3572/1860/3361 
f 3543/1787/3332 3581/1861/3370 3580/1862/3369 
f 3543/1787/3332 3585/1863/3374 3584/1864/3373 
f 3543/1787/3332 3569/1865/3358 3568/1866/3357 
f 3543/1787/3332 3549/1867/3338 3548/1868/3337 
f 3579/1869/3368 3582/1870/3371 3542/1786/3331 
f 3547/1871/3336 3550/1872/3339 3542/1786/3331 
f 3542/1786/3331 3563/1873/3352 3566/1874/3355 
f 3542/1786/3331 3575/1875/3364 3578/1876/3367 
f 3559/1877/3348 3560/1878/3349 3542/1786/3331 
f 3542/1786/3331 3567/1879/3356 3570/1880/3359 
f 3571/1881/3360 3574/1882/3363 3542/1786/3331 
f 3542/1786/3331 3583/1883/3372 3586/1884/3375 
f 3561/1817/3350 3542/1786/3331 3566/1874/3355 
f 3559/1877/3348 3542/1786/3331 3570/1880/3359 
f 3549/1867/3338 3543/1787/3332 3584/1864/3373 
f 3553/1856/3342 3543/1787/3332 3576/1858/3365 
f 3560/1878/3349 3547/1871/3336 3542/1786/3331 
f 3548/1868/3337 3557/1809/3346 3543/1787/3332 
f 3583/1883/3372 3542/1786/3331 3550/1872/3339 
f 3575/1875/3364 3542/1786/3331 3554/1827/3343 
f 3565/1854/3354 3543/1787/3332 3562/1818/3351 
f 3569/1865/3358 3543/1787/3332 3558/1810/3347 
f 3563/1873/3352 3542/1786/3331 3574/1882/3363 
f 3542/1786/3331 3578/1876/3367 3579/1869/3368 
f 3543/1787/3332 3564/1855/3353 3573/1859/3362 
f 3577/1857/3366 3543/1787/3332 3580/1862/3369 
f 3567/1879/3356 3542/1786/3331 3582/1870/3371 
f 3585/1863/3374 3543/1787/3332 3572/1860/3361 
f 3542/1786/3331 3586/1884/3375 3571/1881/3360 
f 3543/1787/3332 3568/1866/3357 3581/1861/3370 
f 3566/1833/3355 3565/1832/3354 3562/1820/3351 3561/1819/3350 
f 3570/1837/3359 3569/1836/3358 3558/1812/3347 3559/1811/3348 
f 3560/1814/3349 3557/1813/3346 3548/1796/3337 3547/1795/3336 
f 3550/1798/3339 3549/1797/3338 3584/1851/3373 3583/1850/3372 
f 3554/1802/3343 3553/1801/3342 3576/1843/3365 3575/1842/3364 
f 3574/1841/3363 3573/1840/3362 3564/1831/3353 3563/1830/3352 
f 3578/1845/3367 3577/1844/3366 3580/1847/3369 3579/1846/3368 
f 3582/1849/3371 3581/1848/3370 3568/1835/3357 3567/1834/3356 
f 3586/1853/3375 3585/1852/3374 3572/1839/3361 3571/1838/3360 
# 27 polygons - 38 triangles

#
# object chainsaw_bottomButton_LP
#

v  -0.2954 8.4413 1.0816
v  -0.2954 7.9474 1.5468
v  -0.4988 7.9474 1.5468
v  -0.4988 8.4413 1.0816
v  -0.0920 8.4413 1.0816
v  -0.0920 7.9474 1.5468
v  -0.2954 7.4793 2.0242
v  -0.0872 7.4793 2.0242
v  -0.5037 7.4793 2.0242
v  -0.7458 8.3773 2.2118
v  -0.7888 8.3712 2.2007
v  -0.7594 7.6602 2.4252
v  -0.7189 7.6630 2.4319
v  -0.7189 9.0916 1.9917
v  -0.7593 9.0821 1.9762
v  -0.7897 9.0210 1.8710
v  -0.8211 8.3315 2.1256
v  -0.7897 7.6420 2.3802
v  -0.4988 9.3297 1.9184
v  -0.2954 9.3297 1.9184
v  -0.2954 9.3194 1.9013
v  -0.5182 9.3191 1.9013
v  -0.0920 9.3297 1.9184
v  -0.0726 9.3196 1.9013
v  -0.2954 9.2514 1.7861
v  -0.0580 9.2518 1.7861
v  -0.5328 9.2510 1.7861
v  0.1549 8.3773 2.2118
v  0.1980 8.3715 2.2007
v  0.1685 9.0826 1.9762
v  0.1281 9.0916 1.9917
v  0.1281 7.6630 2.4319
v  0.1685 7.6603 2.4252
v  0.2302 8.3320 2.1256
v  0.1988 7.6422 2.3802
v  0.1988 9.0219 1.8710
v  -0.0920 7.4249 2.5053
v  -0.2954 7.4249 2.5053
v  -0.2954 7.4233 2.5001
v  -0.0726 7.4233 2.5001
v  -0.4988 7.4249 2.5053
v  -0.5182 7.4233 2.5001
v  -0.2954 7.4122 2.4651
v  -0.5328 7.4122 2.4651
v  -0.0580 7.4122 2.4651
v  0.0474 8.4413 1.0816
v  0.0474 7.9474 1.5468
v  0.1110 8.3509 1.1955
v  0.1367 8.0017 1.5276
v  0.1242 7.6265 1.8975
v  0.0556 7.4793 2.0242
v  -0.6465 7.4793 2.0242
v  -0.6383 7.9474 1.5468
v  -0.7150 7.6265 1.8975
v  -0.7275 8.0017 1.5276
v  -0.7018 8.3509 1.1955
v  -0.6383 8.4413 1.0816
v  0.0474 9.3297 1.9184
v  0.0802 9.3197 1.9013
v  0.1047 9.2519 1.7861
v  -0.6465 8.7437 0.9581
v  -0.6710 8.7922 1.0055
v  -0.5182 8.7923 1.0055
v  -0.5037 8.7438 0.9581
v  -0.7150 8.6730 1.0203
v  -0.7572 8.6353 1.1217
v  -0.6956 8.8782 1.1524
v  -0.7891 8.6935 1.2833
v  -0.5328 8.8783 1.1524
v  -0.6383 7.4249 2.5053
v  -0.6710 7.4233 2.5001
v  -0.6956 7.4122 2.4651
v  0.0802 7.3311 2.2085
v  -0.0726 7.3311 2.2085
v  0.1664 7.5395 2.0239
v  0.1983 7.5475 2.1198
v  0.1047 7.3499 2.2678
v  -0.0580 7.3499 2.2678
v  -0.7802 8.1645 1.4701
v  -0.8189 8.1397 1.6759
v  -0.7275 8.5412 1.0684
v  -0.7572 7.5395 2.0239
v  -0.7891 7.5473 2.1198
v  -0.0726 8.7928 1.0055
v  -0.2954 8.7925 1.0055
v  -0.2954 8.8787 1.1524
v  -0.0580 8.8791 1.1524
v  -0.0872 8.7439 0.9581
v  -0.2954 8.7438 0.9581
v  0.1894 8.1647 1.4701
v  0.2281 8.1402 1.6759
v  0.1367 8.5413 1.0684
v  0.1242 8.6733 1.0203
v  0.1664 8.6358 1.1217
v  0.1983 8.6945 1.2833
v  -0.5182 7.3311 2.2085
v  -0.2954 7.3311 2.2085
v  -0.2954 7.3499 2.2678
v  -0.5328 7.3499 2.2678
v  0.0802 8.7928 1.0055
v  0.1047 8.8792 1.1524
v  0.0556 8.7439 0.9581
v  -0.7998 8.8568 1.5865
v  -0.7038 9.0674 1.4745
v  -0.6956 9.2508 1.7861
v  -0.5377 9.0676 1.4745
v  -0.6710 7.3311 2.2085
v  -0.6956 7.3499 2.2678
v  0.2090 7.5931 2.2585
v  0.1129 7.3823 2.3705
v  0.1047 7.4122 2.4651
v  -0.0532 7.3823 2.3705
v  -0.8318 8.2249 1.9225
v  -0.7998 7.5930 2.2585
v  -0.0532 9.0685 1.4745
v  -0.2954 9.0681 1.4745
v  0.2410 8.2255 1.9225
v  0.2090 8.8579 1.5865
v  -0.5377 7.3823 2.3705
v  -0.2954 7.3823 2.3705
v  0.1129 9.0687 1.4745
v  -0.7038 7.3823 2.3705
v  -0.6710 9.3190 1.9013
v  -0.6383 9.3297 1.9184
v  0.0802 7.4233 2.5001
v  0.0474 7.4249 2.5053
v  -0.6383 8.6668 0.9345
v  -0.4988 8.6668 0.9345
v  -0.2954 8.6668 0.9345
v  -0.0920 8.6668 0.9345
v  0.0474 8.6668 0.9345
# 131 vertices

vn 0.0000 -0.6184 -0.7858
vn 0.0000 -0.7000 -0.7142
vn 0.0000 -0.7476 -0.6642
vn -0.2781 0.2896 0.9159
vn -0.6846 0.2269 0.6927
vn -0.5788 0.1418 0.8031
vn -0.1747 0.2585 0.9501
vn -0.4117 0.3575 0.8383
vn -0.7832 0.3396 0.5208
vn -0.9746 0.2222 0.0279
vn -0.9786 0.0695 0.1935
vn -0.9340 -0.0731 0.3498
vn -0.0008 0.8506 -0.5259
vn 0.0000 0.8566 -0.5160
vn -0.0005 0.8589 -0.5122
vn -0.0007 0.8555 -0.5178
vn -0.0006 0.8606 -0.5093
vn -0.0006 0.8613 -0.5080
vn -0.0013 0.8616 -0.5076
vn -0.0010 0.8618 -0.5072
vn -0.0012 0.8613 -0.5080
vn 0.2773 0.2870 0.9169
vn 0.6833 0.2258 0.6944
vn 0.7821 0.3398 0.5223
vn 0.4077 0.3566 0.8406
vn 0.1762 0.2609 0.9491
vn 0.5780 0.1435 0.8033
vn 0.9787 0.0694 0.1933
vn 0.9339 -0.0728 0.3501
vn 0.9746 0.2223 0.0281
vn 0.0000 -0.9558 0.2941
vn 0.0000 -0.9545 0.2982
vn 0.0000 -0.9534 0.3018
vn 0.2297 -0.5949 -0.7702
vn 0.1311 -0.6930 -0.7089
vn 0.5433 -0.5583 -0.6270
vn 0.5556 -0.5706 -0.6048
vn 0.3851 -0.6616 -0.6435
vn 0.1768 -0.7366 -0.6528
vn -0.1770 -0.7366 -0.6528
vn -0.1312 -0.6930 -0.7089
vn -0.3852 -0.6615 -0.6435
vn -0.5554 -0.5707 -0.6049
vn -0.5431 -0.5584 -0.6271
vn -0.2298 -0.5950 -0.7702
vn 0.2164 0.9648 -0.1493
vn 0.5639 0.8216 0.0837
vn 0.5924 0.7286 -0.3438
vn -0.3699 0.4149 -0.8313
vn -0.5154 0.6162 -0.5956
vn -0.0007 0.7879 -0.6158
vn -0.0003 0.5103 -0.8600
vn -0.8618 0.0846 -0.5001
vn -0.9560 0.0530 -0.2885
vn -0.5686 0.6854 -0.4549
vn -0.9763 0.1246 -0.1769
vn -0.0010 0.8625 -0.5060
vn -0.0628 -0.7720 0.6325
vn -0.3447 -0.4652 0.8153
vn -0.5950 -0.6671 0.4484
vn 0.3583 -0.9118 -0.2005
vn 0.0000 -0.9829 -0.1841
vn 0.7103 -0.5410 -0.4504
vn 0.9370 -0.3268 -0.1232
vn 0.5619 -0.8157 0.1375
vn 0.0000 -0.9535 0.3015
vn -0.8970 -0.2714 -0.3488
vn -0.9868 -0.1016 -0.1264
vn -0.7591 -0.3197 -0.5671
vn -0.7101 -0.5410 -0.4506
vn -0.9368 -0.3272 -0.1235
vn -0.0006 0.7864 -0.6178
vn -0.0006 0.7870 -0.6169
vn -0.0013 0.8623 -0.5064
vn -0.0009 0.8621 -0.5067
vn -0.0003 0.5086 -0.8610
vn -0.0001 0.5095 -0.8605
vn 0.8973 -0.2710 -0.3485
vn 0.9868 -0.1014 -0.1263
vn 0.7592 -0.3195 -0.5670
vn 0.8615 0.0843 -0.5007
vn 0.9560 0.0530 -0.2885
vn 0.9762 0.1248 -0.1772
vn 0.5149 0.6150 -0.5971
vn 0.5678 0.6854 -0.4558
vn 0.3693 0.4131 -0.8324
vn -0.9781 0.1816 -0.1012
vn -0.5662 0.7123 -0.4148
vn -0.5932 0.7277 -0.3443
vn -0.0014 0.8620 -0.5069
vn -0.3579 -0.9120 -0.2006
vn -0.5620 -0.8157 0.1371
vn 0.9764 -0.2023 0.0756
vn 0.5790 -0.7746 0.2544
vn 0.5951 -0.6673 0.4478
vn 0.0000 -0.9536 0.3011
vn -1.0000 -0.0050 0.0000
vn -0.9764 -0.2023 0.0752
vn -0.0012 0.8620 -0.5070
vn -0.0015 0.8620 -0.5070
vn 1.0000 -0.0048 0.0002
vn 0.9781 0.1818 -0.1010
vn 0.5652 0.7128 -0.4151
vn -0.5790 -0.7746 0.2543
vn -0.5675 0.8196 0.0782
vn -0.2205 0.9590 -0.1781
vn 0.3452 -0.4650 0.8152
vn 0.0626 -0.7721 0.6325
vn -0.3388 -0.1188 -0.9333
vn 0.0000 -0.1398 -0.9902
vn -0.0000 -0.1400 -0.9902
vn 0.3385 -0.1191 -0.9334
# 112 vertex normals

vt 0.7261 0.7427 0.0000
vt 0.7261 0.7563 0.0000
vt 0.7220 0.7563 0.0000
vt 0.7220 0.7427 0.0000
vt 0.7302 0.7427 0.0000
vt 0.7302 0.7563 0.0000
vt 0.7261 0.7698 0.0000
vt 0.7303 0.7698 0.0000
vt 0.7219 0.7698 0.0000
vt 0.4317 0.9840 0.0000
vt 0.4316 0.9831 0.0000
vt 0.4464 0.9804 0.0000
vt 0.4466 0.9811 0.0000
vt 0.4168 0.9866 0.0000
vt 0.4168 0.9857 0.0000
vt 0.4169 0.9833 0.0000
vt 0.4316 0.9813 0.0000
vt 0.4462 0.9793 0.0000
vt 0.6844 0.6463 0.0000
vt 0.6803 0.6463 0.0000
vt 0.6803 0.6459 0.0000
vt 0.6848 0.6459 0.0000
vt 0.6763 0.6463 0.0000
vt 0.6759 0.6459 0.0000
vt 0.6803 0.6432 0.0000
vt 0.6756 0.6432 0.0000
vt 0.6851 0.6432 0.0000
vt 0.7224 0.8036 0.0000
vt 0.7225 0.8027 0.0000
vt 0.7373 0.8053 0.0000
vt 0.7374 0.8062 0.0000
vt 0.7075 0.8007 0.0000
vt 0.7077 0.7999 0.0000
vt 0.7226 0.8009 0.0000
vt 0.7079 0.7988 0.0000
vt 0.7372 0.8028 0.0000
vt 0.5391 0.9741 0.0000
vt 0.5350 0.9741 0.0000
vt 0.5350 0.9740 0.0000
vt 0.5395 0.9740 0.0000
vt 0.5309 0.9741 0.0000
vt 0.5305 0.9740 0.0000
vt 0.5350 0.9733 0.0000
vt 0.5302 0.9733 0.0000
vt 0.5398 0.9733 0.0000
vt 0.7330 0.7427 0.0000
vt 0.7330 0.7563 0.0000
vt 0.7344 0.7456 0.0000
vt 0.7348 0.7553 0.0000
vt 0.7346 0.7659 0.0000
vt 0.7332 0.7698 0.0000
vt 0.7191 0.7698 0.0000
vt 0.7192 0.7563 0.0000
vt 0.7176 0.7659 0.0000
vt 0.7174 0.7553 0.0000
vt 0.7178 0.7456 0.0000
vt 0.7192 0.7427 0.0000
vt 0.6735 0.6463 0.0000
vt 0.6728 0.6459 0.0000
vt 0.7425 0.8064 0.0000
vt 0.7426 0.8072 0.0000
vt 0.7424 0.8036 0.0000
vt 0.6723 0.6432 0.0000
vt 0.6874 0.6236 0.0000
vt 0.6879 0.6250 0.0000
vt 0.6848 0.6250 0.0000
vt 0.6845 0.6236 0.0000
vt 0.4150 0.9649 0.0000
vt 0.4167 0.9664 0.0000
vt 0.4125 0.9655 0.0000
vt 0.4128 0.9640 0.0000
vt 0.4123 0.9691 0.0000
vt 0.4172 0.9698 0.0000
vt 0.6851 0.6284 0.0000
vt 0.6884 0.6284 0.0000
vt 0.5281 0.9741 0.0000
vt 0.5274 0.9740 0.0000
vt 0.4516 0.9795 0.0000
vt 0.4519 0.9801 0.0000
vt 0.4514 0.9786 0.0000
vt 0.5270 0.9733 0.0000
vt 0.7336 0.7745 0.0000
vt 0.7306 0.7745 0.0000
vt 0.7077 0.7898 0.0000
vt 0.7119 0.7895 0.0000
vt 0.7094 0.7915 0.0000
vt 0.7036 0.7924 0.0000
vt 0.7087 0.7934 0.0000
vt 0.7035 0.7939 0.0000
vt 0.5398 0.9691 0.0000
vt 0.5395 0.9679 0.0000
vt 0.5425 0.9679 0.0000
vt 0.5430 0.9691 0.0000
vt 0.4283 0.9680 0.0000
vt 0.4307 0.9715 0.0000
vt 0.4178 0.9644 0.0000
vt 0.4225 0.9645 0.0000
vt 0.4319 0.9671 0.0000
vt 0.4422 0.9699 0.0000
vt 0.4447 0.9719 0.0000
vt 0.4454 0.9738 0.0000
vt 0.6759 0.6250 0.0000
vt 0.6803 0.6250 0.0000
vt 0.6803 0.6284 0.0000
vt 0.6756 0.6284 0.0000
vt 0.6762 0.6236 0.0000
vt 0.6803 0.6236 0.0000
vt 0.7258 0.7876 0.0000
vt 0.7234 0.7911 0.0000
vt 0.7223 0.7867 0.0000
vt 0.7317 0.7841 0.0000
vt 0.7363 0.7840 0.0000
vt 0.7391 0.7844 0.0000
vt 0.7375 0.7860 0.0000
vt 0.7370 0.7894 0.0000
vt 0.5305 0.9679 0.0000
vt 0.5350 0.9679 0.0000
vt 0.5350 0.9691 0.0000
vt 0.5302 0.9691 0.0000
vt 0.7261 0.7745 0.0000
vt 0.7216 0.7745 0.0000
vt 0.7417 0.7851 0.0000
vt 0.7418 0.7886 0.0000
vt 0.7413 0.7836 0.0000
vt 0.6728 0.6250 0.0000
vt 0.6733 0.6236 0.0000
vt 0.6723 0.6284 0.0000
vt 0.4171 0.9767 0.0000
vt 0.4120 0.9767 0.0000
vt 0.4118 0.9841 0.0000
vt 0.6852 0.6359 0.0000
vt 0.6885 0.6359 0.0000
vt 0.6884 0.6432 0.0000
vt 0.4505 0.9728 0.0000
vt 0.4506 0.9743 0.0000
vt 0.4464 0.9702 0.0000
vt 0.7186 0.7745 0.0000
vt 0.5270 0.9691 0.0000
vt 0.5274 0.9679 0.0000
vt 0.7082 0.7962 0.0000
vt 0.7031 0.7961 0.0000
vt 0.7027 0.7982 0.0000
vt 0.5399 0.9713 0.0000
vt 0.5432 0.9713 0.0000
vt 0.5430 0.9733 0.0000
vt 0.4315 0.9767 0.0000
vt 0.4459 0.9767 0.0000
vt 0.6755 0.6359 0.0000
vt 0.6803 0.6359 0.0000
vt 0.7226 0.7963 0.0000
vt 0.7370 0.7963 0.0000
vt 0.5301 0.9713 0.0000
vt 0.5350 0.9713 0.0000
vt 0.7422 0.7963 0.0000
vt 0.6721 0.6359 0.0000
vt 0.4510 0.9765 0.0000
vt 0.5268 0.9713 0.0000
vt 0.4116 0.9868 0.0000
vt 0.4115 0.9876 0.0000
vt 0.6879 0.6459 0.0000
vt 0.6872 0.6463 0.0000
vt 0.7025 0.7991 0.0000
vt 0.7022 0.7997 0.0000
vt 0.5425 0.9740 0.0000
vt 0.5419 0.9741 0.0000
vt 0.7173 0.7410 0.0000
vt 0.7192 0.7373 0.0000
vt 0.4139 0.9629 0.0000
vt 0.6844 0.6220 0.0000
vt 0.6872 0.6220 0.0000
vt 0.7220 0.7373 0.0000
vt 0.7261 0.7373 0.0000
vt 0.6804 0.6220 0.0000
vt 0.6763 0.6220 0.0000
vt 0.7302 0.7373 0.0000
vt 0.7330 0.7373 0.0000
vt 0.6735 0.6220 0.0000
vt 0.7402 0.7824 0.0000
vt 0.7350 0.7410 0.0000
# 179 texture coords

g chainsaw_bottomButton_LP
s 1
f 3587/1885/3376 3588/1886/3377 3589/1887/3377 3590/1888/3376 
f 3591/1889/3376 3592/1890/3377 3588/1886/3377 3587/1885/3376 
f 3593/1891/3378 3588/1886/3377 3592/1890/3377 3594/1892/3378 
f 3595/1893/3378 3589/1887/3377 3588/1886/3377 3593/1891/3378 
f 3596/1894/3379 3597/1895/3380 3598/1896/3381 3599/1897/3382 
f 3596/1894/3379 3600/1898/3383 3601/1899/3384 3597/1895/3380 
f 3602/1900/3385 3603/1901/3386 3597/1895/3380 3601/1899/3384 
f 3603/1901/3386 3604/1902/3387 3598/1896/3381 3597/1895/3380 
f 3605/1903/3388 3606/1904/3389 3607/1905/3390 3608/1906/3391 
f 3609/1907/3392 3610/1908/3393 3607/1905/3390 3606/1904/3389 
f 3611/1909/3394 3607/1905/3390 3610/1908/3393 3612/1910/3395 
f 3611/1909/3394 3613/1911/3396 3608/1906/3391 3607/1905/3390 
f 3614/1912/3397 3615/1913/3398 3616/1914/3399 3617/1915/3400 
f 3618/1916/3401 3619/1917/3402 3615/1913/3398 3614/1912/3397 
f 3620/1918/3403 3615/1913/3398 3619/1917/3402 3621/1919/3404 
f 3622/1920/3405 3616/1914/3399 3615/1913/3398 3620/1918/3403 
f 3623/1921/3406 3624/1922/3406 3625/1923/3407 3626/1924/3407 
f 3627/1925/3406 3628/1926/3407 3625/1923/3407 3624/1922/3406 
f 3629/1927/3408 3625/1923/3407 3628/1926/3407 3630/1928/3408 
f 3629/1927/3408 3631/1929/3408 3626/1924/3407 3625/1923/3407 
f 3632/1930/3409 3633/1931/3410 3592/1890/3377 3591/1889/3376 
f 3634/1932/3411 3635/1933/3412 3633/1931/3410 3632/1930/3409 
f 3636/1934/3413 3637/1935/3414 3633/1931/3410 3635/1933/3412 
f 3594/1892/3378 3592/1890/3377 3633/1931/3410 3637/1935/3414 
f 3638/1936/3415 3639/1937/3416 3589/1887/3377 3595/1893/3378 
f 3640/1938/3417 3641/1939/3418 3639/1937/3416 3638/1936/3415 
f 3642/1940/3419 3643/1941/3420 3639/1937/3416 3641/1939/3418 
f 3590/1888/3376 3589/1887/3377 3639/1937/3416 3643/1941/3420 
f 3644/1942/3421 3645/1943/3422 3610/1908/3393 3609/1907/3392 
f 3617/1915/3400 3616/1914/3399 3645/1944/3422 3644/1945/3421 
f 3646/1946/3423 3645/1944/3422 3616/1914/3399 3622/1920/3405 
f 3612/1910/3395 3610/1908/3393 3645/1943/3422 3646/1947/3423 
f 3647/1948/3424 3648/1949/3425 3649/1950/3426 3650/1951/3427 
f 3651/1952/3428 3652/1953/3429 3648/1954/3425 3647/1955/3424 
f 3653/1956/3430 3648/1954/3425 3652/1953/3429 3654/1957/3431 
f 3655/1958/3432 3649/1950/3426 3648/1949/3425 3653/1959/3430 
f 3656/1960/3433 3657/1961/3434 3628/1926/3407 3627/1925/3406 
f 3599/1897/3382 3598/1896/3381 3657/1962/3434 3656/1963/3433 
f 3658/1964/3435 3657/1962/3434 3598/1896/3381 3604/1902/3387 
f 3630/1928/3408 3628/1926/3407 3657/1961/3434 3658/1965/3435 
f 3637/1935/3414 3659/1966/3436 3660/1967/3437 3594/1892/3378 
f 3637/1968/3414 3636/1969/3413 3661/1970/3438 3659/1971/3436 
f 3662/1972/3439 3663/1973/3440 3659/1971/3436 3661/1970/3438 
f 3664/1974/3441 3660/1975/3437 3659/1976/3436 3663/1977/3440 
f 3654/1957/3431 3652/1953/3429 3665/1978/3442 3666/1979/3443 
f 3652/1953/3429 3651/1952/3428 3667/1980/3444 3665/1978/3442 
f 3642/1981/3419 3641/1982/3418 3665/1978/3442 3667/1980/3444 
f 3641/1982/3418 3640/1983/3417 3668/1984/3445 3665/1978/3442 
f 3666/1979/3443 3665/1978/3442 3668/1984/3445 3669/1985/3446 
f 3670/1986/3447 3671/1987/3448 3672/1988/3449 3673/1989/3450 
f 3674/1990/3451 3675/1991/3452 3671/1987/3448 3670/1986/3447 
f 3650/1951/3427 3649/1950/3426 3671/1987/3448 3675/1991/3452 
f 3649/1950/3426 3655/1958/3432 3672/1988/3449 3671/1987/3448 
f 3661/1970/3438 3676/1992/3453 3677/1993/3454 3662/1972/3439 
f 3661/1970/3438 3636/1969/3413 3635/1994/3412 3676/1992/3453 
f 3634/1995/3411 3678/1996/3455 3676/1992/3453 3635/1994/3412 
f 3678/1996/3455 3679/1997/3456 3680/1998/3457 3676/1992/3453 
f 3681/1999/3458 3677/1993/3454 3676/1992/3453 3680/1998/3457 
f 3682/2000/3437 3683/2001/3437 3684/2002/3441 3685/2003/3441 
f 3595/1893/3378 3593/1891/3378 3683/2004/3437 3682/2005/3437 
f 3594/1892/3378 3660/1967/3437 3683/2004/3437 3593/1891/3378 
f 3660/1975/3437 3664/1974/3441 3684/2002/3441 3683/2001/3437 
f 3680/1998/3457 3686/2006/3459 3687/2007/3460 3681/1999/3458 
f 3679/1997/3456 3688/2008/3461 3686/2006/3459 3680/1998/3457 
f 3670/1986/3447 3686/2009/3459 3688/2010/3461 3674/1990/3451 
f 3673/1989/3450 3687/2011/3460 3686/2009/3459 3670/1986/3447 
f 3654/1957/3431 3689/2012/3462 3690/2013/3463 3653/1956/3430 
f 3602/1900/3385 3691/2014/3464 3690/2013/3463 3689/2012/3462 
f 3692/2015/3465 3690/2016/3463 3691/2017/3464 3613/1911/3396 
f 3692/2015/3465 3655/1958/3432 3653/1959/3430 3690/2016/3463 
f 3669/1985/3446 3668/1984/3445 3693/2018/3466 3694/2019/3467 
f 3668/1984/3445 3640/1983/3417 3638/2020/3415 3693/2018/3466 
f 3682/2005/3437 3693/2021/3466 3638/1936/3415 3595/1893/3378 
f 3685/2003/3441 3694/2022/3467 3693/2023/3466 3682/2000/3437 
f 3695/2024/3468 3696/2025/3469 3663/1973/3440 3662/1972/3439 
f 3621/1919/3404 3697/2026/3470 3696/2025/3469 3695/2024/3468 
f 3698/2027/3471 3696/2028/3469 3697/2029/3470 3631/1929/3408 
f 3698/2027/3471 3664/1974/3441 3663/1977/3440 3696/2028/3469 
f 3689/2012/3462 3699/2030/3472 3603/1901/3386 3602/1900/3385 
f 3689/2012/3462 3654/1957/3431 3666/1979/3443 3699/2030/3472 
f 3669/1985/3446 3700/2031/3473 3699/2030/3472 3666/1979/3443 
f 3604/1902/3387 3603/1901/3386 3699/2030/3472 3700/2031/3473 
f 3612/1910/3395 3701/2032/3474 3702/2033/3475 3611/1909/3394 
f 3673/1989/3450 3672/1988/3449 3702/2033/3475 3701/2032/3474 
f 3655/1958/3432 3692/2015/3465 3702/2033/3475 3672/1988/3449 
f 3613/1911/3396 3611/1909/3394 3702/2033/3475 3692/2015/3465 
f 3621/1919/3404 3695/2024/3468 3703/2034/3476 3620/1918/3403 
f 3662/1972/3439 3677/1993/3454 3703/2034/3476 3695/2024/3468 
f 3704/2035/3477 3703/2034/3476 3677/1993/3454 3681/1999/3458 
f 3704/2035/3477 3622/1920/3405 3620/1918/3403 3703/2034/3476 
f 3630/1928/3408 3705/2036/3471 3706/2037/3471 3629/1927/3408 
f 3685/2003/3441 3684/2002/3441 3706/2037/3471 3705/2036/3471 
f 3664/1974/3441 3698/2027/3471 3706/2037/3471 3684/2002/3441 
f 3631/1929/3408 3629/1927/3408 3706/2037/3471 3698/2027/3471 
f 3622/1920/3405 3704/2035/3477 3707/2038/3478 3646/1946/3423 
f 3681/1999/3458 3687/2007/3460 3707/2038/3478 3704/2035/3477 
f 3701/2032/3474 3707/2039/3478 3687/2011/3460 3673/1989/3450 
f 3701/2032/3474 3612/1910/3395 3646/1947/3423 3707/2039/3478 
f 3604/1902/3387 3700/2031/3473 3708/2040/3479 3658/1964/3435 
f 3700/2031/3473 3669/1985/3446 3694/2019/3467 3708/2040/3479 
f 3705/2036/3471 3708/2041/3479 3694/2022/3467 3685/2003/3441 
f 3705/2036/3471 3630/1928/3408 3658/1965/3435 3708/2041/3479 
f 3601/1899/3384 3709/2042/3480 3691/2014/3464 3602/1900/3385 
f 3600/1898/3383 3710/2043/3481 3709/2042/3480 3601/1899/3384 
f 3608/1906/3391 3709/2044/3480 3710/2045/3481 3605/1903/3388 
f 3613/1911/3396 3691/2017/3464 3709/2044/3480 3608/1906/3391 
f 3619/1917/3402 3711/2046/3482 3697/2026/3470 3621/1919/3404 
f 3618/1916/3401 3712/2047/3483 3711/2046/3482 3619/1917/3402 
f 3626/1924/3407 3711/2048/3482 3712/2049/3483 3623/1921/3406 
f 3631/1929/3408 3697/2029/3470 3711/2048/3482 3626/1924/3407 
f 3667/2050/3444 3713/2051/3484 3643/1941/3420 3642/1940/3419 
f 3651/1952/3428 3647/1955/3424 3713/2052/3484 3667/1980/3444 
f 3650/1951/3427 3714/2053/3485 3713/2054/3484 3647/1948/3424 
f 3590/1888/3376 3643/1941/3420 3713/2051/3484 3714/2055/3485 
f 3714/2055/3485 3715/2056/3485 3587/1885/3376 3590/1888/3376 
f 3714/2053/3485 3650/1951/3427 3675/1991/3452 3715/2057/3485 
f 3716/2058/3486 3715/2057/3485 3675/1991/3452 3674/1990/3451 
f 3591/1889/3376 3587/1885/3376 3715/2056/3485 3716/2059/3486 
f 3716/2059/3486 3717/2060/3487 3632/1930/3409 3591/1889/3376 
f 3674/1990/3451 3688/2010/3461 3717/2061/3487 3716/2058/3486 
f 3679/1997/3456 3678/1996/3455 3717/2062/3487 3688/2008/3461 
f 3678/2063/3455 3634/1932/3411 3632/1930/3409 3717/2060/3487 
# 122 polygons

#
# object chainsaw_gasValve_LP
#

v  -1.0827 4.1751 6.9415
v  -1.0810 4.8475 7.2964
v  -1.1028 4.9321 7.1363
v  -1.1045 4.2597 6.7813
v  -1.1006 4.0809 7.1199
v  -1.0988 4.7533 7.4749
v  -1.1633 4.8331 7.3240
v  -1.1651 4.1607 6.9691
v  -0.9148 4.0249 7.2251
v  -0.9131 4.6973 7.5800
v  -1.0165 4.7677 7.4472
v  -1.0182 4.0953 7.0923
v  -0.8368 3.9375 7.3903
v  -0.8351 4.6099 7.7453
v  -0.9715 4.6667 7.6383
v  -0.9732 3.9943 7.2833
v  -0.6170 3.9281 7.4070
v  -0.6152 4.6005 7.7620
v  -0.7767 4.6405 7.6870
v  -0.7784 3.9681 7.3320
v  -0.4611 3.8674 7.5212
v  -0.4593 4.5398 7.8762
v  -0.6364 4.5607 7.8375
v  -0.6381 3.8883 7.4826
v  -0.2575 3.9068 7.4456
v  -0.2557 4.5792 7.8006
v  -0.4382 4.5797 7.8006
v  -0.4399 3.9073 7.4456
v  -0.0594 3.8868 7.4826
v  -0.0576 4.5592 7.8375
v  -0.2348 4.5393 7.8762
v  -0.2365 3.8669 7.5212
v  0.0813 3.9659 7.3320
v  0.0830 4.6383 7.6870
v  -0.0786 4.5991 7.7620
v  -0.0803 3.9267 7.4070
v  0.2763 3.9911 7.2833
v  0.2780 4.6635 7.6383
v  0.1413 4.6074 7.7453
v  0.1396 3.9350 7.3903
v  0.3218 4.0918 7.0923
v  0.3235 4.7642 7.4472
v  0.2197 4.6944 7.5800
v  0.2180 4.0220 7.2251
v  0.4690 4.1565 6.9691
v  0.4707 4.8289 7.3240
v  0.4058 4.7495 7.4749
v  0.4041 4.0770 7.1199
v  0.4089 4.2558 6.7813
v  0.4106 4.9282 7.1363
v  0.3884 4.8437 7.2964
v  0.3867 4.1713 6.9415
v  0.4745 4.3451 6.6118
v  0.4763 5.0175 6.9667
v  0.4980 4.9329 7.1269
v  0.4963 4.2605 6.7719
v  0.3227 4.4202 6.4703
v  0.3244 5.0926 6.8253
v  0.3889 5.0128 6.9761
v  0.3871 4.3404 6.6212
v  0.2917 4.5137 6.2933
v  0.2935 5.1861 6.6483
v  0.3969 5.1157 6.7810
v  0.3952 4.4433 6.4261
v  0.0828 4.5473 6.2306
v  0.0846 5.2197 6.5855
v  0.2209 5.1629 6.6925
v  0.2192 4.4905 6.3376
v  -0.0376 4.6236 6.0867
v  -0.0359 5.2960 6.4416
v  0.1256 5.2560 6.5166
v  0.1238 4.5836 6.1616
v  -0.2557 4.6082 6.1170
v  -0.2539 5.2806 6.4720
v  -0.0769 5.2597 6.5106
v  -0.0786 4.5873 6.1556
v  -0.4380 4.6497 6.0392
v  -0.4363 5.3221 6.3941
v  -0.2538 5.3217 6.3941
v  -0.2556 4.6493 6.0392
v  -0.6153 4.5887 6.1556
v  -0.6135 5.2611 6.5106
v  -0.4364 5.2810 6.4720
v  -0.4381 4.6086 6.1170
v  -0.8177 4.5860 6.1616
v  -0.8160 5.2585 6.5166
v  -0.6543 5.2976 6.4416
v  -0.6561 4.6252 6.0867
v  -0.9136 4.4934 6.3376
v  -0.9118 5.1658 6.6925
v  -0.7752 5.2220 6.5855
v  -0.7769 4.5496 6.2306
v  -1.0898 4.4472 6.4261
v  -1.0880 5.1196 6.7810
v  -0.9842 5.1894 6.6483
v  -0.9860 4.5170 6.2933
v  -1.0823 4.3442 6.6212
v  -1.0805 5.0166 6.9761
v  -1.0157 5.0960 6.8253
v  -1.0174 4.4236 6.4703
v  -1.1919 4.2649 6.7719
v  -1.1901 4.9373 7.1269
v  -1.1679 5.0217 6.9667
v  -1.1697 4.3493 6.6118
v  -0.9945 4.8572 7.2776
v  -1.0137 4.9319 7.1363
v  -0.9376 4.7868 7.4106
v  -0.8463 4.7247 7.5278
v  -0.7260 4.6746 7.6222
v  -0.5836 4.6393 7.6883
v  -0.4273 4.6209 7.7224
v  -0.2664 4.6205 7.7224
v  -0.1101 4.6381 7.6883
v  0.0325 4.6727 7.6222
v  0.1531 4.7222 7.5278
v  0.2447 4.7838 7.4106
v  0.3020 4.8539 7.2776
v  0.3216 4.9284 7.1363
v  0.3024 5.0030 6.9950
v  0.2455 5.0734 6.8619
v  0.1542 5.1355 6.7447
v  0.0339 5.1857 6.6503
v  -0.1086 5.2209 6.5842
v  -0.2648 5.2393 6.5501
v  -0.4257 5.2397 6.5501
v  -0.5820 5.2222 6.5842
v  -0.7247 5.1876 6.6503
v  -0.8453 5.1381 6.7447
v  -0.9368 5.0765 6.8619
v  -0.9941 5.0064 6.9950
v  -0.9951 4.6227 7.1537
v  -1.0143 4.6973 7.0124
v  -0.9382 4.5523 7.2868
v  -0.8469 4.4902 7.4040
v  -0.7266 4.4400 7.4983
v  -0.5842 4.4048 7.5645
v  -0.4279 4.3864 7.5986
v  -0.2670 4.3860 7.5986
v  -0.1107 4.4035 7.5645
v  0.0319 4.4381 7.4983
v  0.1525 4.4876 7.4040
v  0.2441 4.5492 7.2868
v  0.3014 4.6193 7.1537
v  0.3210 4.6938 7.0124
v  0.3018 4.7685 6.8711
v  0.2449 4.8389 6.7381
v  0.1536 4.9010 6.6209
v  0.0333 4.9511 6.5265
v  -0.1092 4.9864 6.4604
v  -0.2654 5.0048 6.4263
v  -0.4263 5.0052 6.4263
v  -0.5827 4.9876 6.4604
v  -0.7253 4.9531 6.5265
v  -0.8459 4.9035 6.6209
v  -0.9374 4.8419 6.7381
v  -0.9947 4.7718 6.8711
v  -0.6491 4.6616 7.0783
v  -0.6580 4.6964 7.0124
v  -0.6226 4.6287 7.1404
v  -0.5800 4.5998 7.1950
v  -0.5239 4.5764 7.2391
v  -0.4574 4.5599 7.2699
v  -0.3846 4.5514 7.2858
v  -0.3095 4.5512 7.2858
v  -0.2366 4.5594 7.2699
v  -0.1701 4.5755 7.2391
v  -0.1138 4.5986 7.1950
v  -0.0711 4.6273 7.1404
v  -0.0444 4.6600 7.0783
v  -0.0353 4.6948 7.0124
v  -0.0442 4.7296 6.9465
v  -0.0708 4.7624 6.8845
v  -0.1133 4.7914 6.8298
v  -0.1695 4.8147 6.7858
v  -0.2359 4.8312 6.7550
v  -0.3088 4.8398 6.7391
v  -0.3838 4.8400 6.7391
v  -0.4567 4.8318 6.7550
v  -0.5232 4.8157 6.7858
v  -0.5795 4.7926 6.8298
v  -0.6222 4.7638 6.8845
v  -0.6489 4.7311 6.9465
v  -0.6485 4.8961 7.2022
v  -0.6574 4.9309 7.1363
v  -0.6220 4.8633 7.2642
v  -0.5794 4.8343 7.3189
v  -0.5233 4.8110 7.3629
v  -0.4568 4.7945 7.3937
v  -0.3840 4.7859 7.4096
v  -0.3089 4.7857 7.4096
v  -0.2360 4.7939 7.3937
v  -0.1695 4.8100 7.3629
v  -0.1132 4.8331 7.3189
v  -0.0705 4.8619 7.2642
v  -0.0438 4.8946 7.2022
v  -0.0347 4.9293 7.1363
v  -0.0436 4.9641 7.0704
v  -0.0702 4.9970 7.0083
v  -0.1127 5.0259 6.9537
v  -0.1689 5.0493 6.9096
v  -0.2353 5.0658 6.8788
v  -0.3081 5.0743 6.8629
v  -0.3832 5.0745 6.8629
v  -0.4561 5.0663 6.8788
v  -0.5226 5.0502 6.9096
v  -0.5789 5.0271 6.9537
v  -0.6216 4.9984 7.0083
v  -0.6483 4.9657 7.0704
v  -0.4755 4.9156 7.1645
v  -0.4793 4.9305 7.1363
v  -0.4641 4.9015 7.1910
v  -0.4459 4.8891 7.2144
v  -0.4219 4.8791 7.2333
v  -0.3935 4.8721 7.2465
v  -0.3623 4.8684 7.2533
v  -0.3301 4.8683 7.2533
v  -0.2989 4.8718 7.2465
v  -0.2705 4.8787 7.2333
v  -0.2464 4.8886 7.2144
v  -0.2281 4.9009 7.1910
v  -0.2167 4.9149 7.1645
v  -0.2128 4.9298 7.1363
v  -0.2166 4.9447 7.1081
v  -0.2280 4.9587 7.0815
v  -0.2462 4.9711 7.0581
v  -0.2702 4.9811 7.0393
v  -0.2986 4.9882 7.0261
v  -0.3298 4.9918 7.0193
v  -0.3620 4.9919 7.0193
v  -0.3932 4.9884 7.0261
v  -0.4216 4.9815 7.0393
v  -0.4457 4.9716 7.0581
v  -0.4640 4.9593 7.0815
v  -0.4754 4.9454 7.1081
v  -0.4759 4.7592 7.0819
v  -0.4797 4.7741 7.0537
v  -0.4645 4.7452 7.1085
v  -0.4463 4.7328 7.1319
v  -0.4223 4.7228 7.1507
v  -0.3939 4.7157 7.1639
v  -0.3627 4.7120 7.1707
v  -0.3306 4.7120 7.1707
v  -0.2994 4.7155 7.1639
v  -0.2709 4.7224 7.1507
v  -0.2468 4.7322 7.1319
v  -0.2285 4.7445 7.1085
v  -0.2171 4.7585 7.0819
v  -0.2132 4.7734 7.0537
v  -0.2170 4.7883 7.0255
v  -0.2284 4.8024 6.9989
v  -0.2466 4.8148 6.9756
v  -0.2706 4.8248 6.9567
v  -0.2991 4.8318 6.9435
v  -0.3302 4.8355 6.9367
v  -0.3624 4.8356 6.9367
v  -0.3936 4.8320 6.9435
v  -0.4220 4.8252 6.9567
v  -0.4461 4.8153 6.9756
v  -0.4644 4.8030 6.9989
v  -0.4758 4.7890 7.0255
v  -0.3465 4.7738 7.0537
# 261 vertices

vn -0.8551 0.2437 -0.4576
vn -0.4121 0.8917 0.1873
vn -0.3409 0.6148 0.7112
vn -0.7080 -0.3283 0.6253
vn -0.4116 -0.4245 0.8065
vn -0.3342 0.1637 0.9282
vn -0.7430 0.6688 -0.0268
vn -0.9115 0.1939 -0.3627
vn -0.9981 0.0309 -0.0537
vn -0.4815 0.7886 0.3825
vn -0.1421 0.5587 0.8171
vn -0.2988 -0.4449 0.8443
vn 0.0595 -0.4662 0.8827
vn 0.0499 0.1301 0.9902
vn -0.8137 0.4896 0.3133
vn -0.9982 -0.0256 0.0533
vn -0.9122 -0.1895 0.3633
vn -0.4395 0.6825 0.5840
vn 0.0887 0.5515 0.8295
vn 0.1792 -0.4597 0.8698
vn 0.5161 -0.4009 0.7569
vn 0.4230 0.1831 0.8874
vn -0.6981 0.3154 0.6428
vn -0.8563 -0.2394 0.4577
vn -0.6174 -0.3660 0.6963
vn -0.2971 0.5970 0.7452
vn 0.3000 0.5956 0.7452
vn 0.6157 -0.3691 0.6962
vn 0.8551 -0.2437 0.4576
vn 0.6998 0.3117 0.6427
vn -0.4220 0.1858 0.8874
vn -0.5183 -0.3982 0.7568
vn -0.1813 -0.4588 0.8699
vn -0.0857 0.5517 0.8296
vn 0.4432 0.6801 0.5840
vn 0.9113 -0.1941 0.3632
vn 0.9981 -0.0307 0.0532
vn 0.8162 0.4855 0.3132
vn -0.0490 0.1304 0.9903
vn -0.0617 -0.4659 0.8827
vn 0.2963 -0.4464 0.8443
vn 0.1454 0.5576 0.8173
vn 0.4855 0.7861 0.3826
vn 0.9982 0.0258 -0.0537
vn 0.9125 0.1892 -0.3628
vn 0.7463 0.6651 -0.0269
vn 0.3351 0.1627 0.9280
vn 0.4093 -0.4267 0.8064
vn 0.7062 -0.3320 0.6254
vn 0.3439 0.6133 0.7111
vn 0.4168 0.8895 0.1874
vn 0.8563 0.2394 -0.4576
vn 0.6177 0.3659 -0.6961
vn 0.5059 0.8091 -0.2990
vn 0.6434 0.2737 0.7149
vn 0.7866 -0.2899 0.5452
vn 0.9542 -0.1416 0.2636
vn 0.4637 0.7056 0.5358
vn 0.2528 0.9666 0.0422
vn 0.5185 0.3980 -0.7568
vn 0.1810 0.4587 -0.8699
vn 0.1497 0.8852 -0.4405
vn 0.8046 0.4395 0.3993
vn 0.9834 -0.0867 0.1595
vn 0.9838 0.0816 -0.1595
vn 0.4786 0.8132 0.3312
vn 0.0316 0.9993 -0.0188
vn 0.0612 0.4658 -0.8828
vn -0.2965 0.4464 -0.8443
vn -0.2408 0.8751 -0.4199
vn 0.7811 0.6220 0.0548
vn 0.9550 0.1365 -0.2634
vn 0.7879 0.2859 -0.5455
vn 0.3833 0.9122 0.1449
vn -0.1959 0.9804 0.0183
vn -0.4093 0.4268 -0.8064
vn -0.7065 0.3317 -0.6252
vn -0.5755 0.7814 -0.2412
vn 0.5792 0.7787 -0.2412
vn 0.7079 0.3282 -0.6255
vn 0.4115 0.4246 -0.8064
vn 0.2013 0.9794 0.0181
vn -0.3787 0.9141 0.1447
vn -0.7864 0.2900 -0.5454
vn -0.9542 0.1415 -0.2635
vn -0.7778 0.6261 0.0547
vn 0.2455 0.8737 -0.4200
vn 0.2987 0.4449 -0.8443
vn -0.0589 0.4661 -0.8828
vn -0.0266 0.9995 -0.0188
vn -0.4741 0.8156 0.3318
vn -0.9834 0.0865 -0.1593
vn -0.9838 -0.0817 0.1596
vn -0.8019 0.4445 0.3992
vn -0.1446 0.8861 -0.4404
vn -0.1786 0.4598 -0.8699
vn -0.5163 0.4008 -0.7568
vn -0.2482 0.9678 0.0423
vn -0.4608 0.7077 0.5355
vn -0.9551 -0.1364 0.2630
vn -0.7881 -0.2858 0.5452
vn -0.6420 0.2773 0.7148
vn -0.5018 0.8116 -0.2992
vn -0.6161 0.3690 -0.6959
vn 0.6599 0.7242 0.1999
vn 0.6793 0.6486 0.3433
vn 0.6023 0.7956 0.0647
vn 0.5095 0.8588 -0.0542
vn 0.3872 0.9097 -0.1499
vn 0.2429 0.9454 -0.2173
vn 0.0843 0.9641 -0.2520
vn -0.0793 0.9645 -0.2517
vn -0.2380 0.9467 -0.2172
vn -0.3826 0.9117 -0.1496
vn -0.5048 0.8615 -0.0540
vn -0.5979 0.7989 0.0648
vn -0.6559 0.7278 0.1999
vn -0.6762 0.6520 0.3430
vn -0.6569 0.5760 0.4866
vn -0.5992 0.5044 0.6217
vn -0.5064 0.4417 0.7406
vn -0.3835 0.3913 0.8365
vn -0.2395 0.3546 0.9038
vn -0.0811 0.3359 0.9384
vn 0.0827 0.3356 0.9384
vn 0.2413 0.3539 0.9036
vn 0.3858 0.3885 0.8368
vn 0.5085 0.4395 0.7404
vn 0.6015 0.5018 0.6216
vn 0.6595 0.5728 0.4867
vn 0.7128 0.6822 0.1628
vn 0.7339 0.6004 0.3178
vn 0.6504 0.7594 0.0169
vn 0.5505 0.8274 -0.1115
vn 0.4181 0.8826 -0.2148
vn 0.2620 0.9212 -0.2878
vn 0.0907 0.9413 -0.3251
vn -0.0858 0.9418 -0.3251
vn -0.2573 0.9226 -0.2876
vn -0.4138 0.8847 -0.2148
vn -0.5460 0.8303 -0.1118
vn -0.6464 0.7628 0.0168
vn -0.7092 0.6859 0.1627
vn -0.7307 0.6042 0.3180
vn -0.7097 0.5221 0.4730
vn -0.6473 0.4449 0.6189
vn -0.5473 0.3769 0.7472
vn -0.4151 0.3219 0.8509
vn -0.2588 0.2832 0.9235
vn -0.0877 0.2630 0.9608
vn 0.0890 0.2626 0.9608
vn 0.2604 0.2820 0.9234
vn 0.4168 0.3196 0.8510
vn 0.5492 0.3743 0.7472
vn 0.6495 0.4418 0.6188
vn 0.7123 0.5185 0.4731
vn -0.6567 0.5763 0.4863
vn -0.6763 0.6520 0.3427
vn -0.5985 0.5050 0.6219
vn -0.5066 0.4415 0.7405
vn -0.3839 0.3909 0.8365
vn -0.2390 0.3552 0.9037
vn -0.0812 0.3362 0.9383
vn 0.0827 0.3360 0.9382
vn 0.2412 0.3536 0.9038
vn 0.3860 0.3889 0.8366
vn 0.5086 0.4391 0.7406
vn 0.6015 0.5017 0.6217
vn 0.6595 0.5730 0.4865
vn 0.6797 0.6482 0.3433
vn 0.6596 0.7246 0.1999
vn 0.6025 0.7955 0.0646
vn 0.5092 0.8590 -0.0540
vn 0.3870 0.9098 -0.1502
vn 0.2432 0.9453 -0.2173
vn 0.0843 0.9641 -0.2518
vn -0.0792 0.9645 -0.2518
vn -0.2378 0.9467 -0.2174
vn -0.3825 0.9117 -0.1502
vn -0.5052 0.8613 -0.0538
vn -0.5984 0.7986 0.0650
vn -0.6560 0.7278 0.2000
vn -0.7099 0.5222 0.4725
vn -0.7308 0.6040 0.3179
vn -0.6473 0.4450 0.6189
vn -0.5475 0.3768 0.7472
vn -0.4147 0.3222 0.8510
vn -0.2586 0.2832 0.9235
vn -0.0877 0.2628 0.9609
vn 0.0891 0.2625 0.9608
vn 0.2603 0.2818 0.9235
vn 0.4165 0.3195 0.8511
vn 0.5492 0.3738 0.7475
vn 0.6494 0.4419 0.6189
vn 0.7123 0.5188 0.4728
vn 0.7338 0.6004 0.3178
vn 0.7131 0.6819 0.1629
vn 0.6502 0.7596 0.0171
vn 0.5502 0.8276 -0.1116
vn 0.4185 0.8823 -0.2152
vn 0.2619 0.9213 -0.2874
vn 0.0904 0.9413 -0.3252
vn -0.0858 0.9418 -0.3250
vn -0.2572 0.9226 -0.2876
vn -0.4136 0.8846 -0.2154
vn -0.5459 0.8304 -0.1114
vn -0.6464 0.7628 0.0169
vn -0.7093 0.6858 0.1631
vn 0.6595 0.7244 0.2006
vn 0.6796 0.6481 0.3436
vn 0.6030 0.7951 0.0647
vn 0.5100 0.8585 -0.0542
vn 0.3869 0.9099 -0.1498
vn 0.2426 0.9456 -0.2168
vn 0.0848 0.9641 -0.2516
vn -0.0789 0.9646 -0.2515
vn -0.2380 0.9468 -0.2166
vn -0.3829 0.9116 -0.1495
vn -0.5052 0.8613 -0.0544
vn -0.5984 0.7985 0.0648
vn -0.6563 0.7273 0.2005
vn -0.6761 0.6519 0.3433
vn -0.6563 0.5768 0.4864
vn -0.5998 0.5044 0.6212
vn -0.5061 0.4418 0.7407
vn -0.3839 0.3903 0.8368
vn -0.2392 0.3557 0.9035
vn -0.0813 0.3357 0.9385
vn 0.0827 0.3358 0.9383
vn 0.2416 0.3540 0.9035
vn 0.3858 0.3884 0.8369
vn 0.5081 0.4387 0.7412
vn 0.6021 0.5019 0.6209
vn 0.6595 0.5739 0.4856
vn 0.7125 0.6826 0.1624
vn 0.7336 0.6004 0.3185
vn 0.6501 0.7597 0.0163
vn 0.5506 0.8273 -0.1115
vn 0.4189 0.8823 -0.2146
vn 0.2632 0.9211 -0.2870
vn 0.0899 0.9416 -0.3245
vn -0.0869 0.9418 -0.3249
vn -0.2570 0.9227 -0.2874
vn -0.4126 0.8850 -0.2158
vn -0.5450 0.8308 -0.1125
vn -0.6466 0.7626 0.0170
vn -0.7091 0.6858 0.1637
vn -0.7306 0.6043 0.3180
vn -0.6467 0.4446 0.6198
vn -0.5474 0.3767 0.7473
vn -0.4160 0.3216 0.8506
vn -0.2585 0.2839 0.9233
vn -0.0877 0.2627 0.9609
vn 0.0887 0.2618 0.9610
vn 0.2605 0.2831 0.9230
vn 0.4179 0.3195 0.8505
vn 0.5488 0.3739 0.7477
vn 0.6494 0.4413 0.6193
vn 0.7125 0.5188 0.4725
vn 0.0024 0.8843 0.4668
# 260 vertex normals

vt 0.7927 0.9211 0.0000
vt 0.7774 0.9211 0.0000
vt 0.7774 0.9174 0.0000
vt 0.7927 0.9174 0.0000
vt 0.7927 0.9265 0.0000
vt 0.7774 0.9265 0.0000
vt 0.7774 0.9229 0.0000
vt 0.7927 0.9229 0.0000
vt 0.7927 0.9320 0.0000
vt 0.7774 0.9320 0.0000
vt 0.7774 0.9283 0.0000
vt 0.7927 0.9283 0.0000
vt 0.7927 0.9374 0.0000
vt 0.7774 0.9374 0.0000
vt 0.7774 0.9337 0.0000
vt 0.7927 0.9337 0.0000
vt 0.7927 0.9428 0.0000
vt 0.7774 0.9428 0.0000
vt 0.7774 0.9392 0.0000
vt 0.7927 0.9392 0.0000
vt 0.7927 0.9483 0.0000
vt 0.7774 0.9483 0.0000
vt 0.7774 0.9446 0.0000
vt 0.7927 0.9446 0.0000
vt 0.6722 0.6070 0.0000
vt 0.6874 0.6070 0.0000
vt 0.6875 0.6107 0.0000
vt 0.6722 0.6107 0.0000
vt 0.6722 0.6016 0.0000
vt 0.6874 0.6016 0.0000
vt 0.6874 0.6052 0.0000
vt 0.6722 0.6053 0.0000
vt 0.6722 0.5962 0.0000
vt 0.6874 0.5961 0.0000
vt 0.6874 0.5998 0.0000
vt 0.6722 0.5998 0.0000
vt 0.6722 0.5907 0.0000
vt 0.6874 0.5907 0.0000
vt 0.6874 0.5944 0.0000
vt 0.6722 0.5944 0.0000
vt 0.6722 0.5853 0.0000
vt 0.6874 0.5853 0.0000
vt 0.6874 0.5889 0.0000
vt 0.6722 0.5890 0.0000
vt 0.6722 0.5799 0.0000
vt 0.6874 0.5799 0.0000
vt 0.6874 0.5835 0.0000
vt 0.6722 0.5835 0.0000
vt 0.6722 0.5744 0.0000
vt 0.6874 0.5744 0.0000
vt 0.6874 0.5781 0.0000
vt 0.6722 0.5781 0.0000
vt 0.6722 0.5690 0.0000
vt 0.6874 0.5690 0.0000
vt 0.6874 0.5727 0.0000
vt 0.6722 0.5727 0.0000
vt 0.6722 0.5636 0.0000
vt 0.6874 0.5636 0.0000
vt 0.6874 0.5672 0.0000
vt 0.6722 0.5672 0.0000
vt 0.6722 0.5581 0.0000
vt 0.6874 0.5581 0.0000
vt 0.6874 0.5618 0.0000
vt 0.6722 0.5618 0.0000
vt 0.6722 0.5527 0.0000
vt 0.6874 0.5527 0.0000
vt 0.6874 0.5564 0.0000
vt 0.6722 0.5564 0.0000
vt 0.6722 0.5473 0.0000
vt 0.6874 0.5473 0.0000
vt 0.6874 0.5509 0.0000
vt 0.6722 0.5509 0.0000
vt 0.6721 0.5418 0.0000
vt 0.6874 0.5418 0.0000
vt 0.6874 0.5455 0.0000
vt 0.6721 0.5455 0.0000
vt 0.7927 0.8831 0.0000
vt 0.7774 0.8831 0.0000
vt 0.7774 0.8794 0.0000
vt 0.7927 0.8794 0.0000
vt 0.7927 0.8885 0.0000
vt 0.7774 0.8885 0.0000
vt 0.7774 0.8848 0.0000
vt 0.7927 0.8848 0.0000
vt 0.7927 0.8939 0.0000
vt 0.7774 0.8939 0.0000
vt 0.7774 0.8903 0.0000
vt 0.7927 0.8903 0.0000
vt 0.7927 0.8994 0.0000
vt 0.7774 0.8994 0.0000
vt 0.7774 0.8957 0.0000
vt 0.7927 0.8957 0.0000
vt 0.7927 0.9048 0.0000
vt 0.7774 0.9048 0.0000
vt 0.7774 0.9011 0.0000
vt 0.7927 0.9011 0.0000
vt 0.7927 0.9102 0.0000
vt 0.7774 0.9102 0.0000
vt 0.7774 0.9066 0.0000
vt 0.7927 0.9066 0.0000
vt 0.7927 0.9157 0.0000
vt 0.7774 0.9157 0.0000
vt 0.7774 0.9120 0.0000
vt 0.7927 0.9120 0.0000
vt 0.7840 0.5272 0.0000
vt 0.7823 0.5268 0.0000
vt 0.7827 0.5236 0.0000
vt 0.7845 0.5236 0.0000
vt 0.7827 0.5307 0.0000
vt 0.7812 0.5298 0.0000
vt 0.7807 0.5337 0.0000
vt 0.7793 0.5325 0.0000
vt 0.7779 0.5361 0.0000
vt 0.7769 0.5346 0.0000
vt 0.7747 0.5378 0.0000
vt 0.7740 0.5361 0.0000
vt 0.7711 0.5387 0.0000
vt 0.7709 0.5369 0.0000
vt 0.7674 0.5387 0.0000
vt 0.7677 0.5369 0.0000
vt 0.7639 0.5378 0.0000
vt 0.7645 0.5361 0.0000
vt 0.7606 0.5361 0.0000
vt 0.7617 0.5346 0.0000
vt 0.7579 0.5337 0.0000
vt 0.7592 0.5325 0.0000
vt 0.7558 0.5306 0.0000
vt 0.7574 0.5298 0.0000
vt 0.7545 0.5272 0.0000
vt 0.7563 0.5268 0.0000
vt 0.7541 0.5236 0.0000
vt 0.7559 0.5236 0.0000
vt 0.7545 0.5199 0.0000
vt 0.7563 0.5204 0.0000
vt 0.7558 0.5165 0.0000
vt 0.7574 0.5174 0.0000
vt 0.7579 0.5135 0.0000
vt 0.7593 0.5147 0.0000
vt 0.7607 0.5111 0.0000
vt 0.7617 0.5126 0.0000
vt 0.7639 0.5094 0.0000
vt 0.7645 0.5111 0.0000
vt 0.7675 0.5085 0.0000
vt 0.7677 0.5103 0.0000
vt 0.7711 0.5085 0.0000
vt 0.7709 0.5103 0.0000
vt 0.7747 0.5094 0.0000
vt 0.7741 0.5111 0.0000
vt 0.7779 0.5111 0.0000
vt 0.7769 0.5126 0.0000
vt 0.7807 0.5135 0.0000
vt 0.7793 0.5147 0.0000
vt 0.7828 0.5165 0.0000
vt 0.7812 0.5174 0.0000
vt 0.7840 0.5200 0.0000
vt 0.7823 0.5204 0.0000
vt 0.0259 0.9386 0.0000
vt 0.0206 0.9386 0.0000
vt 0.0206 0.9354 0.0000
vt 0.0259 0.9354 0.0000
vt 0.0259 0.9418 0.0000
vt 0.0206 0.9418 0.0000
vt 0.0259 0.9451 0.0000
vt 0.0206 0.9451 0.0000
vt 0.0259 0.9483 0.0000
vt 0.0206 0.9483 0.0000
vt 0.0259 0.9515 0.0000
vt 0.0206 0.9515 0.0000
vt 0.0259 0.9548 0.0000
vt 0.0206 0.9548 0.0000
vt 0.7022 0.4854 0.0000
vt 0.7075 0.4854 0.0000
vt 0.7075 0.4886 0.0000
vt 0.7022 0.4886 0.0000
vt 0.7022 0.4821 0.0000
vt 0.7075 0.4821 0.0000
vt 0.7022 0.4789 0.0000
vt 0.7075 0.4789 0.0000
vt 0.7022 0.4757 0.0000
vt 0.7075 0.4757 0.0000
vt 0.7022 0.4725 0.0000
vt 0.7075 0.4725 0.0000
vt 0.7022 0.4692 0.0000
vt 0.7075 0.4692 0.0000
vt 0.7022 0.4660 0.0000
vt 0.7075 0.4660 0.0000
vt 0.7022 0.4628 0.0000
vt 0.7075 0.4628 0.0000
vt 0.7022 0.4595 0.0000
vt 0.7075 0.4595 0.0000
vt 0.7022 0.4563 0.0000
vt 0.7075 0.4563 0.0000
vt 0.7022 0.4531 0.0000
vt 0.7075 0.4531 0.0000
vt 0.7022 0.4498 0.0000
vt 0.7075 0.4498 0.0000
vt 0.7022 0.4466 0.0000
vt 0.7075 0.4466 0.0000
vt 0.0259 0.9160 0.0000
vt 0.0205 0.9160 0.0000
vt 0.0205 0.9127 0.0000
vt 0.0259 0.9127 0.0000
vt 0.0259 0.9192 0.0000
vt 0.0205 0.9192 0.0000
vt 0.0259 0.9224 0.0000
vt 0.0206 0.9224 0.0000
vt 0.0259 0.9257 0.0000
vt 0.0205 0.9257 0.0000
vt 0.0259 0.9289 0.0000
vt 0.0206 0.9289 0.0000
vt 0.0259 0.9321 0.0000
vt 0.0206 0.9321 0.0000
vt 0.3277 0.9894 0.0000
vt 0.3207 0.9877 0.0000
vt 0.3209 0.9862 0.0000
vt 0.3281 0.9862 0.0000
vt 0.3265 0.9924 0.0000
vt 0.3202 0.9891 0.0000
vt 0.3247 0.9951 0.0000
vt 0.3193 0.9903 0.0000
vt 0.3223 0.9972 0.0000
vt 0.3182 0.9913 0.0000
vt 0.3194 0.9987 0.0000
vt 0.3169 0.9920 0.0000
vt 0.3163 0.9995 0.0000
vt 0.3154 0.9924 0.0000
vt 0.3130 0.9995 0.0000
vt 0.3139 0.9924 0.0000
vt 0.3099 0.9987 0.0000
vt 0.3124 0.9920 0.0000
vt 0.3070 0.9972 0.0000
vt 0.3111 0.9913 0.0000
vt 0.3046 0.9951 0.0000
vt 0.3100 0.9903 0.0000
vt 0.3028 0.9924 0.0000
vt 0.3091 0.9891 0.0000
vt 0.3016 0.9894 0.0000
vt 0.3086 0.9877 0.0000
vt 0.3012 0.9862 0.0000
vt 0.3084 0.9862 0.0000
vt 0.3016 0.9830 0.0000
vt 0.3086 0.9847 0.0000
vt 0.3028 0.9800 0.0000
vt 0.3091 0.9833 0.0000
vt 0.3046 0.9773 0.0000
vt 0.3100 0.9820 0.0000
vt 0.3070 0.9752 0.0000
vt 0.3111 0.9810 0.0000
vt 0.3099 0.9737 0.0000
vt 0.3124 0.9803 0.0000
vt 0.3130 0.9729 0.0000
vt 0.3139 0.9800 0.0000
vt 0.3163 0.9729 0.0000
vt 0.3154 0.9800 0.0000
vt 0.3194 0.9737 0.0000
vt 0.3169 0.9803 0.0000
vt 0.3223 0.9752 0.0000
vt 0.3182 0.9810 0.0000
vt 0.3247 0.9773 0.0000
vt 0.3193 0.9820 0.0000
vt 0.3265 0.9800 0.0000
vt 0.3202 0.9833 0.0000
vt 0.3277 0.9830 0.0000
vt 0.3207 0.9847 0.0000
vt 0.6725 0.7043 0.0000
vt 0.6671 0.7043 0.0000
vt 0.6671 0.7027 0.0000
vt 0.6725 0.7027 0.0000
vt 0.6725 0.7058 0.0000
vt 0.6671 0.7058 0.0000
vt 0.6725 0.7073 0.0000
vt 0.6671 0.7073 0.0000
vt 0.6725 0.7088 0.0000
vt 0.6671 0.7088 0.0000
vt 0.6725 0.7103 0.0000
vt 0.6671 0.7103 0.0000
vt 0.6725 0.7118 0.0000
vt 0.6671 0.7118 0.0000
vt 0.6725 0.7133 0.0000
vt 0.6671 0.7133 0.0000
vt 0.6725 0.7148 0.0000
vt 0.6671 0.7148 0.0000
vt 0.6725 0.7163 0.0000
vt 0.6671 0.7163 0.0000
vt 0.6725 0.7178 0.0000
vt 0.6671 0.7178 0.0000
vt 0.6725 0.7193 0.0000
vt 0.6671 0.7193 0.0000
vt 0.6725 0.7208 0.0000
vt 0.6671 0.7208 0.0000
vt 0.6725 0.7223 0.0000
vt 0.6671 0.7223 0.0000
vt 0.6725 0.7239 0.0000
vt 0.6671 0.7238 0.0000
vt 0.6725 0.7254 0.0000
vt 0.6671 0.7254 0.0000
vt 0.6725 0.7269 0.0000
vt 0.6671 0.7269 0.0000
vt 0.6725 0.7284 0.0000
vt 0.6671 0.7284 0.0000
vt 0.6725 0.7299 0.0000
vt 0.6671 0.7299 0.0000
vt 0.6725 0.7314 0.0000
vt 0.6671 0.7314 0.0000
vt 0.6725 0.6937 0.0000
vt 0.6671 0.6937 0.0000
vt 0.6671 0.6922 0.0000
vt 0.6725 0.6922 0.0000
vt 0.6725 0.6952 0.0000
vt 0.6671 0.6952 0.0000
vt 0.6725 0.6967 0.0000
vt 0.6671 0.6967 0.0000
vt 0.6725 0.6982 0.0000
vt 0.6671 0.6982 0.0000
vt 0.6725 0.6997 0.0000
vt 0.6671 0.6997 0.0000
vt 0.6725 0.7012 0.0000
vt 0.6671 0.7012 0.0000
vt 0.5792 0.9756 0.0000
vt 0.5757 0.9747 0.0000
vt 0.5758 0.9741 0.0000
vt 0.5794 0.9741 0.0000
vt 0.5787 0.9770 0.0000
vt 0.5755 0.9753 0.0000
vt 0.5778 0.9782 0.0000
vt 0.5751 0.9758 0.0000
vt 0.5767 0.9792 0.0000
vt 0.5747 0.9763 0.0000
vt 0.5754 0.9799 0.0000
vt 0.5741 0.9766 0.0000
vt 0.5739 0.9803 0.0000
vt 0.5735 0.9767 0.0000
vt 0.5724 0.9803 0.0000
vt 0.5728 0.9767 0.0000
vt 0.5709 0.9799 0.0000
vt 0.5722 0.9766 0.0000
vt 0.5696 0.9792 0.0000
vt 0.5716 0.9763 0.0000
vt 0.5685 0.9782 0.0000
vt 0.5711 0.9758 0.0000
vt 0.5676 0.9770 0.0000
vt 0.5708 0.9753 0.0000
vt 0.5671 0.9756 0.0000
vt 0.5705 0.9747 0.0000
vt 0.5669 0.9741 0.0000
vt 0.5705 0.9741 0.0000
vt 0.5671 0.9726 0.0000
vt 0.5705 0.9734 0.0000
vt 0.5676 0.9712 0.0000
vt 0.5708 0.9728 0.0000
vt 0.5685 0.9699 0.0000
vt 0.5711 0.9723 0.0000
vt 0.5696 0.9689 0.0000
vt 0.5716 0.9719 0.0000
vt 0.5709 0.9682 0.0000
vt 0.5722 0.9716 0.0000
vt 0.5724 0.9679 0.0000
vt 0.5728 0.9714 0.0000
vt 0.5739 0.9679 0.0000
vt 0.5735 0.9714 0.0000
vt 0.5754 0.9682 0.0000
vt 0.5741 0.9716 0.0000
vt 0.5767 0.9689 0.0000
vt 0.5747 0.9719 0.0000
vt 0.5778 0.9699 0.0000
vt 0.5751 0.9723 0.0000
vt 0.5787 0.9712 0.0000
vt 0.5755 0.9728 0.0000
vt 0.5792 0.9726 0.0000
vt 0.5757 0.9734 0.0000
vt 0.5184 0.9714 0.0000
vt 0.5184 0.9679 0.0000
vt 0.5190 0.9679 0.0000
vt 0.5190 0.9714 0.0000
vt 0.5177 0.9714 0.0000
vt 0.5177 0.9679 0.0000
vt 0.5171 0.9714 0.0000
vt 0.5171 0.9679 0.0000
vt 0.5164 0.9714 0.0000
vt 0.5164 0.9679 0.0000
vt 0.5158 0.9714 0.0000
vt 0.5158 0.9679 0.0000
vt 0.5151 0.9714 0.0000
vt 0.5151 0.9679 0.0000
vt 0.5145 0.9714 0.0000
vt 0.5145 0.9679 0.0000
vt 0.5138 0.9714 0.0000
vt 0.5138 0.9679 0.0000
vt 0.5132 0.9714 0.0000
vt 0.5132 0.9679 0.0000
vt 0.5126 0.9714 0.0000
vt 0.5125 0.9679 0.0000
vt 0.5119 0.9714 0.0000
vt 0.5119 0.9679 0.0000
vt 0.5113 0.9714 0.0000
vt 0.5113 0.9679 0.0000
vt 0.5106 0.9714 0.0000
vt 0.5106 0.9679 0.0000
vt 0.5100 0.9714 0.0000
vt 0.5100 0.9679 0.0000
vt 0.5093 0.9714 0.0000
vt 0.5093 0.9679 0.0000
vt 0.5087 0.9714 0.0000
vt 0.5087 0.9679 0.0000
vt 0.5080 0.9714 0.0000
vt 0.5080 0.9679 0.0000
vt 0.5074 0.9714 0.0000
vt 0.5074 0.9679 0.0000
vt 0.5067 0.9714 0.0000
vt 0.5067 0.9679 0.0000
vt 0.5229 0.9714 0.0000
vt 0.5229 0.9679 0.0000
vt 0.5235 0.9679 0.0000
vt 0.5235 0.9714 0.0000
vt 0.5222 0.9714 0.0000
vt 0.5222 0.9679 0.0000
vt 0.5216 0.9714 0.0000
vt 0.5216 0.9679 0.0000
vt 0.5209 0.9714 0.0000
vt 0.5209 0.9679 0.0000
vt 0.5203 0.9714 0.0000
vt 0.5203 0.9679 0.0000
vt 0.5196 0.9714 0.0000
vt 0.5196 0.9679 0.0000
vt 0.7857 0.5279 0.0000
vt 0.7844 0.5313 0.0000
vt 0.7818 0.5350 0.0000
vt 0.7791 0.5374 0.0000
vt 0.7774 0.9500 0.0000
vt 0.7927 0.9500 0.0000
vt 0.7751 0.5395 0.0000
vt 0.7715 0.5404 0.0000
vt 0.7670 0.5404 0.0000
vt 0.7635 0.5395 0.0000
vt 0.7595 0.5374 0.0000
vt 0.7567 0.5350 0.0000
vt 0.7542 0.5313 0.0000
vt 0.7529 0.5278 0.0000
vt 0.7523 0.5234 0.0000
vt 0.7528 0.5197 0.0000
vt 0.7544 0.5155 0.0000
vt 0.7565 0.5125 0.0000
vt 0.7598 0.5095 0.0000
vt 0.7631 0.5078 0.0000
vt 0.7927 0.8777 0.0000
vt 0.7774 0.8776 0.0000
vt 0.7675 0.5067 0.0000
vt 0.7711 0.5067 0.0000
vt 0.7755 0.5078 0.0000
vt 0.7788 0.5095 0.0000
vt 0.7821 0.5125 0.0000
vt 0.7842 0.5155 0.0000
vt 0.7858 0.5198 0.0000
vt 0.7862 0.5234 0.0000
vt 0.5271 0.9304 0.0000
vt 0.5271 0.9311 0.0000
vt 0.5245 0.9304 0.0000
vt 0.5268 0.9317 0.0000
vt 0.5265 0.9322 0.0000
vt 0.5260 0.9326 0.0000
vt 0.5254 0.9329 0.0000
vt 0.5248 0.9331 0.0000
vt 0.5241 0.9331 0.0000
vt 0.5235 0.9329 0.0000
vt 0.5229 0.9326 0.0000
vt 0.5224 0.9322 0.0000
vt 0.5221 0.9317 0.0000
vt 0.5219 0.9311 0.0000
vt 0.5218 0.9304 0.0000
vt 0.5219 0.9298 0.0000
vt 0.5221 0.9292 0.0000
vt 0.5224 0.9287 0.0000
vt 0.5229 0.9282 0.0000
vt 0.5235 0.9279 0.0000
vt 0.5241 0.9278 0.0000
vt 0.5248 0.9278 0.0000
vt 0.5254 0.9279 0.0000
vt 0.5260 0.9282 0.0000
vt 0.5265 0.9287 0.0000
vt 0.5268 0.9292 0.0000
vt 0.5270 0.9298 0.0000
# 481 texture coords

g chainsaw_gasValve_LP
s 1
f 3718/2064/3488 3719/2065/3489 3720/2066/3490 3721/2067/3491 
f 3722/2068/3492 3723/2069/3493 3724/2070/3494 3725/2071/3495 
f 3726/2072/3496 3727/2073/3497 3728/2074/3498 3729/2075/3499 
f 3730/2076/3500 3731/2077/3501 3732/2078/3502 3733/2079/3503 
f 3734/2080/3504 3735/2081/3505 3736/2082/3506 3737/2083/3507 
f 3738/2084/3508 3739/2085/3509 3740/2086/3510 3741/2087/3511 
f 3742/2088/3512 3743/2089/3513 3744/2090/3514 3745/2091/3515 
f 3746/2092/3516 3747/2093/3517 3748/2094/3518 3749/2095/3519 
f 3750/2096/3520 3751/2097/3521 3752/2098/3522 3753/2099/3523 
f 3754/2100/3524 3755/2101/3525 3756/2102/3526 3757/2103/3527 
f 3758/2104/3528 3759/2105/3529 3760/2106/3530 3761/2107/3531 
f 3762/2108/3532 3763/2109/3533 3764/2110/3534 3765/2111/3535 
f 3766/2112/3536 3767/2113/3537 3768/2114/3538 3769/2115/3539 
f 3770/2116/3540 3771/2117/3541 3772/2118/3542 3773/2119/3543 
f 3774/2120/3544 3775/2121/3545 3776/2122/3546 3777/2123/3547 
f 3778/2124/3548 3779/2125/3549 3780/2126/3550 3781/2127/3551 
f 3782/2128/3552 3783/2129/3553 3784/2130/3554 3785/2131/3555 
f 3786/2132/3556 3787/2133/3557 3788/2134/3558 3789/2135/3559 
f 3790/2136/3560 3791/2137/3561 3792/2138/3562 3793/2139/3563 
f 3794/2140/3564 3795/2141/3565 3796/2142/3566 3797/2143/3567 
f 3798/2144/3568 3799/2145/3569 3800/2146/3570 3801/2147/3571 
f 3802/2148/3572 3803/2149/3573 3804/2150/3574 3805/2151/3575 
f 3806/2152/3576 3807/2153/3577 3808/2154/3578 3809/2155/3579 
f 3810/2156/3580 3811/2157/3581 3812/2158/3582 3813/2159/3583 
f 3814/2160/3584 3815/2161/3585 3816/2162/3586 3817/2163/3587 
f 3818/2164/3588 3819/2165/3589 3820/2166/3590 3821/2167/3591 
f 3719/2168/3489 3822/2169/3592 3823/2170/3593 3720/2171/3490 
f 3728/2172/3498 3824/2173/3594 3822/2169/3592 3719/2168/3489 
f 3727/2174/3497 3825/2175/3595 3824/2173/3594 3728/2172/3498 
f 3736/2176/3506 3826/2177/3596 3825/2175/3595 3727/2174/3497 
f 3735/2178/3505 3827/2179/3597 3826/2177/3596 3736/2176/3506 
f 3744/2180/3514 3828/2181/3598 3827/2179/3597 3735/2178/3505 
f 3743/2182/3513 3829/2183/3599 3828/2181/3598 3744/2180/3514 
f 3752/2184/3522 3830/2185/3600 3829/2183/3599 3743/2182/3513 
f 3751/2186/3521 3831/2187/3601 3830/2185/3600 3752/2184/3522 
f 3760/2188/3530 3832/2189/3602 3831/2187/3601 3751/2186/3521 
f 3759/2190/3529 3833/2191/3603 3832/2189/3602 3760/2188/3530 
f 3768/2192/3538 3834/2193/3604 3833/2191/3603 3759/2190/3529 
f 3767/2194/3537 3835/2195/3605 3834/2193/3604 3768/2192/3538 
f 3776/2196/3546 3836/2197/3606 3835/2195/3605 3767/2194/3537 
f 3775/2198/3545 3837/2199/3607 3836/2197/3606 3776/2196/3546 
f 3784/2200/3554 3838/2201/3608 3837/2199/3607 3775/2198/3545 
f 3783/2202/3553 3839/2203/3609 3838/2201/3608 3784/2200/3554 
f 3792/2204/3562 3840/2205/3610 3839/2203/3609 3783/2202/3553 
f 3791/2206/3561 3841/2207/3611 3840/2205/3610 3792/2204/3562 
f 3800/2208/3570 3842/2209/3612 3841/2207/3611 3791/2206/3561 
f 3799/2210/3569 3843/2211/3613 3842/2209/3612 3800/2208/3570 
f 3808/2212/3578 3844/2213/3614 3843/2211/3613 3799/2210/3569 
f 3807/2214/3577 3845/2215/3615 3844/2213/3614 3808/2212/3578 
f 3816/2216/3586 3846/2217/3616 3845/2215/3615 3807/2214/3577 
f 3815/2218/3585 3847/2219/3617 3846/2217/3616 3816/2216/3586 
f 3720/2171/3490 3823/2170/3593 3847/2219/3617 3815/2218/3585 
f 3822/2220/3592 3848/2221/3618 3849/2222/3619 3823/2223/3593 
f 3824/2224/3594 3850/2225/3620 3848/2221/3618 3822/2220/3592 
f 3825/2226/3595 3851/2227/3621 3850/2225/3620 3824/2224/3594 
f 3826/2228/3596 3852/2229/3622 3851/2227/3621 3825/2226/3595 
f 3827/2230/3597 3853/2231/3623 3852/2229/3622 3826/2228/3596 
f 3828/2232/3598 3854/2233/3624 3853/2231/3623 3827/2230/3597 
f 3829/2234/3599 3855/2235/3625 3854/2236/3624 3828/2237/3598 
f 3830/2238/3600 3856/2239/3626 3855/2235/3625 3829/2234/3599 
f 3831/2240/3601 3857/2241/3627 3856/2239/3626 3830/2238/3600 
f 3832/2242/3602 3858/2243/3628 3857/2241/3627 3831/2240/3601 
f 3833/2244/3603 3859/2245/3629 3858/2243/3628 3832/2242/3602 
f 3834/2246/3604 3860/2247/3630 3859/2245/3629 3833/2244/3603 
f 3835/2248/3605 3861/2249/3631 3860/2247/3630 3834/2246/3604 
f 3836/2250/3606 3862/2251/3632 3861/2249/3631 3835/2248/3605 
f 3837/2252/3607 3863/2253/3633 3862/2251/3632 3836/2250/3606 
f 3838/2254/3608 3864/2255/3634 3863/2253/3633 3837/2252/3607 
f 3839/2256/3609 3865/2257/3635 3864/2255/3634 3838/2254/3608 
f 3840/2258/3610 3866/2259/3636 3865/2257/3635 3839/2256/3609 
f 3841/2260/3611 3867/2261/3637 3866/2259/3636 3840/2258/3610 
f 3842/2262/3612 3868/2263/3638 3867/2264/3637 3841/2265/3611 
f 3843/2266/3613 3869/2267/3639 3868/2263/3638 3842/2262/3612 
f 3844/2268/3614 3870/2269/3640 3869/2267/3639 3843/2266/3613 
f 3845/2270/3615 3871/2271/3641 3870/2269/3640 3844/2268/3614 
f 3846/2272/3616 3872/2273/3642 3871/2271/3641 3845/2270/3615 
f 3847/2274/3617 3873/2275/3643 3872/2273/3642 3846/2272/3616 
f 3823/2223/3593 3849/2222/3619 3873/2275/3643 3847/2274/3617 
f 3848/2276/3618 3874/2277/3644 3875/2278/3645 3849/2279/3619 
f 3850/2280/3620 3876/2281/3646 3874/2277/3644 3848/2276/3618 
f 3851/2282/3621 3877/2283/3647 3876/2281/3646 3850/2280/3620 
f 3852/2284/3622 3878/2285/3648 3877/2283/3647 3851/2282/3621 
f 3853/2286/3623 3879/2287/3649 3878/2285/3648 3852/2284/3622 
f 3854/2288/3624 3880/2289/3650 3879/2287/3649 3853/2286/3623 
f 3855/2290/3625 3881/2291/3651 3880/2289/3650 3854/2288/3624 
f 3856/2292/3626 3882/2293/3652 3881/2291/3651 3855/2290/3625 
f 3857/2294/3627 3883/2295/3653 3882/2293/3652 3856/2292/3626 
f 3858/2296/3628 3884/2297/3654 3883/2295/3653 3857/2294/3627 
f 3859/2298/3629 3885/2299/3655 3884/2297/3654 3858/2296/3628 
f 3860/2300/3630 3886/2301/3656 3885/2299/3655 3859/2298/3629 
f 3861/2302/3631 3887/2303/3657 3886/2301/3656 3860/2300/3630 
f 3862/2304/3632 3888/2305/3658 3887/2303/3657 3861/2302/3631 
f 3863/2306/3633 3889/2307/3659 3888/2305/3658 3862/2304/3632 
f 3864/2308/3634 3890/2309/3660 3889/2307/3659 3863/2306/3633 
f 3865/2310/3635 3891/2311/3661 3890/2309/3660 3864/2308/3634 
f 3866/2312/3636 3892/2313/3662 3891/2311/3661 3865/2310/3635 
f 3867/2314/3637 3893/2315/3663 3892/2313/3662 3866/2312/3636 
f 3868/2316/3638 3894/2317/3664 3893/2315/3663 3867/2314/3637 
f 3869/2318/3639 3895/2319/3665 3894/2317/3664 3868/2316/3638 
f 3870/2320/3640 3896/2321/3666 3895/2319/3665 3869/2318/3639 
f 3871/2322/3641 3897/2323/3667 3896/2321/3666 3870/2320/3640 
f 3872/2324/3642 3898/2325/3668 3897/2323/3667 3871/2322/3641 
f 3873/2326/3643 3899/2327/3669 3898/2325/3668 3872/2324/3642 
f 3849/2279/3619 3875/2278/3645 3899/2327/3669 3873/2326/3643 
f 3874/2328/3644 3900/2329/3670 3901/2330/3671 3875/2331/3645 
f 3876/2332/3646 3902/2333/3672 3900/2329/3670 3874/2328/3644 
f 3877/2334/3647 3903/2335/3673 3902/2333/3672 3876/2332/3646 
f 3878/2336/3648 3904/2337/3674 3903/2335/3673 3877/2334/3647 
f 3879/2338/3649 3905/2339/3675 3904/2337/3674 3878/2336/3648 
f 3880/2340/3650 3906/2341/3676 3905/2339/3675 3879/2338/3649 
f 3881/2342/3651 3907/2343/3677 3906/2341/3676 3880/2340/3650 
f 3882/2344/3652 3908/2345/3678 3907/2343/3677 3881/2342/3651 
f 3883/2346/3653 3909/2347/3679 3908/2345/3678 3882/2344/3652 
f 3884/2348/3654 3910/2349/3680 3909/2347/3679 3883/2346/3653 
f 3885/2350/3655 3911/2351/3681 3910/2349/3680 3884/2348/3654 
f 3886/2352/3656 3912/2353/3682 3911/2351/3681 3885/2350/3655 
f 3887/2354/3657 3913/2355/3683 3912/2353/3682 3886/2352/3656 
f 3888/2356/3658 3914/2357/3684 3913/2355/3683 3887/2354/3657 
f 3889/2358/3659 3915/2359/3685 3914/2357/3684 3888/2356/3658 
f 3890/2360/3660 3916/2361/3686 3915/2359/3685 3889/2358/3659 
f 3891/2362/3661 3917/2363/3687 3916/2361/3686 3890/2360/3660 
f 3892/2364/3662 3918/2365/3688 3917/2363/3687 3891/2362/3661 
f 3893/2366/3663 3919/2367/3689 3918/2365/3688 3892/2364/3662 
f 3894/2368/3664 3920/2369/3690 3919/2370/3689 3893/2371/3663 
f 3895/2372/3665 3921/2373/3691 3920/2369/3690 3894/2368/3664 
f 3896/2374/3666 3922/2375/3692 3921/2373/3691 3895/2372/3665 
f 3897/2376/3667 3923/2377/3693 3922/2375/3692 3896/2374/3666 
f 3898/2378/3668 3924/2379/3694 3923/2377/3693 3897/2376/3667 
f 3899/2380/3669 3925/2381/3695 3924/2379/3694 3898/2378/3668 
f 3875/2331/3645 3901/2330/3671 3925/2381/3695 3899/2380/3669 
f 3900/2382/3670 3926/2383/3696 3927/2384/3697 3901/2385/3671 
f 3902/2386/3672 3928/2387/3698 3926/2383/3696 3900/2382/3670 
f 3903/2388/3673 3929/2389/3699 3928/2387/3698 3902/2386/3672 
f 3904/2390/3674 3930/2391/3700 3929/2389/3699 3903/2388/3673 
f 3905/2392/3675 3931/2393/3701 3930/2391/3700 3904/2390/3674 
f 3906/2394/3676 3932/2395/3702 3931/2393/3701 3905/2392/3675 
f 3907/2396/3677 3933/2397/3703 3932/2395/3702 3906/2394/3676 
f 3908/2398/3678 3934/2399/3704 3933/2397/3703 3907/2396/3677 
f 3909/2400/3679 3935/2401/3705 3934/2399/3704 3908/2398/3678 
f 3910/2402/3680 3936/2403/3706 3935/2401/3705 3909/2400/3679 
f 3911/2404/3681 3937/2405/3707 3936/2403/3706 3910/2402/3680 
f 3912/2406/3682 3938/2407/3708 3937/2405/3707 3911/2404/3681 
f 3913/2408/3683 3939/2409/3709 3938/2407/3708 3912/2406/3682 
f 3914/2410/3684 3940/2411/3710 3939/2409/3709 3913/2408/3683 
f 3915/2412/3685 3941/2413/3711 3940/2411/3710 3914/2410/3684 
f 3916/2414/3686 3942/2415/3712 3941/2413/3711 3915/2412/3685 
f 3917/2416/3687 3943/2417/3713 3942/2415/3712 3916/2414/3686 
f 3918/2418/3688 3944/2419/3714 3943/2417/3713 3917/2416/3687 
f 3919/2420/3689 3945/2421/3715 3944/2419/3714 3918/2418/3688 
f 3920/2422/3690 3946/2423/3716 3945/2421/3715 3919/2420/3689 
f 3921/2424/3691 3947/2425/3717 3946/2423/3716 3920/2422/3690 
f 3922/2426/3692 3948/2427/3718 3947/2425/3717 3921/2424/3691 
f 3923/2428/3693 3949/2429/3719 3948/2427/3718 3922/2426/3692 
f 3924/2430/3694 3950/2431/3720 3949/2429/3719 3923/2428/3693 
f 3925/2432/3695 3951/2433/3721 3950/2431/3720 3924/2430/3694 
f 3901/2385/3671 3927/2384/3697 3951/2433/3721 3925/2432/3695 
f 3926/2434/3696 3952/2435/3722 3953/2436/3723 3927/2437/3697 
f 3928/2438/3698 3954/2439/3724 3952/2435/3722 3926/2434/3696 
f 3929/2440/3699 3955/2441/3725 3954/2439/3724 3928/2438/3698 
f 3930/2442/3700 3956/2443/3726 3955/2441/3725 3929/2440/3699 
f 3931/2444/3701 3957/2445/3727 3956/2443/3726 3930/2442/3700 
f 3932/2446/3702 3958/2447/3728 3957/2445/3727 3931/2444/3701 
f 3933/2448/3703 3959/2449/3729 3958/2447/3728 3932/2446/3702 
f 3934/2450/3704 3960/2451/3730 3959/2449/3729 3933/2448/3703 
f 3935/2452/3705 3961/2453/3731 3960/2451/3730 3934/2450/3704 
f 3936/2454/3706 3962/2455/3732 3961/2453/3731 3935/2452/3705 
f 3937/2456/3707 3963/2457/3733 3962/2455/3732 3936/2454/3706 
f 3938/2458/3708 3964/2459/3734 3963/2457/3733 3937/2456/3707 
f 3939/2460/3709 3965/2461/3735 3964/2459/3734 3938/2458/3708 
f 3940/2462/3710 3966/2463/3632 3965/2461/3735 3939/2460/3709 
f 3941/2464/3711 3967/2465/3736 3966/2463/3632 3940/2462/3710 
f 3942/2466/3712 3968/2467/3737 3967/2465/3736 3941/2464/3711 
f 3943/2468/3713 3969/2469/3738 3968/2467/3737 3942/2466/3712 
f 3944/2470/3714 3970/2471/3739 3969/2469/3738 3943/2468/3713 
f 3945/2472/3715 3971/2473/3740 3970/2471/3739 3944/2470/3714 
f 3946/2474/3716 3972/2475/3741 3971/2476/3740 3945/2477/3715 
f 3947/2478/3717 3973/2479/3742 3972/2475/3741 3946/2474/3716 
f 3948/2480/3718 3974/2481/3743 3973/2479/3742 3947/2478/3717 
f 3949/2482/3719 3975/2483/3744 3974/2481/3743 3948/2480/3718 
f 3950/2484/3720 3976/2485/3745 3975/2483/3744 3949/2482/3719 
f 3951/2486/3721 3977/2487/3746 3976/2485/3745 3950/2484/3720 
f 3927/2437/3697 3953/2436/3723 3977/2487/3746 3951/2486/3721 
f 3718/2064/3488 3725/2071/3495 3724/2070/3494 3719/2065/3489 
f 3728/2074/3498 3723/2069/3493 3722/2068/3492 3729/2075/3499 
f 3719/2168/3489 3724/2488/3494 3723/2489/3493 3728/2172/3498 
f 3726/2072/3496 3733/2079/3503 3732/2078/3502 3727/2073/3497 
f 3736/2082/3506 3731/2077/3501 3730/2076/3500 3737/2083/3507 
f 3727/2174/3497 3732/2490/3502 3731/2491/3501 3736/2176/3506 
f 3734/2080/3504 3741/2087/3511 3740/2086/3510 3735/2081/3505 
f 3744/2492/3514 3739/2085/3509 3738/2084/3508 3745/2493/3515 
f 3735/2178/3505 3740/2494/3510 3739/2495/3509 3744/2180/3514 
f 3742/2088/3512 3749/2095/3519 3748/2094/3518 3743/2089/3513 
f 3752/2098/3522 3747/2093/3517 3746/2092/3516 3753/2099/3523 
f 3743/2182/3513 3748/2496/3518 3747/2497/3517 3752/2184/3522 
f 3750/2096/3520 3757/2103/3527 3756/2102/3526 3751/2097/3521 
f 3760/2106/3530 3755/2101/3525 3754/2100/3524 3761/2107/3531 
f 3751/2186/3521 3756/2498/3526 3755/2499/3525 3760/2188/3530 
f 3758/2104/3528 3765/2111/3535 3764/2110/3534 3759/2105/3529 
f 3768/2114/3538 3763/2109/3533 3762/2108/3532 3769/2115/3539 
f 3759/2190/3529 3764/2500/3534 3763/2501/3533 3768/2192/3538 
f 3766/2112/3536 3773/2119/3543 3772/2118/3542 3767/2113/3537 
f 3776/2122/3546 3771/2117/3541 3770/2116/3540 3777/2123/3547 
f 3767/2194/3537 3772/2502/3542 3771/2503/3541 3776/2196/3546 
f 3774/2120/3544 3781/2127/3551 3780/2126/3550 3775/2121/3545 
f 3784/2130/3554 3779/2125/3549 3778/2124/3548 3785/2131/3555 
f 3775/2198/3545 3780/2504/3550 3779/2505/3549 3784/2200/3554 
f 3782/2128/3552 3789/2135/3559 3788/2134/3558 3783/2129/3553 
f 3792/2138/3562 3787/2133/3557 3786/2132/3556 3793/2139/3563 
f 3783/2202/3553 3788/2506/3558 3787/2507/3557 3792/2204/3562 
f 3790/2508/3560 3797/2143/3567 3796/2142/3566 3791/2509/3561 
f 3800/2146/3570 3795/2141/3565 3794/2140/3564 3801/2147/3571 
f 3791/2206/3561 3796/2510/3566 3795/2511/3565 3800/2208/3570 
f 3798/2144/3568 3805/2151/3575 3804/2150/3574 3799/2145/3569 
f 3808/2154/3578 3803/2149/3573 3802/2148/3572 3809/2155/3579 
f 3799/2210/3569 3804/2512/3574 3803/2513/3573 3808/2212/3578 
f 3806/2152/3576 3813/2159/3583 3812/2158/3582 3807/2153/3577 
f 3816/2162/3586 3811/2157/3581 3810/2156/3580 3817/2163/3587 
f 3807/2214/3577 3812/2514/3582 3811/2515/3581 3816/2216/3586 
f 3720/2066/3490 3819/2165/3589 3818/2164/3588 3721/2067/3491 
f 3815/2218/3585 3820/2516/3590 3819/2517/3589 3720/2171/3490 
f 3814/2160/3584 3821/2167/3591 3820/2166/3590 3815/2161/3585 
f 3953/2518/3723 3952/2519/3722 3978/2520/3747 
f 3952/2519/3722 3954/2521/3724 3978/2520/3747 
f 3954/2521/3724 3955/2522/3725 3978/2520/3747 
f 3955/2522/3725 3956/2523/3726 3978/2520/3747 
f 3956/2523/3726 3957/2524/3727 3978/2520/3747 
f 3957/2524/3727 3958/2525/3728 3978/2520/3747 
f 3958/2525/3728 3959/2526/3729 3978/2520/3747 
f 3959/2526/3729 3960/2527/3730 3978/2520/3747 
f 3960/2527/3730 3961/2528/3731 3978/2520/3747 
f 3961/2528/3731 3962/2529/3732 3978/2520/3747 
f 3962/2529/3732 3963/2530/3733 3978/2520/3747 
f 3963/2530/3733 3964/2531/3734 3978/2520/3747 
f 3964/2531/3734 3965/2532/3735 3978/2520/3747 
f 3965/2532/3735 3966/2533/3632 3978/2520/3747 
f 3966/2533/3632 3967/2534/3736 3978/2520/3747 
f 3967/2534/3736 3968/2535/3737 3978/2520/3747 
f 3968/2535/3737 3969/2536/3738 3978/2520/3747 
f 3969/2536/3738 3970/2537/3739 3978/2520/3747 
f 3970/2537/3739 3971/2538/3740 3978/2520/3747 
f 3971/2538/3740 3972/2539/3741 3978/2520/3747 
f 3972/2539/3741 3973/2540/3742 3978/2520/3747 
f 3973/2540/3742 3974/2541/3743 3978/2520/3747 
f 3974/2541/3743 3975/2542/3744 3978/2520/3747 
f 3975/2542/3744 3976/2543/3745 3978/2520/3747 
f 3976/2543/3745 3977/2544/3746 3978/2520/3747 
f 3977/2544/3746 3953/2518/3723 3978/2520/3747 
# 221 polygons - 26 triangles

#
# object chainsaw_grip_LP
#

v  -4.4941 -1.3552 3.9090
v  -4.6990 -1.3114 3.9598
v  -4.6385 -0.7389 3.4288
v  -4.4941 -0.7833 3.3786
v  -4.8491 -1.1883 4.0951
v  -4.7443 -0.6153 3.5638
v  -4.9041 -1.0187 4.2789
v  -4.7830 -0.4457 3.7474
v  -4.8491 -0.8483 4.4618
v  -4.7443 -0.2753 3.9304
v  -4.6990 -0.7225 4.5947
v  -4.6385 -0.1500 4.0638
v  -4.4941 -0.6752 4.6422
v  -4.4941 -0.1033 4.1118
v  -4.2895 -0.7190 4.5915
v  -4.3498 -0.1477 4.0616
v  -4.1399 -0.8421 4.4561
v  -4.2443 -0.2712 3.9266
v  -4.0851 -1.0117 4.2723
v  -4.2056 -0.4409 3.7430
v  -4.1399 -1.1821 4.0895
v  -4.2443 -0.6112 3.5600
v  -4.2895 -1.3079 3.9565
v  -4.3498 -0.7366 3.4266
v  -4.4573 -7.0391 9.0301
v  -4.7552 -7.0339 9.1379
v  -4.7998 -6.7491 8.8731
v  -4.4951 -6.7921 8.8010
v  -4.9730 -6.9194 9.3360
v  -5.0225 -6.6066 9.0455
v  -5.0527 -6.7260 9.5718
v  -5.1040 -6.4029 9.2721
v  -4.9730 -6.5053 9.7823
v  -5.0225 -6.1923 9.4923
v  -4.7553 -6.3163 9.9114
v  -4.7998 -6.0310 9.6473
v  -4.4573 -6.2092 9.9246
v  -4.4951 -5.9623 9.6956
v  -4.1584 -6.2130 9.8180
v  -4.1900 -6.0047 9.6241
v  -3.9387 -6.3272 9.6196
v  -3.9662 -6.1471 9.4517
v  -3.8580 -6.5217 9.3823
v  -3.8842 -6.3515 9.2244
v  -3.9387 -6.7437 9.1706
v  -3.9662 -6.5627 9.0036
v  -4.1584 -6.9331 9.0419
v  -4.1900 -6.7240 8.8486
v  -4.3466 -7.2660 9.2407
v  -4.6213 -7.3084 9.3925
v  -4.8222 -7.2285 9.6229
v  -4.8957 -7.0478 9.8705
v  -4.8223 -6.8143 10.0691
v  -4.6215 -6.5905 10.1659
v  -4.3467 -6.4359 10.1350
v  -4.0710 -6.3920 9.9842
v  -3.8684 -6.4712 9.7532
v  -3.7939 -6.6528 9.5041
v  -3.8683 -6.8878 9.3044
v  -4.0709 -7.1123 9.2082
v  -4.1729 -7.4662 9.4266
v  -4.4116 -7.5503 9.6171
v  -4.5860 -7.5008 9.8758
v  -4.6499 -7.3312 10.1336
v  -4.5862 -7.0865 10.3219
v  -4.4118 -6.8322 10.3904
v  -4.1732 -6.6359 10.3207
v  -3.9337 -6.5502 10.1311
v  -3.7577 -6.5988 9.8716
v  -3.6930 -6.7691 9.6120
v  -3.7576 -7.0154 9.4229
v  -3.9335 -7.2706 9.3553
v  -3.9451 -7.6332 9.5818
v  -4.1366 -7.7518 9.8044
v  -4.2767 -7.7277 10.0866
v  -4.3280 -7.5672 10.3530
v  -4.2769 -7.3133 10.5326
v  -4.1370 -7.0337 10.5776
v  -3.9456 -6.8028 10.4758
v  -3.7535 -6.6824 10.2539
v  -3.6122 -6.7054 9.9707
v  -3.5603 -6.8665 9.7025
v  -3.6120 -7.1221 9.5221
v  -3.7531 -7.4029 9.4782
v  -3.6721 -7.7605 9.7003
v  -3.8068 -7.9057 9.9476
v  -3.9053 -7.9008 10.2477
v  -3.9415 -7.7474 10.5207
v  -3.9057 -7.4864 10.6937
v  -3.8074 -7.1874 10.7206
v  -3.6728 -6.9300 10.5942
v  -3.5377 -6.7831 10.3475
v  -3.4383 -6.7866 10.0462
v  -3.4017 -6.9405 9.7713
v  -3.4379 -7.2034 9.5976
v  -3.5371 -7.5037 9.5719
v  -3.3627 -7.8417 9.7760
v  -3.4325 -8.0038 10.0391
v  -3.4836 -8.0114 10.3508
v  -3.5025 -7.8625 10.6280
v  -3.4841 -7.5970 10.7968
v  -3.4333 -7.2855 10.8121
v  -3.3636 -7.0112 10.6698
v  -3.2936 -6.8471 10.4073
v  -3.2420 -6.8381 10.0943
v  -3.2228 -6.9874 9.8151
v  -3.2415 -7.2549 9.6457
v  -3.2928 -7.5678 9.6317
v  -3.0257 -7.8695 9.8022
v  -3.0436 -8.0367 10.0697
v  -3.0568 -8.0479 10.3849
v  -3.0619 -7.9002 10.6635
v  -3.0574 -7.6331 10.8312
v  -3.0446 -7.3179 10.8432
v  -3.0269 -7.0389 10.6960
v  -3.0090 -6.8707 10.4288
v  -2.9957 -6.8587 10.1129
v  -2.9906 -7.0066 9.8333
v  -2.9951 -7.2747 9.6653
v  -3.0080 -7.5906 9.6540
v  2.9506 -7.8688 9.8104
v  2.9654 -8.0366 10.0781
v  2.9828 -8.0481 10.3936
v  2.9981 -7.9004 10.6723
v  3.0074 -7.6333 10.8400
v  3.0081 -7.3181 10.8519
v  2.9999 -7.0391 10.7049
v  2.9852 -6.8708 10.4381
v  2.9678 -6.8583 10.1227
v  2.9524 -7.0054 9.8431
v  2.9431 -7.2730 9.6745
v  2.9424 -7.5892 9.6625
v  3.7048 -7.8694 9.7268
v  3.7648 -8.0369 9.9896
v  3.8353 -8.0478 10.2987
v  3.8976 -7.9000 10.5714
v  3.9350 -7.6331 10.7355
v  3.9377 -7.3182 10.7472
v  3.9049 -7.0394 10.6033
v  3.8453 -6.8710 10.3422
v  3.7748 -6.8581 10.0333
v  3.7122 -7.0048 9.7589
v  3.6743 -7.2726 9.5931
v  3.6716 -7.5895 9.5813
v  4.3748 -7.8694 9.4920
v  4.4912 -8.0369 9.7351
v  4.6281 -8.0479 10.0209
v  4.7490 -7.9000 10.2732
v  4.8217 -7.6331 10.4249
v  4.8269 -7.3182 10.4357
v  4.7631 -7.0394 10.3026
v  4.6474 -6.8710 10.0612
v  4.5106 -6.8581 9.7755
v  4.3890 -7.0048 9.5218
v  4.3155 -7.2726 9.3684
v  4.3103 -7.5895 9.3575
v  4.9690 -7.8694 9.1222
v  5.1351 -8.0369 9.3344
v  5.3305 -8.0479 9.5838
v  5.5030 -7.9001 9.8040
v  5.6068 -7.6331 9.9364
v  5.6141 -7.3182 9.9458
v  5.5232 -7.0394 9.8297
v  5.3581 -6.8710 9.6190
v  5.1628 -6.8581 9.3696
v  4.9893 -7.0048 9.1482
v  4.8845 -7.2726 9.0144
v  4.8770 -7.5895 9.0048
v  5.4683 -7.8694 8.6357
v  5.6761 -8.0369 8.8073
v  5.9203 -8.0479 9.0091
v  6.1360 -7.9001 9.1873
v  6.2657 -7.6331 9.2944
v  6.2749 -7.3182 9.3020
v  6.1612 -7.0394 9.2081
v  5.9548 -6.8710 9.0376
v  5.7106 -6.8581 8.8358
v  5.4938 -7.0048 8.6567
v  5.3627 -7.2726 8.5484
v  5.3534 -7.5895 8.5407
v  5.8534 -7.8694 8.0513
v  6.0934 -8.0369 8.1740
v  6.3755 -8.0479 8.3183
v  6.6246 -7.9000 8.4457
v  6.7744 -7.6331 8.5223
v  6.7850 -7.3182 8.5277
v  6.6537 -7.0394 8.4606
v  6.4153 -6.8710 8.3386
v  6.1333 -6.8581 8.1944
v  5.8828 -7.0048 8.0663
v  5.7314 -7.2726 7.9889
v  5.7206 -7.5895 7.9833
v  6.1055 -7.8694 7.3877
v  6.3667 -8.0369 7.4545
v  6.6738 -8.0478 7.5330
v  6.9449 -7.9000 7.6023
v  7.1079 -7.6331 7.6440
v  7.1195 -7.3182 7.6469
v  6.9765 -7.0394 7.6104
v  6.7171 -6.8710 7.5441
v  6.4102 -6.8581 7.4656
v  6.1375 -7.0048 7.3959
v  5.9726 -7.2726 7.3537
v  5.9609 -7.5895 7.3507
v  6.2087 -7.8688 6.6358
v  6.4759 -8.0366 6.6576
v  6.7908 -8.0481 6.6832
v  7.0691 -7.9004 6.7058
v  7.2365 -7.6333 6.7194
v  7.2484 -7.3181 6.7204
v  7.1016 -7.0391 6.7085
v  6.8353 -6.8708 6.6868
v  6.5204 -6.8583 6.6612
v  6.2413 -7.0054 6.6385
v  6.0730 -7.2730 6.6248
v  6.0611 -7.5892 6.6238
v  6.2294 -7.8678 5.7533
v  6.4961 -8.0361 5.7690
v  6.8112 -8.0484 5.7876
v  7.0905 -7.9012 5.8040
v  7.2588 -7.6337 5.8139
v  7.2708 -7.3178 5.8147
v  7.1232 -7.0383 5.8060
v  6.8558 -6.8703 5.7903
v  6.5406 -6.8587 5.7717
v  6.2619 -7.0064 5.7553
v  6.0943 -7.2736 5.7454
v  6.0824 -7.5888 5.7447
v  6.3871 -7.7922 -0.9399
v  6.6029 -7.9300 -0.9855
v  6.6758 -7.9311 -0.1881
v  6.4564 -7.7934 -0.1807
v  6.8578 -7.9397 -1.0388
v  6.9347 -7.9409 -0.1967
v  7.0833 -7.8188 -1.0857
v  7.1638 -7.8201 -0.2042
v  7.2191 -7.5997 -1.1134
v  7.3018 -7.6010 -0.2087
v  7.2288 -7.3410 -1.1147
v  7.3116 -7.3424 -0.2088
v  7.1098 -7.1122 -1.0891
v  7.1906 -7.1135 -0.2046
v  6.8939 -6.9745 -1.0436
v  6.9713 -6.9757 -0.1972
v  6.6391 -6.9647 -0.9902
v  6.7123 -6.9659 -0.1886
v  6.4136 -7.0856 -0.9434
v  6.4832 -7.0868 -0.1811
v  6.2778 -7.3048 -0.9156
v  6.3453 -7.3058 -0.1766
v  6.2681 -7.5634 -0.9143
v  6.3355 -7.5645 -0.1765
v  6.1607 -7.7892 -1.6197
v  6.3606 -7.9267 -1.7131
v  6.5968 -7.9362 -1.8225
v  6.8059 -7.8151 -1.9187
v  6.9320 -7.5958 -1.9757
v  6.9412 -7.3372 -1.9784
v  6.8311 -7.1085 -1.9260
v  6.6312 -6.9709 -1.8326
v  6.3950 -6.9615 -1.7231
v  6.1859 -7.0826 -1.6270
v  6.0598 -7.3018 -1.5700
v  6.0506 -7.5605 -1.5673
v  5.7941 -7.7844 -2.2230
v  5.9684 -7.9216 -2.3586
v  6.1746 -7.9307 -2.5174
v  6.3573 -7.8092 -2.6569
v  6.4677 -7.5898 -2.7397
v  6.4762 -7.3311 -2.7437
v  6.3804 -7.1026 -2.6677
v  6.2061 -6.9654 -2.5321
v  6.0000 -6.9563 -2.3733
v  5.8172 -7.0778 -2.2338
v  5.7068 -7.2972 -2.1510
v  5.6983 -7.5559 -2.1470
v  5.3065 -7.7782 -2.7297
v  5.4469 -7.9149 -2.9004
v  5.6134 -7.9235 -3.1005
v  5.7613 -7.8016 -3.2762
v  5.8510 -7.5819 -3.3806
v  5.8584 -7.3232 -3.3855
v  5.7817 -7.0949 -3.2898
v  5.6412 -6.9582 -3.1191
v  5.4747 -6.9496 -2.9190
v  5.3268 -7.0715 -2.7433
v  5.2371 -7.2912 -2.6390
v  5.2297 -7.5499 -2.6340
v  4.7176 -7.7707 -3.1333
v  4.8169 -7.9069 -3.3207
v  4.9352 -7.9149 -3.5490
v  5.0408 -7.7924 -3.7527
v  5.1053 -7.5724 -3.8736
v  5.1116 -7.3137 -3.8794
v  5.0578 -7.0857 -3.7685
v  4.9585 -6.9495 -3.5706
v  4.8402 -6.9415 -3.3419
v  4.7346 -7.0640 -3.1484
v  4.6701 -7.2840 -3.0400
v  4.6639 -7.5427 -3.0347
v  4.0470 -7.7622 -3.5300
v  4.0991 -7.8979 -3.6653
v  4.1621 -7.9051 -3.8357
v  4.2191 -7.7821 -3.9956
v  4.2547 -7.5617 -4.0949
v  4.2596 -7.3030 -4.0994
v  4.2323 -7.0753 -4.0079
v  4.1801 -6.9397 -3.8521
v  4.1172 -6.9324 -3.6814
v  4.0602 -7.0555 -3.5415
v  4.0245 -7.2759 -3.4627
v  4.0197 -7.5346 -3.4585
v  3.2868 -7.7528 -3.6949
v  3.3015 -7.8879 -3.7764
v  3.3216 -7.8945 -3.8718
v  3.3415 -7.7709 -3.9555
v  3.3560 -7.5502 -4.0052
v  3.3613 -7.2915 -4.0075
v  3.3558 -7.0642 -3.9618
v  3.3411 -6.9291 -3.8803
v  3.3211 -6.9225 -3.7849
v  3.3011 -7.0461 -3.7011
v  3.2866 -7.2668 -3.6514
v  3.2813 -7.5255 -3.6491
v  2.5853 -7.7359 -3.7017
v  2.5878 -7.8707 -3.7833
v  2.5944 -7.8770 -3.8788
v  2.6034 -7.7531 -3.9627
v  2.6123 -7.5323 -4.0124
v  2.6187 -7.2736 -4.0147
v  2.6209 -7.0464 -3.9689
v  2.6183 -6.9116 -3.8873
v  2.6117 -6.9053 -3.7917
v  2.6028 -7.0292 -3.7079
v  2.5939 -7.2501 -3.6581
v  2.5875 -7.5087 -3.6559
v  -4.6911 0.8705 2.8678
v  -4.6078 0.9950 3.0020
v  -4.4941 0.3605 2.3179
v  -4.6078 0.4061 2.3670
v  -4.4967 -6.1319 8.3389
v  -4.7467 -6.0960 8.3969
v  -4.7441 -2.4564 5.0216
v  -4.4941 -2.4990 4.9697
v  -4.9297 -5.9786 8.5376
v  -4.9271 -2.3341 5.1578
v  -4.9967 -5.8111 8.7233
v  -4.9941 -2.1649 5.3418
v  -4.9297 -5.6386 8.9042
v  -4.9271 -1.9941 5.5244
v  -4.7467 -5.5071 9.0319
v  -4.7441 -1.8675 5.6566
v  -4.4967 -5.4519 9.0721
v  -4.4941 -1.8190 5.7030
v  -4.2467 -5.4878 9.0140
v  -4.2441 -1.8616 5.6511
v  -4.0637 -5.6052 8.8733
v  -4.0611 -1.9839 5.5149
v  -3.9967 -5.7726 8.6876
v  -3.9941 -2.1531 5.3309
v  -4.0637 -5.9452 8.5067
v  -4.0611 -2.3239 5.1483
v  -4.2467 -6.0767 8.3791
v  -4.2441 -2.4505 5.0161
v  -4.7417 -1.8839 4.4907
v  -4.4941 -1.9271 4.4394
v  -4.4941 -0.2114 2.8482
v  -4.6078 -0.1664 2.8979
v  -4.9231 -1.7612 4.6265
v  -4.6911 0.5305 2.5012
v  -4.6911 -0.0424 3.0325
v  -4.9895 -1.5918 4.8104
v  -4.7215 0.7005 2.6845
v  -4.7215 0.1274 3.2159
v  -4.9231 -1.4212 4.9931
v  -4.6910 0.2976 3.3991
v  -4.7417 -1.2950 5.1257
v  -4.6078 0.4225 3.5329
v  -4.4941 -1.2471 5.1726
v  -4.4941 1.0405 3.0511
v  -4.4941 0.4686 3.5815
v  -4.2466 -1.2903 5.1213
v  -4.3804 0.9950 3.0020
v  -4.3804 0.4236 3.5318
v  -4.0655 -1.4130 4.9855
v  -4.2972 0.8705 2.8678
v  -4.2972 0.2996 3.3972
v  -3.9992 -1.5824 4.8016
v  -4.2667 0.7005 2.6845
v  -4.2667 0.1298 3.2138
v  -4.0655 -1.7530 4.6189
v  -4.2972 0.5305 2.5012
v  -4.2972 -0.0404 3.0306
v  -4.2466 -1.8792 4.4863
v  -4.3804 0.4061 2.3670
v  -4.3804 -0.1652 2.8968
v  6.5330 -7.9311 5.6842
v  6.3142 -7.7933 5.6697
v  6.7912 -7.9409 5.7014
v  7.0198 -7.8201 5.7166
v  7.1574 -7.6010 5.7257
v  7.1672 -7.3424 5.7264
v  7.0465 -7.1135 5.7184
v  6.8277 -6.9757 5.7039
v  6.5694 -6.9659 5.6868
v  6.3409 -7.0867 5.6716
v  6.2033 -7.3058 5.6624
v  6.1935 -7.5645 5.6617
v  -4.7984 -6.2402 8.4001
v  -4.4932 -6.2858 8.3315
v  -5.0222 -6.0954 8.5703
v  -5.1042 -5.8902 8.7967
v  -5.0222 -5.6799 9.0183
v  -4.7984 -5.5210 9.1754
v  -4.4932 -5.4561 9.2261
v  -4.1884 -5.5024 9.1570
v  -3.9655 -5.6472 8.9867
v  -3.8840 -5.8517 8.7610
v  -3.9655 -6.0615 8.5400
v  -4.1884 -6.2204 8.3828
# 420 vertices

vn -0.0000 -0.6718 -0.7407
vn -0.5688 -0.5263 -0.6321
vn -0.6713 -0.4762 -0.5680
vn -0.0027 -0.6770 -0.7360
vn -0.8949 -0.2226 -0.3868
vn -0.9371 -0.1666 -0.3066
vn -0.9922 0.0914 -0.0847
vn -0.9941 0.0792 -0.0735
vn -0.8949 0.3689 0.2510
vn -0.9371 0.2932 0.1891
vn -0.5688 0.5907 0.5723
vn -0.6712 0.5307 0.5176
vn 0.0000 0.6881 0.7256
vn 0.0002 0.6859 0.7276
vn 0.5690 0.5906 0.5722
vn 0.6714 0.5305 0.5174
vn 0.8950 0.3690 0.2506
vn 0.9372 0.2932 0.1892
vn 0.9921 0.0917 -0.0852
vn 0.9942 0.0791 -0.0734
vn 0.8950 -0.2221 -0.3868
vn 0.9372 -0.1666 -0.3065
vn 0.5691 -0.5261 -0.6319
vn 0.6735 -0.4777 -0.5642
vn -0.0213 -0.6838 -0.7293
vn -0.5005 -0.6692 -0.5492
vn -0.5069 -0.6074 -0.6116
vn -0.0109 -0.6805 -0.7327
vn -0.8472 -0.4804 -0.2267
vn -0.8671 -0.3740 -0.3292
vn -0.9737 -0.1669 0.1548
vn -0.9983 -0.0425 0.0394
vn -0.8474 0.1899 0.4959
vn -0.8671 0.3001 0.3976
vn -0.5006 0.4975 0.7084
vn -0.5070 0.5643 0.6516
vn -0.0212 0.6762 0.7364
vn -0.0109 0.6795 0.7336
vn 0.4685 0.6761 0.5686
vn 0.4905 0.6127 0.6197
vn 0.8367 0.4906 0.2433
vn 0.8617 0.3790 0.3374
vn 0.9741 0.1657 -0.1538
vn 0.9984 0.0409 -0.0380
vn 0.8367 -0.2059 -0.5074
vn 0.8617 -0.3080 -0.4032
vn 0.4686 -0.5165 -0.7167
vn 0.4905 -0.5719 -0.6575
vn -0.0191 -0.6870 -0.7264
vn -0.4615 -0.7490 -0.4754
vn -0.7816 -0.6155 -0.1013
vn -0.8983 -0.3221 0.2988
vn -0.7818 0.0551 0.6211
vn -0.4617 0.4182 0.7823
vn -0.0193 0.6733 0.7391
vn 0.4325 0.7514 0.4983
vn 0.7718 0.6248 0.1180
vn 0.8982 0.3224 -0.2989
vn 0.7719 -0.0712 -0.6317
vn 0.4328 -0.4411 -0.7862
vn -0.0160 -0.6898 -0.7238
vn -0.4006 -0.8193 -0.4102
vn -0.6789 -0.7342 0.0089
vn -0.7804 -0.4584 0.4253
vn -0.6791 -0.0634 0.7313
vn -0.4009 0.3484 0.8473
vn -0.0166 0.6707 0.7416
vn 0.3760 0.8171 0.4370
vn 0.6705 0.7419 0.0090
vn 0.7804 0.4583 -0.4254
vn 0.6707 0.0460 -0.7403
vn 0.3764 -0.3752 -0.8471
vn -0.0127 -0.6924 -0.7214
vn -0.3212 -0.8774 -0.3563
vn -0.5445 -0.8327 0.1004
vn -0.6260 -0.5714 0.5306
vn -0.5449 -0.1617 0.8228
vn -0.3219 0.2904 0.9011
vn -0.0136 0.6684 0.7437
vn 0.3016 0.8717 0.3863
vn 0.5380 0.8390 -0.0813
vn 0.6263 0.5713 -0.5305
vn 0.5382 0.1433 -0.8305
vn 0.3021 -0.3207 -0.8977
vn -0.0088 -0.6945 -0.7194
vn -0.2256 -0.9220 -0.3146
vn -0.3826 -0.9080 0.1707
vn -0.4401 -0.6580 0.6110
vn -0.3832 -0.2370 0.8927
vn -0.2266 0.2459 0.9424
vn -0.0099 0.6665 0.7455
vn 0.2117 0.9134 0.3477
vn 0.3782 0.9135 -0.1503
vn 0.4402 0.6580 -0.6110
vn 0.3786 0.2172 -0.8997
vn 0.2125 -0.2797 -0.9363
vn -0.0044 -0.6961 -0.7179
vn -0.1168 -0.9505 -0.2878
vn -0.1985 -0.9561 0.2156
vn -0.2286 -0.7133 0.6626
vn -0.1992 -0.2853 0.9375
vn -0.1182 0.2173 0.9689
vn -0.0059 0.6650 0.7468
vn 0.1086 0.9400 0.3235
vn 0.1946 0.9615 -0.1943
vn 0.2268 0.7136 -0.6628
vn 0.1955 0.2644 -0.9444
vn 0.1100 -0.2536 -0.9610
vn 0.0005 -0.6887 -0.7250
vn -0.0288 -0.9578 -0.2861
vn -0.0505 -0.9726 0.2270
vn -0.0588 -0.7313 0.6795
vn -0.0514 -0.2977 0.9533
vn -0.0305 0.2151 0.9761
vn -0.0014 0.6727 0.7399
vn 0.0278 0.9522 0.3042
vn 0.0490 0.9751 -0.2164
vn 0.0572 0.7314 -0.6796
vn 0.0502 0.2874 -0.9565
vn 0.0295 -0.2335 -0.9719
vn -0.0400 -0.6858 -0.7267
vn -0.0158 -0.9586 -0.2845
vn 0.0127 -0.9727 0.2318
vn 0.0378 -0.7284 0.6842
vn 0.0529 -0.2925 0.9548
vn 0.0540 0.2200 0.9740
vn 0.0407 0.6749 0.7368
vn 0.0167 0.9524 0.3043
vn -0.0118 0.9774 -0.2111
vn -0.0370 0.7392 -0.6725
vn -0.0523 0.2986 -0.9530
vn -0.0533 -0.2247 -0.9730
vn -0.1602 -0.6928 -0.7031
vn -0.0608 -0.9618 -0.2670
vn 0.0538 -0.9704 0.2352
vn 0.1535 -0.7245 0.6719
vn 0.2131 -0.2907 0.9328
vn 0.2173 0.2186 0.9513
vn 0.1651 0.6712 0.7226
vn 0.0698 0.9497 0.3052
vn -0.0445 0.9797 -0.1954
vn -0.1479 0.7460 -0.6493
vn -0.2117 0.3029 -0.9292
vn -0.2162 -0.2281 -0.9493
vn -0.3118 -0.6924 -0.6507
vn -0.1186 -0.9616 -0.2475
vn 0.1040 -0.9706 0.2172
vn 0.2977 -0.7246 0.6215
vn 0.4134 -0.2907 0.8629
vn 0.4216 0.2187 0.8800
vn 0.3202 0.6714 0.6684
vn 0.1351 0.9498 0.2821
vn -0.0868 0.9796 -0.1812
vn -0.2879 0.7457 -0.6009
vn -0.4118 0.3027 -0.8595
vn -0.4207 -0.2279 -0.8781
vn -0.4451 -0.6922 -0.5681
vn -0.1694 -0.9615 -0.2163
vn 0.1483 -0.9707 0.1893
vn 0.4248 -0.7248 0.5424
vn 0.5901 -0.2906 0.7532
vn 0.6017 0.2187 0.7682
vn 0.4570 0.6714 0.5835
vn 0.1927 0.9499 0.2461
vn -0.1241 0.9795 -0.1584
vn -0.4111 0.7454 -0.5248
vn -0.5878 0.3026 -0.7503
vn -0.6005 -0.2277 -0.7665
vn -0.5564 -0.6922 -0.4597
vn -0.2118 -0.9615 -0.1750
vn 0.1853 -0.9707 0.1531
vn 0.5312 -0.7248 0.4388
vn 0.7377 -0.2906 0.6094
vn 0.7523 0.2187 0.6215
vn 0.5714 0.6714 0.4720
vn 0.2409 0.9499 0.1990
vn -0.1552 0.9795 -0.1282
vn -0.5139 0.7454 -0.4246
vn -0.7348 0.3026 -0.6071
vn -0.7507 -0.2278 -0.6202
vn -0.6423 -0.6925 -0.3286
vn -0.2443 -0.9616 -0.1250
vn 0.2144 -0.9706 0.1096
vn 0.6136 -0.7246 0.3138
vn 0.8519 -0.2906 0.4357
vn 0.8688 0.2187 0.4443
vn 0.6599 0.6713 0.3375
vn 0.2784 0.9498 0.1424
vn -0.1789 0.9796 -0.0915
vn -0.5932 0.7457 -0.3035
vn -0.8485 0.3028 -0.4340
vn -0.8669 -0.2278 -0.4434
vn -0.6987 -0.6928 -0.1784
vn -0.2653 -0.9618 -0.0677
vn 0.2337 -0.9705 0.0599
vn 0.6677 -0.7245 0.1709
vn 0.9270 -0.2906 0.2373
vn 0.9453 0.2186 0.2420
vn 0.7181 0.6712 0.1838
vn 0.3034 0.9497 0.0777
vn -0.1941 0.9797 -0.0495
vn -0.6451 0.7461 -0.1646
vn -0.9234 0.3030 -0.2357
vn -0.9434 -0.2282 -0.2408
vn -0.7255 -0.6858 -0.0586
vn -0.2840 -0.9586 -0.0230
vn 0.2313 -0.9727 0.0189
vn 0.6829 -0.7284 0.0557
vn 0.9531 -0.2925 0.0778
vn 0.9723 0.2200 0.0794
vn 0.7355 0.6749 0.0600
vn 0.3038 0.9524 0.0248
vn -0.2107 0.9774 -0.0170
vn -0.6713 0.7392 -0.0543
vn -0.9513 0.2984 -0.0769
vn -0.9712 -0.2248 -0.0785
vn -0.6508 -0.6235 -0.4332
vn -0.2481 -0.8723 -0.4213
vn 0.2227 -0.8858 -0.4071
vn 0.6356 -0.6635 -0.3946
vn 0.8828 -0.2666 -0.3868
vn 0.9006 0.2002 -0.3858
vn 0.6843 0.6149 -0.3920
vn 0.2882 0.8680 -0.4045
vn -0.1806 0.8900 -0.4187
vn -0.6022 0.6722 -0.4307
vn -0.8568 0.2710 -0.4386
vn -0.8747 -0.2044 -0.4394
vn -0.7071 -0.6918 0.1460
vn -0.2706 -0.9612 0.0538
vn -0.2857 -0.9583 0.0088
vn -0.7279 -0.6853 0.0238
vn 0.2333 -0.9710 -0.0517
vn 0.2306 -0.9730 -0.0084
vn 0.6729 -0.7258 -0.1429
vn 0.6839 -0.7292 -0.0234
vn 0.9362 -0.2913 -0.1967
vn 0.9556 -0.2931 -0.0321
vn 0.9551 0.2195 -0.1992
vn 0.9749 0.2203 -0.0324
vn 0.7245 0.6728 -0.1496
vn 0.7369 0.6756 -0.0241
vn 0.3045 0.9506 -0.0609
vn 0.3034 0.9528 -0.0095
vn -0.1982 0.9792 0.0443
vn -0.2127 0.9771 0.0078
vn -0.6531 0.7444 0.1389
vn -0.6739 0.7384 0.0231
vn -0.9330 0.3016 0.1962
vn -0.9540 0.2982 0.0321
vn -0.9531 -0.2282 0.1988
vn -0.9739 -0.2245 0.0324
vn -0.6564 -0.6923 0.2998
vn -0.2522 -0.9613 0.1109
vn 0.2150 -0.9709 -0.1055
vn 0.6230 -0.7253 -0.2930
vn 0.8676 -0.2904 -0.4036
vn 0.8856 0.2205 -0.4088
vn 0.6723 0.6735 -0.3072
vn 0.2828 0.9510 -0.1252
vn -0.1835 0.9788 0.0909
vn -0.6050 0.7435 0.2848
vn -0.8647 0.3006 0.4024
vn -0.8838 -0.2290 0.4080
vn -0.5745 -0.6931 0.4354
vn -0.2221 -0.9616 0.1614
vn 0.1860 -0.9706 -0.1529
vn 0.5428 -0.7243 -0.4251
vn 0.7571 -0.2892 -0.5858
vn 0.7737 0.2219 -0.5935
vn 0.5879 0.6748 -0.4460
vn 0.2482 0.9515 -0.1817
vn -0.1588 0.9784 0.1320
vn -0.5274 0.7423 0.4134
vn -0.7546 0.2991 0.5840
vn -0.7722 -0.2303 0.5922
vn -0.4735 -0.6922 0.5447
vn -0.1837 -0.9617 0.2033
vn 0.1479 -0.9701 -0.1924
vn 0.4366 -0.7231 -0.5353
vn 0.6108 -0.2871 -0.7379
vn 0.6253 0.2239 -0.7475
vn 0.4765 0.6762 -0.5618
vn 0.2027 0.9521 -0.2289
vn -0.1264 0.9780 0.1662
vn -0.4281 0.7397 0.5192
vn -0.6188 0.2944 0.7283
vn -0.6362 -0.2315 0.7360
vn -0.4146 -0.6633 0.6231
vn -0.1618 -0.9558 0.2453
vn 0.0961 -0.9680 -0.2319
vn 0.2813 -0.7145 -0.6406
vn 0.3887 -0.2818 -0.8772
vn 0.3998 0.2247 -0.8886
vn 0.3120 0.6718 -0.6718
vn 0.1409 0.9508 -0.2760
vn -0.1121 0.9734 0.1998
vn -0.3796 0.7111 0.5918
vn -0.5393 0.2725 0.7968
vn -0.5501 -0.2140 0.8072
vn -0.2844 -0.5533 0.7829
vn -0.1142 -0.9343 0.3376
vn 0.0330 -0.9424 -0.3329
vn 0.0819 -0.6182 -0.7818
vn 0.0829 -0.2246 -0.9709
vn 0.0873 0.1854 -0.9788
vn 0.0974 0.5789 -0.8095
vn 0.0653 0.9188 -0.3893
vn -0.0720 0.9584 0.2762
vn -0.2549 0.6016 0.7570
vn -0.3755 0.2019 0.9046
vn -0.3855 -0.1549 0.9096
vn -0.1166 -0.3760 0.9192
vn -0.0685 -0.8695 0.4892
vn -0.0068 -0.8961 -0.4438
vn -0.0064 -0.4096 -0.9122
vn -0.0365 -0.1231 -0.9917
vn -0.0344 0.1024 -0.9941
vn 0.0039 0.3746 -0.9272
vn 0.0280 0.8533 -0.5206
vn -0.0287 0.9116 0.4101
vn -0.0985 0.4137 0.9051
vn -0.1264 0.1202 0.9847
vn -0.1313 -0.0954 0.9867
vn -0.7040 -0.2583 0.6616
vn -0.6486 -0.6598 0.3794
vn -0.6122 -0.6957 -0.3757
vn -0.6458 -0.2748 -0.7123
vn -0.6556 -0.0661 -0.7522
vn -0.6525 0.0833 -0.7532
vn -0.6349 0.2801 -0.7200
vn -0.5822 0.6862 -0.4361
vn -0.6069 0.7270 0.3212
vn -0.6871 0.3177 0.6534
vn -0.7106 0.1032 0.6960
vn -0.7150 -0.0539 0.6970
vn -0.7110 0.6302 -0.3120
vn -0.5678 0.8207 -0.0640
vn -0.0000 -0.0933 -0.9956
vn -0.5677 0.1258 -0.8135
vn -0.0229 -0.3188 -0.9476
vn -0.4732 -0.2306 -0.8502
vn -0.5004 -0.5878 -0.6356
vn -0.0001 -0.6798 -0.7334
vn -0.7955 -0.0042 -0.6060
vn -0.8662 -0.3379 -0.3682
vn -0.9126 0.3001 -0.2777
vn -1.0000 0.0021 -0.0022
vn -0.7958 0.6035 0.0495
vn -0.8661 0.3416 0.3648
vn -0.4732 0.8306 0.2935
vn -0.5004 0.5896 0.6340
vn -0.0230 0.9209 0.3892
vn -0.0000 0.6801 0.7331
vn 0.4379 0.8454 0.3057
vn 0.5006 0.5893 0.6341
vn 0.7822 0.6201 0.0598
vn 0.8662 0.3415 0.3647
vn 0.9097 0.3047 -0.2820
vn 1.0000 0.0022 -0.0018
vn 0.7818 -0.0130 -0.6234
vn 0.8663 -0.3383 -0.3676
vn 0.4379 -0.2409 -0.8662
vn 0.5004 -0.5884 -0.6352
vn -0.5098 -0.5694 -0.6448
vn -0.0002 -0.6753 -0.7375
vn -0.0032 -0.6762 -0.7367
vn -0.7396 -0.4504 -0.5001
vn -0.8696 -0.3008 -0.3916
vn -0.7111 0.3583 -0.6049
vn -0.9610 -0.1673 -0.2204
vn -0.9984 0.0414 -0.0385
vn -0.7324 0.4992 -0.4629
vn -0.9994 0.0259 -0.0238
vn -0.8695 0.3681 0.3293
vn -0.9610 0.2071 0.1834
vn -0.5098 0.6002 0.6164
vn -0.7396 0.4648 0.4868
vn -0.0001 0.6846 0.7289
vn 0.0000 0.9858 0.1678
vn 0.0002 0.6799 0.7333
vn 0.5100 0.6002 0.6161
vn 0.5679 0.8206 -0.0641
vn 0.7397 0.4647 0.4867
vn 0.8696 0.3683 0.3289
vn 0.7110 0.6302 -0.3120
vn 0.9609 0.2071 0.1835
vn 0.9983 0.0423 -0.0391
vn 0.7325 0.4991 -0.4629
vn 0.9994 0.0257 -0.0238
vn 0.8696 -0.2997 -0.3923
vn 0.7109 0.3586 -0.6050
vn 0.9609 -0.1674 -0.2203
vn 0.5098 -0.5690 -0.6452
vn 0.5679 0.1257 -0.8134
vn 0.7418 -0.4452 -0.5016
vn -0.2298 -0.8493 -0.4754
vn -0.6253 -0.6104 -0.4861
vn 0.2272 -0.8565 -0.4635
vn 0.6226 -0.6375 -0.4538
vn 0.8567 -0.2552 -0.4482
vn 0.8732 0.1912 -0.4482
vn 0.6684 0.5893 -0.4539
vn 0.2895 0.8378 -0.4628
vn -0.1629 0.8649 -0.4748
vn -0.5764 0.6567 -0.4863
vn -0.8287 0.2658 -0.4925
vn -0.8469 -0.2009 -0.4924
vn -0.4745 -0.2791 -0.8349
vn -0.0119 -0.3633 -0.9316
vn -0.8106 -0.0501 -0.5835
vn -0.9334 0.2633 -0.2438
vn -0.8106 0.5781 0.0935
vn -0.4744 0.8117 0.3407
vn -0.0118 0.9016 0.4323
vn 0.4553 0.8221 0.3418
vn 0.8004 0.5925 0.0906
vn 0.9277 0.2741 -0.2537
vn 0.8003 -0.0461 -0.5978
vn 0.4552 -0.2788 -0.8456
# 420 vertex normals

vt 0.8084 0.5989 0.0000
vt 0.8041 0.5995 0.0000
vt 0.8028 0.5838 0.0000
vt 0.8060 0.5834 0.0000
vt 0.7994 0.5999 0.0000
vt 0.7985 0.5841 0.0000
vt 0.7943 0.6002 0.0000
vt 0.7934 0.5844 0.0000
vt 0.7892 0.6003 0.0000
vt 0.7881 0.5845 0.0000
vt 0.7845 0.6002 0.0000
vt 0.7838 0.5845 0.0000
vt 0.7803 0.6001 0.0000
vt 0.7805 0.5844 0.0000
vt 0.7760 0.6000 0.0000
vt 0.7771 0.5844 0.0000
vt 0.7713 0.5999 0.0000
vt 0.7728 0.5842 0.0000
vt 0.7662 0.5997 0.0000
vt 0.7676 0.5840 0.0000
vt 0.7612 0.5993 0.0000
vt 0.7624 0.5836 0.0000
vt 0.7565 0.5989 0.0000
vt 0.7581 0.5832 0.0000
vt 0.7522 0.5983 0.0000
vt 0.7550 0.5828 0.0000
vt 0.0182 0.8867 0.0000
vt 0.0241 0.8847 0.0000
vt 0.0273 0.8923 0.0000
vt 0.0214 0.8946 0.0000
vt 0.0300 0.8828 0.0000
vt 0.0333 0.8904 0.0000
vt 0.0358 0.8809 0.0000
vt 0.0393 0.8883 0.0000
vt 0.0415 0.8785 0.0000
vt 0.0450 0.8855 0.0000
vt 0.0470 0.8757 0.0000
vt 0.0504 0.8822 0.0000
vt 0.0526 0.8724 0.0000
vt 0.0556 0.8784 0.0000
vt 0.0582 0.8691 0.0000
vt 0.0609 0.8746 0.0000
vt 0.0641 0.8660 0.0000
vt 0.0663 0.8713 0.0000
vt 0.0702 0.8635 0.0000
vt 0.0721 0.8686 0.0000
vt 0.0765 0.8617 0.0000
vt 0.0781 0.8668 0.0000
vt 0.0829 0.8603 0.0000
vt 0.0843 0.8656 0.0000
vt 0.0891 0.8589 0.0000
vt 0.0906 0.8644 0.0000
vt 0.0150 0.8786 0.0000
vt 0.0210 0.8767 0.0000
vt 0.0269 0.8749 0.0000
vt 0.0327 0.8731 0.0000
vt 0.0385 0.8712 0.0000
vt 0.0443 0.8689 0.0000
vt 0.0502 0.8664 0.0000
vt 0.0563 0.8637 0.0000
vt 0.0625 0.8612 0.0000
vt 0.0688 0.8590 0.0000
vt 0.0751 0.8571 0.0000
vt 0.0814 0.8556 0.0000
vt 0.0876 0.8539 0.0000
vt 0.0123 0.8701 0.0000
vt 0.0183 0.8685 0.0000
vt 0.0242 0.8670 0.0000
vt 0.0301 0.8655 0.0000
vt 0.0361 0.8639 0.0000
vt 0.0422 0.8622 0.0000
vt 0.0484 0.8603 0.0000
vt 0.0547 0.8582 0.0000
vt 0.0610 0.8562 0.0000
vt 0.0674 0.8542 0.0000
vt 0.0738 0.8525 0.0000
vt 0.0800 0.8509 0.0000
vt 0.0862 0.8493 0.0000
vt 0.0101 0.8613 0.0000
vt 0.0162 0.8601 0.0000
vt 0.0222 0.8589 0.0000
vt 0.0282 0.8578 0.0000
vt 0.0343 0.8567 0.0000
vt 0.0405 0.8554 0.0000
vt 0.0469 0.8541 0.0000
vt 0.0533 0.8526 0.0000
vt 0.0598 0.8510 0.0000
vt 0.0662 0.8494 0.0000
vt 0.0726 0.8477 0.0000
vt 0.0788 0.8462 0.0000
vt 0.0850 0.8447 0.0000
vt 0.0085 0.8524 0.0000
vt 0.0147 0.8515 0.0000
vt 0.0208 0.8506 0.0000
vt 0.0268 0.8499 0.0000
vt 0.0330 0.8493 0.0000
vt 0.0393 0.8486 0.0000
vt 0.0458 0.8479 0.0000
vt 0.0523 0.8470 0.0000
vt 0.0588 0.8458 0.0000
vt 0.0653 0.8444 0.0000
vt 0.0716 0.8429 0.0000
vt 0.0778 0.8414 0.0000
vt 0.0840 0.8400 0.0000
vt 0.0075 0.8433 0.0000
vt 0.0137 0.8426 0.0000
vt 0.0199 0.8420 0.0000
vt 0.0261 0.8417 0.0000
vt 0.0324 0.8416 0.0000
vt 0.0387 0.8417 0.0000
vt 0.0452 0.8416 0.0000
vt 0.0516 0.8413 0.0000
vt 0.0581 0.8405 0.0000
vt 0.0644 0.8394 0.0000
vt 0.0707 0.8379 0.0000
vt 0.0768 0.8364 0.0000
vt 0.0830 0.8351 0.0000
vt 0.0068 0.8341 0.0000
vt 0.0131 0.8338 0.0000
vt 0.0196 0.8337 0.0000
vt 0.0261 0.8339 0.0000
vt 0.0326 0.8343 0.0000
vt 0.0390 0.8349 0.0000
vt 0.0452 0.8352 0.0000
vt 0.0514 0.8351 0.0000
vt 0.0575 0.8345 0.0000
vt 0.0636 0.8335 0.0000
vt 0.0697 0.8322 0.0000
vt 0.0757 0.8308 0.0000
vt 0.0819 0.8299 0.0000
vt 0.0005 0.7118 0.0000
vt 0.0067 0.7120 0.0000
vt 0.0129 0.7125 0.0000
vt 0.0191 0.7132 0.0000
vt 0.0255 0.7140 0.0000
vt 0.0321 0.7146 0.0000
vt 0.0389 0.7148 0.0000
vt 0.0457 0.7146 0.0000
vt 0.0524 0.7139 0.0000
vt 0.0589 0.7130 0.0000
vt 0.0653 0.7119 0.0000
vt 0.0716 0.7111 0.0000
vt 0.0779 0.7106 0.0000
vt 0.0015 0.6938 0.0000
vt 0.0079 0.6944 0.0000
vt 0.0141 0.6951 0.0000
vt 0.0203 0.6959 0.0000
vt 0.0265 0.6967 0.0000
vt 0.0327 0.6973 0.0000
vt 0.0389 0.6976 0.0000
vt 0.0452 0.6975 0.0000
vt 0.0516 0.6971 0.0000
vt 0.0581 0.6966 0.0000
vt 0.0646 0.6961 0.0000
vt 0.0710 0.6958 0.0000
vt 0.0774 0.6956 0.0000
vt 0.0028 0.6767 0.0000
vt 0.0091 0.6773 0.0000
vt 0.0152 0.6780 0.0000
vt 0.0213 0.6787 0.0000
vt 0.0274 0.6794 0.0000
vt 0.0335 0.6800 0.0000
vt 0.0396 0.6805 0.0000
vt 0.0458 0.6809 0.0000
vt 0.0521 0.6811 0.0000
vt 0.0584 0.6811 0.0000
vt 0.0649 0.6812 0.0000
vt 0.0713 0.6813 0.0000
vt 0.0776 0.6816 0.0000
vt 0.0045 0.6596 0.0000
vt 0.0107 0.6603 0.0000
vt 0.0168 0.6611 0.0000
vt 0.0229 0.6618 0.0000
vt 0.0289 0.6625 0.0000
vt 0.0349 0.6633 0.0000
vt 0.0409 0.6640 0.0000
vt 0.0471 0.6647 0.0000
vt 0.0533 0.6653 0.0000
vt 0.0596 0.6659 0.0000
vt 0.0659 0.6665 0.0000
vt 0.0723 0.6671 0.0000
vt 0.0786 0.6676 0.0000
vt 0.0068 0.6427 0.0000
vt 0.0130 0.6436 0.0000
vt 0.0191 0.6443 0.0000
vt 0.0251 0.6450 0.0000
vt 0.0310 0.6458 0.0000
vt 0.0370 0.6467 0.0000
vt 0.0430 0.6476 0.0000
vt 0.0490 0.6487 0.0000
vt 0.0552 0.6498 0.0000
vt 0.0614 0.6509 0.0000
vt 0.0677 0.6519 0.0000
vt 0.0740 0.6529 0.0000
vt 0.0803 0.6538 0.0000
vt 0.0097 0.6259 0.0000
vt 0.0159 0.6269 0.0000
vt 0.0220 0.6276 0.0000
vt 0.0281 0.6283 0.0000
vt 0.0340 0.6290 0.0000
vt 0.0398 0.6300 0.0000
vt 0.0457 0.6312 0.0000
vt 0.0517 0.6327 0.0000
vt 0.0577 0.6343 0.0000
vt 0.0638 0.6359 0.0000
vt 0.0701 0.6374 0.0000
vt 0.0763 0.6388 0.0000
vt 0.0826 0.6400 0.0000
vt 0.0131 0.6095 0.0000
vt 0.0193 0.6104 0.0000
vt 0.0256 0.6109 0.0000
vt 0.0317 0.6112 0.0000
vt 0.0377 0.6118 0.0000
vt 0.0435 0.6128 0.0000
vt 0.0493 0.6144 0.0000
vt 0.0551 0.6164 0.0000
vt 0.0610 0.6187 0.0000
vt 0.0670 0.6210 0.0000
vt 0.0731 0.6230 0.0000
vt 0.0794 0.6248 0.0000
vt 0.0856 0.6263 0.0000
vt 0.0163 0.5928 0.0000
vt 0.0226 0.5936 0.0000
vt 0.0291 0.5938 0.0000
vt 0.0354 0.5939 0.0000
vt 0.0417 0.5944 0.0000
vt 0.0478 0.5956 0.0000
vt 0.0538 0.5975 0.0000
vt 0.0596 0.6000 0.0000
vt 0.0654 0.6028 0.0000
vt 0.0712 0.6056 0.0000
vt 0.0772 0.6081 0.0000
vt 0.0832 0.6100 0.0000
vt 0.0894 0.6117 0.0000
vt 0.0200 0.5746 0.0000
vt 0.0262 0.5757 0.0000
vt 0.0325 0.5761 0.0000
vt 0.0390 0.5763 0.0000
vt 0.0457 0.5770 0.0000
vt 0.0524 0.5784 0.0000
vt 0.0588 0.5804 0.0000
vt 0.0650 0.5830 0.0000
vt 0.0709 0.5858 0.0000
vt 0.0766 0.5885 0.0000
vt 0.0823 0.5909 0.0000
vt 0.0880 0.5928 0.0000
vt 0.0939 0.5944 0.0000
vt 0.1794 0.7040 0.0000
vt 0.1742 0.7038 0.0000
vt 0.1744 0.6870 0.0000
vt 0.1796 0.6872 0.0000
vt 0.1690 0.7032 0.0000
vt 0.1692 0.6862 0.0000
vt 0.1639 0.7026 0.0000
vt 0.1639 0.6854 0.0000
vt 0.1589 0.7022 0.0000
vt 0.1584 0.6849 0.0000
vt 0.1540 0.7022 0.0000
vt 0.1528 0.6850 0.0000
vt 0.1490 0.7026 0.0000
vt 0.1472 0.6857 0.0000
vt 0.1439 0.7033 0.0000
vt 0.1418 0.6869 0.0000
vt 0.1387 0.7043 0.0000
vt 0.1366 0.6883 0.0000
vt 0.1335 0.7053 0.0000
vt 0.1315 0.6897 0.0000
vt 0.1283 0.7061 0.0000
vt 0.1264 0.6908 0.0000
vt 0.1230 0.7067 0.0000
vt 0.1213 0.6916 0.0000
vt 0.1179 0.7072 0.0000
vt 0.1162 0.6921 0.0000
vt 0.1794 0.7205 0.0000
vt 0.1743 0.7203 0.0000
vt 0.1692 0.7199 0.0000
vt 0.1643 0.7195 0.0000
vt 0.1594 0.7192 0.0000
vt 0.1546 0.7190 0.0000
vt 0.1496 0.7191 0.0000
vt 0.1446 0.7194 0.0000
vt 0.1395 0.7198 0.0000
vt 0.1343 0.7203 0.0000
vt 0.1291 0.7207 0.0000
vt 0.1239 0.7210 0.0000
vt 0.1187 0.7212 0.0000
vt 0.1790 0.7370 0.0000
vt 0.1739 0.7367 0.0000
vt 0.1689 0.7363 0.0000
vt 0.1641 0.7360 0.0000
vt 0.1593 0.7357 0.0000
vt 0.1544 0.7354 0.0000
vt 0.1495 0.7353 0.0000
vt 0.1446 0.7352 0.0000
vt 0.1395 0.7351 0.0000
vt 0.1344 0.7351 0.0000
vt 0.1292 0.7351 0.0000
vt 0.1240 0.7351 0.0000
vt 0.1188 0.7351 0.0000
vt 0.1777 0.7535 0.0000
vt 0.1726 0.7530 0.0000
vt 0.1677 0.7527 0.0000
vt 0.1630 0.7523 0.0000
vt 0.1582 0.7520 0.0000
vt 0.1535 0.7517 0.0000
vt 0.1487 0.7513 0.0000
vt 0.1438 0.7508 0.0000
vt 0.1388 0.7504 0.0000
vt 0.1338 0.7499 0.0000
vt 0.1287 0.7495 0.0000
vt 0.1236 0.7493 0.0000
vt 0.1184 0.7492 0.0000
vt 0.1751 0.7700 0.0000
vt 0.1703 0.7693 0.0000
vt 0.1655 0.7690 0.0000
vt 0.1608 0.7687 0.0000
vt 0.1562 0.7684 0.0000
vt 0.1516 0.7680 0.0000
vt 0.1470 0.7674 0.0000
vt 0.1422 0.7666 0.0000
vt 0.1375 0.7657 0.0000
vt 0.1328 0.7648 0.0000
vt 0.1280 0.7641 0.0000
vt 0.1230 0.7637 0.0000
vt 0.1180 0.7635 0.0000
vt 0.1696 0.7867 0.0000
vt 0.1658 0.7857 0.0000
vt 0.1623 0.7854 0.0000
vt 0.1583 0.7850 0.0000
vt 0.1535 0.7846 0.0000
vt 0.1486 0.7840 0.0000
vt 0.1438 0.7833 0.0000
vt 0.1397 0.7826 0.0000
vt 0.1362 0.7818 0.0000
vt 0.1323 0.7810 0.0000
vt 0.1276 0.7802 0.0000
vt 0.1224 0.7795 0.0000
vt 0.1176 0.7791 0.0000
vt 0.1644 0.8024 0.0000
vt 0.1612 0.8019 0.0000
vt 0.1590 0.8020 0.0000
vt 0.1556 0.8020 0.0000
vt 0.1506 0.8017 0.0000
vt 0.1449 0.8009 0.0000
vt 0.1399 0.7998 0.0000
vt 0.1364 0.7988 0.0000
vt 0.1342 0.7979 0.0000
vt 0.1309 0.7968 0.0000
vt 0.1263 0.7958 0.0000
vt 0.1210 0.7949 0.0000
vt 0.1164 0.7943 0.0000
vt 0.1625 0.8165 0.0000
vt 0.1593 0.8162 0.0000
vt 0.1571 0.8164 0.0000
vt 0.1537 0.8165 0.0000
vt 0.1484 0.8162 0.0000
vt 0.1423 0.8153 0.0000
vt 0.1369 0.8141 0.0000
vt 0.1332 0.8128 0.0000
vt 0.1311 0.8118 0.0000
vt 0.1281 0.8107 0.0000
vt 0.1237 0.8096 0.0000
vt 0.1187 0.8087 0.0000
vt 0.1142 0.8079 0.0000
vt 0.2346 0.9929 0.0000
vt 0.2329 0.9966 0.0000
vt 0.2306 0.9779 0.0000
vt 0.2329 0.9792 0.0000
vt 0.4811 0.9706 0.0000
vt 0.4618 0.9704 0.0000
vt 0.4645 0.9688 0.0000
vt 0.4787 0.9689 0.0000
vt 0.8103 0.7303 0.0000
vt 0.8051 0.7306 0.0000
vt 0.8059 0.6310 0.0000
vt 0.8111 0.6307 0.0000
vt 0.7999 0.7310 0.0000
vt 0.8007 0.6313 0.0000
vt 0.7946 0.7312 0.0000
vt 0.7955 0.6315 0.0000
vt 0.7894 0.7313 0.0000
vt 0.7903 0.6315 0.0000
vt 0.7841 0.7311 0.0000
vt 0.7851 0.6315 0.0000
vt 0.7788 0.7308 0.0000
vt 0.7799 0.6314 0.0000
vt 0.7735 0.7304 0.0000
vt 0.7748 0.6312 0.0000
vt 0.7683 0.7301 0.0000
vt 0.7696 0.6310 0.0000
vt 0.7630 0.7298 0.0000
vt 0.7644 0.6308 0.0000
vt 0.7578 0.7296 0.0000
vt 0.7592 0.6305 0.0000
vt 0.7525 0.7295 0.0000
vt 0.7540 0.6302 0.0000
vt 0.7473 0.7296 0.0000
vt 0.7488 0.6300 0.0000
vt 0.8052 0.6152 0.0000
vt 0.8103 0.6148 0.0000
vt 0.8011 0.5525 0.0000
vt 0.8038 0.5524 0.0000
vt 0.8044 0.5679 0.0000
vt 0.8018 0.5682 0.0000
vt 0.8001 0.6156 0.0000
vt 0.7971 0.5527 0.0000
vt 0.7977 0.5684 0.0000
vt 0.7951 0.6159 0.0000
vt 0.7922 0.5530 0.0000
vt 0.7926 0.5687 0.0000
vt 0.7901 0.6159 0.0000
vt 0.7872 0.5531 0.0000
vt 0.7875 0.5688 0.0000
vt 0.7851 0.6159 0.0000
vt 0.7833 0.5532 0.0000
vt 0.7834 0.5688 0.0000
vt 0.7801 0.6157 0.0000
vt 0.7808 0.5532 0.0000
vt 0.7806 0.5688 0.0000
vt 0.7751 0.6156 0.0000
vt 0.7783 0.5531 0.0000
vt 0.7779 0.5687 0.0000
vt 0.7701 0.6155 0.0000
vt 0.7744 0.5530 0.0000
vt 0.7738 0.5686 0.0000
vt 0.7651 0.6153 0.0000
vt 0.7694 0.5527 0.0000
vt 0.7686 0.5683 0.0000
vt 0.7601 0.6150 0.0000
vt 0.7645 0.5524 0.0000
vt 0.7635 0.5680 0.0000
vt 0.7550 0.6145 0.0000
vt 0.7605 0.5521 0.0000
vt 0.7595 0.5676 0.0000
vt 0.7499 0.6141 0.0000
vt 0.7579 0.5518 0.0000
vt 0.7569 0.5674 0.0000
vt 0.1645 0.5695 0.0000
vt 0.1698 0.5698 0.0000
vt 0.1592 0.5685 0.0000
vt 0.1537 0.5675 0.0000
vt 0.1481 0.5669 0.0000
vt 0.1425 0.5670 0.0000
vt 0.1370 0.5679 0.0000
vt 0.1316 0.5694 0.0000
vt 0.1263 0.5711 0.0000
vt 0.1212 0.5729 0.0000
vt 0.1160 0.5742 0.0000
vt 0.1109 0.5750 0.0000
vt 0.1058 0.5755 0.0000
vt 0.0335 0.9051 0.0000
vt 0.0279 0.9078 0.0000
vt 0.0395 0.9029 0.0000
vt 0.0455 0.9005 0.0000
vt 0.0513 0.8976 0.0000
vt 0.0569 0.8942 0.0000
vt 0.0621 0.8907 0.0000
vt 0.0670 0.8872 0.0000
vt 0.0719 0.8841 0.0000
vt 0.0770 0.8817 0.0000
vt 0.0824 0.8801 0.0000
vt 0.0880 0.8788 0.0000
vt 0.0940 0.8775 0.0000
vt 0.0267 0.5730 0.0000
vt 0.0213 0.5719 0.0000
vt 0.0328 0.5733 0.0000
vt 0.0394 0.5737 0.0000
vt 0.0462 0.5744 0.0000
vt 0.0530 0.5758 0.0000
vt 0.0597 0.5779 0.0000
vt 0.0660 0.5805 0.0000
vt 0.0720 0.5832 0.0000
vt 0.0777 0.5859 0.0000
vt 0.0832 0.5882 0.0000
vt 0.0887 0.5902 0.0000
vt 0.0940 0.5914 0.0000
vt 0.0349 0.9078 0.0000
vt 0.0300 0.9103 0.0000
vt 0.0940 0.8807 0.0000
vt 0.0887 0.8817 0.0000
vt 0.0833 0.8830 0.0000
vt 0.0782 0.8847 0.0000
vt 0.0733 0.8869 0.0000
vt 0.0686 0.8899 0.0000
vt 0.0636 0.8933 0.0000
vt 0.0584 0.8968 0.0000
vt 0.0527 0.9002 0.0000
vt 0.0467 0.9031 0.0000
vt 0.0407 0.9056 0.0000
vt 0.2346 0.9829 0.0000
vt 0.2352 0.9879 0.0000
vt 0.2306 0.9980 0.0000
vt 0.2283 0.9792 0.0000
vt 0.2283 0.9966 0.0000
vt 0.2267 0.9829 0.0000
vt 0.2267 0.9930 0.0000
vt 0.2261 0.9879 0.0000
vt 0.4738 0.9751 0.0000
vt 0.4686 0.9750 0.0000
vt 0.4641 0.9740 0.0000
vt 0.4783 0.9742 0.0000
vt 0.4616 0.9724 0.0000
vt 0.4810 0.9725 0.0000
vt 0.4690 0.9679 0.0000
vt 0.4742 0.9679 0.0000
# 505 texture coords

g chainsaw_grip_LP
s 1
f 3979/2545/3748 3980/2546/3749 3981/2547/3750 3982/2548/3751 
f 3980/2546/3749 3983/2549/3752 3984/2550/3753 3981/2547/3750 
f 3983/2549/3752 3985/2551/3754 3986/2552/3755 3984/2550/3753 
f 3986/2552/3755 3985/2551/3754 3987/2553/3756 3988/2554/3757 
f 3988/2554/3757 3987/2553/3756 3989/2555/3758 3990/2556/3759 
f 3990/2556/3759 3989/2555/3758 3991/2557/3760 3992/2558/3761 
f 3991/2557/3760 3993/2559/3762 3994/2560/3763 3992/2558/3761 
f 3993/2559/3762 3995/2561/3764 3996/2562/3765 3994/2560/3763 
f 3995/2561/3764 3997/2563/3766 3998/2564/3767 3996/2562/3765 
f 3998/2564/3767 3997/2563/3766 3999/2565/3768 4000/2566/3769 
f 4000/2566/3769 3999/2565/3768 4001/2567/3770 4002/2568/3771 
f 4002/2568/3771 4001/2567/3770 3979/2569/3748 3982/2570/3751 
f 4003/2571/3772 4004/2572/3773 4005/2573/3774 4006/2574/3775 
f 4004/2572/3773 4007/2575/3776 4008/2576/3777 4005/2573/3774 
f 4007/2575/3776 4009/2577/3778 4010/2578/3779 4008/2576/3777 
f 4010/2578/3779 4009/2577/3778 4011/2579/3780 4012/2580/3781 
f 4012/2580/3781 4011/2579/3780 4013/2581/3782 4014/2582/3783 
f 4014/2582/3783 4013/2581/3782 4015/2583/3784 4016/2584/3785 
f 4016/2584/3785 4015/2583/3784 4017/2585/3786 4018/2586/3787 
f 4018/2586/3787 4017/2585/3786 4019/2587/3788 4020/2588/3789 
f 4020/2588/3789 4019/2587/3788 4021/2589/3790 4022/2590/3791 
f 4021/2589/3790 4023/2591/3792 4024/2592/3793 4022/2590/3791 
f 4023/2591/3792 4025/2593/3794 4026/2594/3795 4024/2592/3793 
f 4025/2593/3794 4003/2595/3772 4006/2596/3775 4026/2594/3795 
f 4027/2597/3796 4028/2598/3797 4004/2572/3773 4003/2571/3772 
f 4028/2598/3797 4029/2599/3798 4007/2575/3776 4004/2572/3773 
f 4029/2599/3798 4030/2600/3799 4009/2577/3778 4007/2575/3776 
f 4030/2600/3799 4031/2601/3800 4011/2579/3780 4009/2577/3778 
f 4031/2601/3800 4032/2602/3801 4013/2581/3782 4011/2579/3780 
f 4032/2602/3801 4033/2603/3802 4015/2583/3784 4013/2581/3782 
f 4033/2603/3802 4034/2604/3803 4017/2585/3786 4015/2583/3784 
f 4034/2604/3803 4035/2605/3804 4019/2587/3788 4017/2585/3786 
f 4035/2605/3804 4036/2606/3805 4021/2589/3790 4019/2587/3788 
f 4036/2606/3805 4037/2607/3806 4023/2591/3792 4021/2589/3790 
f 4037/2607/3806 4038/2608/3807 4025/2593/3794 4023/2591/3792 
f 4038/2608/3807 4027/2609/3796 4003/2595/3772 4025/2593/3794 
f 4039/2610/3808 4040/2611/3809 4028/2598/3797 4027/2597/3796 
f 4040/2611/3809 4041/2612/3810 4029/2599/3798 4028/2598/3797 
f 4041/2612/3810 4042/2613/3811 4030/2600/3799 4029/2599/3798 
f 4042/2613/3811 4043/2614/3812 4031/2601/3800 4030/2600/3799 
f 4043/2614/3812 4044/2615/3813 4032/2602/3801 4031/2601/3800 
f 4044/2615/3813 4045/2616/3814 4033/2603/3802 4032/2602/3801 
f 4045/2616/3814 4046/2617/3815 4034/2604/3803 4033/2603/3802 
f 4046/2617/3815 4047/2618/3816 4035/2605/3804 4034/2604/3803 
f 4047/2618/3816 4048/2619/3817 4036/2606/3805 4035/2605/3804 
f 4048/2619/3817 4049/2620/3818 4037/2607/3806 4036/2606/3805 
f 4049/2620/3818 4050/2621/3819 4038/2608/3807 4037/2607/3806 
f 4050/2621/3819 4039/2622/3808 4027/2609/3796 4038/2608/3807 
f 4051/2623/3820 4052/2624/3821 4040/2611/3809 4039/2610/3808 
f 4052/2624/3821 4053/2625/3822 4041/2612/3810 4040/2611/3809 
f 4053/2625/3822 4054/2626/3823 4042/2613/3811 4041/2612/3810 
f 4054/2626/3823 4055/2627/3824 4043/2614/3812 4042/2613/3811 
f 4055/2627/3824 4056/2628/3825 4044/2615/3813 4043/2614/3812 
f 4056/2628/3825 4057/2629/3826 4045/2616/3814 4044/2615/3813 
f 4057/2629/3826 4058/2630/3827 4046/2617/3815 4045/2616/3814 
f 4058/2630/3827 4059/2631/3828 4047/2618/3816 4046/2617/3815 
f 4059/2631/3828 4060/2632/3829 4048/2619/3817 4047/2618/3816 
f 4060/2632/3829 4061/2633/3830 4049/2620/3818 4048/2619/3817 
f 4061/2633/3830 4062/2634/3831 4050/2621/3819 4049/2620/3818 
f 4062/2634/3831 4051/2635/3820 4039/2622/3808 4050/2621/3819 
f 4063/2636/3832 4064/2637/3833 4052/2624/3821 4051/2623/3820 
f 4064/2637/3833 4065/2638/3834 4053/2625/3822 4052/2624/3821 
f 4065/2638/3834 4066/2639/3835 4054/2626/3823 4053/2625/3822 
f 4066/2639/3835 4067/2640/3836 4055/2627/3824 4054/2626/3823 
f 4067/2640/3836 4068/2641/3837 4056/2628/3825 4055/2627/3824 
f 4068/2641/3837 4069/2642/3838 4057/2629/3826 4056/2628/3825 
f 4069/2642/3838 4070/2643/3839 4058/2630/3827 4057/2629/3826 
f 4070/2643/3839 4071/2644/3840 4059/2631/3828 4058/2630/3827 
f 4071/2644/3840 4072/2645/3841 4060/2632/3829 4059/2631/3828 
f 4072/2645/3841 4073/2646/3842 4061/2633/3830 4060/2632/3829 
f 4073/2646/3842 4074/2647/3843 4062/2634/3831 4061/2633/3830 
f 4074/2647/3843 4063/2648/3832 4051/2635/3820 4062/2634/3831 
f 4075/2649/3844 4076/2650/3845 4064/2637/3833 4063/2636/3832 
f 4076/2650/3845 4077/2651/3846 4065/2638/3834 4064/2637/3833 
f 4077/2651/3846 4078/2652/3847 4066/2639/3835 4065/2638/3834 
f 4078/2652/3847 4079/2653/3848 4067/2640/3836 4066/2639/3835 
f 4079/2653/3848 4080/2654/3849 4068/2641/3837 4067/2640/3836 
f 4080/2654/3849 4081/2655/3850 4069/2642/3838 4068/2641/3837 
f 4081/2655/3850 4082/2656/3851 4070/2643/3839 4069/2642/3838 
f 4082/2656/3851 4083/2657/3852 4071/2644/3840 4070/2643/3839 
f 4083/2657/3852 4084/2658/3853 4072/2645/3841 4071/2644/3840 
f 4084/2658/3853 4085/2659/3854 4073/2646/3842 4072/2645/3841 
f 4085/2659/3854 4086/2660/3855 4074/2647/3843 4073/2646/3842 
f 4086/2660/3855 4075/2661/3844 4063/2648/3832 4074/2647/3843 
f 4075/2649/3844 4087/2662/3856 4088/2663/3857 4076/2650/3845 
f 4076/2650/3845 4088/2663/3857 4089/2664/3858 4077/2651/3846 
f 4077/2651/3846 4089/2664/3858 4090/2665/3859 4078/2652/3847 
f 4090/2665/3859 4091/2666/3860 4079/2653/3848 4078/2652/3847 
f 4091/2666/3860 4092/2667/3861 4080/2654/3849 4079/2653/3848 
f 4092/2667/3861 4093/2668/3862 4081/2655/3850 4080/2654/3849 
f 4093/2668/3862 4094/2669/3863 4082/2656/3851 4081/2655/3850 
f 4094/2669/3863 4095/2670/3864 4083/2657/3852 4082/2656/3851 
f 4095/2670/3864 4096/2671/3865 4084/2658/3853 4083/2657/3852 
f 4084/2658/3853 4096/2671/3865 4097/2672/3866 4085/2659/3854 
f 4085/2659/3854 4097/2672/3866 4098/2673/3867 4086/2660/3855 
f 4086/2660/3855 4098/2673/3867 4087/2674/3856 4075/2661/3844 
f 4099/2675/3868 4100/2676/3869 4088/2663/3857 4087/2662/3856 
f 4100/2676/3869 4101/2677/3870 4089/2664/3858 4088/2663/3857 
f 4101/2677/3870 4102/2678/3871 4090/2665/3859 4089/2664/3858 
f 4102/2678/3871 4103/2679/3872 4091/2666/3860 4090/2665/3859 
f 4103/2679/3872 4104/2680/3873 4092/2667/3861 4091/2666/3860 
f 4104/2680/3873 4105/2681/3874 4093/2668/3862 4092/2667/3861 
f 4105/2681/3874 4106/2682/3875 4094/2669/3863 4093/2668/3862 
f 4106/2682/3875 4107/2683/3876 4095/2670/3864 4094/2669/3863 
f 4107/2683/3876 4108/2684/3877 4096/2671/3865 4095/2670/3864 
f 4108/2684/3877 4109/2685/3878 4097/2672/3866 4096/2671/3865 
f 4109/2685/3878 4110/2686/3879 4098/2673/3867 4097/2672/3866 
f 4110/2686/3879 4099/2687/3868 4087/2674/3856 4098/2673/3867 
f 4111/2688/3880 4112/2689/3881 4100/2676/3869 4099/2675/3868 
f 4112/2689/3881 4113/2690/3882 4101/2677/3870 4100/2676/3869 
f 4113/2690/3882 4114/2691/3883 4102/2678/3871 4101/2677/3870 
f 4114/2691/3883 4115/2692/3884 4103/2679/3872 4102/2678/3871 
f 4115/2692/3884 4116/2693/3885 4104/2680/3873 4103/2679/3872 
f 4104/2680/3873 4116/2693/3885 4117/2694/3886 4105/2681/3874 
f 4105/2681/3874 4117/2694/3886 4118/2695/3887 4106/2682/3875 
f 4106/2682/3875 4118/2695/3887 4119/2696/3888 4107/2683/3876 
f 4107/2683/3876 4119/2696/3888 4120/2697/3889 4108/2684/3877 
f 4108/2684/3877 4120/2697/3889 4121/2698/3890 4109/2685/3878 
f 4121/2698/3890 4122/2699/3891 4110/2686/3879 4109/2685/3878 
f 4122/2699/3891 4111/2700/3880 4099/2687/3868 4110/2686/3879 
f 4123/2701/3892 4124/2702/3893 4112/2689/3881 4111/2688/3880 
f 4124/2702/3893 4125/2703/3894 4113/2690/3882 4112/2689/3881 
f 4125/2703/3894 4126/2704/3895 4114/2691/3883 4113/2690/3882 
f 4126/2704/3895 4127/2705/3896 4115/2692/3884 4114/2691/3883 
f 4127/2705/3896 4128/2706/3897 4116/2693/3885 4115/2692/3884 
f 4128/2706/3897 4129/2707/3898 4117/2694/3886 4116/2693/3885 
f 4129/2707/3898 4130/2708/3899 4118/2695/3887 4117/2694/3886 
f 4130/2708/3899 4131/2709/3900 4119/2696/3888 4118/2695/3887 
f 4131/2709/3900 4132/2710/3901 4120/2697/3889 4119/2696/3888 
f 4132/2710/3901 4133/2711/3902 4121/2698/3890 4120/2697/3889 
f 4133/2711/3902 4134/2712/3903 4122/2699/3891 4121/2698/3890 
f 4134/2712/3903 4123/2713/3892 4111/2700/3880 4122/2699/3891 
f 4135/2714/3904 4136/2715/3905 4124/2702/3893 4123/2701/3892 
f 4136/2715/3905 4137/2716/3906 4125/2703/3894 4124/2702/3893 
f 4137/2716/3906 4138/2717/3907 4126/2704/3895 4125/2703/3894 
f 4138/2717/3907 4139/2718/3908 4127/2705/3896 4126/2704/3895 
f 4139/2718/3908 4140/2719/3909 4128/2706/3897 4127/2705/3896 
f 4140/2719/3909 4141/2720/3910 4129/2707/3898 4128/2706/3897 
f 4141/2720/3910 4142/2721/3911 4130/2708/3899 4129/2707/3898 
f 4142/2721/3911 4143/2722/3912 4131/2709/3900 4130/2708/3899 
f 4143/2722/3912 4144/2723/3913 4132/2710/3901 4131/2709/3900 
f 4144/2723/3913 4145/2724/3914 4133/2711/3902 4132/2710/3901 
f 4145/2724/3914 4146/2725/3915 4134/2712/3903 4133/2711/3902 
f 4146/2725/3915 4135/2726/3904 4123/2713/3892 4134/2712/3903 
f 4147/2727/3916 4148/2728/3917 4136/2715/3905 4135/2714/3904 
f 4148/2728/3917 4149/2729/3918 4137/2716/3906 4136/2715/3905 
f 4149/2729/3918 4150/2730/3919 4138/2717/3907 4137/2716/3906 
f 4150/2730/3919 4151/2731/3920 4139/2718/3908 4138/2717/3907 
f 4151/2731/3920 4152/2732/3921 4140/2719/3909 4139/2718/3908 
f 4152/2732/3921 4153/2733/3922 4141/2720/3910 4140/2719/3909 
f 4153/2733/3922 4154/2734/3923 4142/2721/3911 4141/2720/3910 
f 4154/2734/3923 4155/2735/3924 4143/2722/3912 4142/2721/3911 
f 4155/2735/3924 4156/2736/3925 4144/2723/3913 4143/2722/3912 
f 4156/2736/3925 4157/2737/3926 4145/2724/3914 4144/2723/3913 
f 4157/2737/3926 4158/2738/3927 4146/2725/3915 4145/2724/3914 
f 4158/2738/3927 4147/2739/3916 4135/2726/3904 4146/2725/3915 
f 4159/2740/3928 4160/2741/3929 4148/2728/3917 4147/2727/3916 
f 4160/2741/3929 4161/2742/3930 4149/2729/3918 4148/2728/3917 
f 4161/2742/3930 4162/2743/3931 4150/2730/3919 4149/2729/3918 
f 4162/2743/3931 4163/2744/3932 4151/2731/3920 4150/2730/3919 
f 4163/2744/3932 4164/2745/3933 4152/2732/3921 4151/2731/3920 
f 4164/2745/3933 4165/2746/3934 4153/2733/3922 4152/2732/3921 
f 4165/2746/3934 4166/2747/3935 4154/2734/3923 4153/2733/3922 
f 4166/2747/3935 4167/2748/3936 4155/2735/3924 4154/2734/3923 
f 4167/2748/3936 4168/2749/3937 4156/2736/3925 4155/2735/3924 
f 4168/2749/3937 4169/2750/3938 4157/2737/3926 4156/2736/3925 
f 4169/2750/3938 4170/2751/3939 4158/2738/3927 4157/2737/3926 
f 4170/2751/3939 4159/2752/3928 4147/2739/3916 4158/2738/3927 
f 4171/2753/3940 4172/2754/3941 4160/2741/3929 4159/2740/3928 
f 4172/2754/3941 4173/2755/3942 4161/2742/3930 4160/2741/3929 
f 4173/2755/3942 4174/2756/3943 4162/2743/3931 4161/2742/3930 
f 4174/2756/3943 4175/2757/3944 4163/2744/3932 4162/2743/3931 
f 4175/2757/3944 4176/2758/3945 4164/2745/3933 4163/2744/3932 
f 4176/2758/3945 4177/2759/3946 4165/2746/3934 4164/2745/3933 
f 4177/2759/3946 4178/2760/3947 4166/2747/3935 4165/2746/3934 
f 4178/2760/3947 4179/2761/3948 4167/2748/3936 4166/2747/3935 
f 4179/2761/3948 4180/2762/3949 4168/2749/3937 4167/2748/3936 
f 4180/2762/3949 4181/2763/3950 4169/2750/3938 4168/2749/3937 
f 4181/2763/3950 4182/2764/3951 4170/2751/3939 4169/2750/3938 
f 4182/2764/3951 4171/2765/3940 4159/2752/3928 4170/2751/3939 
f 4171/2753/3940 4183/2766/3952 4184/2767/3953 4172/2754/3941 
f 4172/2754/3941 4184/2767/3953 4185/2768/3954 4173/2755/3942 
f 4173/2755/3942 4185/2768/3954 4186/2769/3955 4174/2756/3943 
f 4174/2756/3943 4186/2769/3955 4187/2770/3956 4175/2757/3944 
f 4187/2770/3956 4188/2771/3957 4176/2758/3945 4175/2757/3944 
f 4188/2771/3957 4189/2772/3958 4177/2759/3946 4176/2758/3945 
f 4189/2772/3958 4190/2773/3959 4178/2760/3947 4177/2759/3946 
f 4190/2773/3959 4191/2774/3960 4179/2761/3948 4178/2760/3947 
f 4191/2774/3960 4192/2775/3961 4180/2762/3949 4179/2761/3948 
f 4192/2775/3961 4193/2776/3962 4181/2763/3950 4180/2762/3949 
f 4193/2776/3962 4194/2777/3963 4182/2764/3951 4181/2763/3950 
f 4182/2764/3951 4194/2777/3963 4183/2778/3952 4171/2765/3940 
f 4183/2766/3952 4195/2779/3964 4196/2780/3965 4184/2767/3953 
f 4184/2767/3953 4196/2780/3965 4197/2781/3966 4185/2768/3954 
f 4185/2768/3954 4197/2781/3966 4198/2782/3967 4186/2769/3955 
f 4186/2769/3955 4198/2782/3967 4199/2783/3968 4187/2770/3956 
f 4199/2783/3968 4200/2784/3969 4188/2771/3957 4187/2770/3956 
f 4200/2784/3969 4201/2785/3970 4189/2772/3958 4188/2771/3957 
f 4201/2785/3970 4202/2786/3971 4190/2773/3959 4189/2772/3958 
f 4202/2786/3971 4203/2787/3972 4191/2774/3960 4190/2773/3959 
f 4203/2787/3972 4204/2788/3973 4192/2775/3961 4191/2774/3960 
f 4204/2788/3973 4205/2789/3974 4193/2776/3962 4192/2775/3961 
f 4205/2789/3974 4206/2790/3975 4194/2777/3963 4193/2776/3962 
f 4194/2777/3963 4206/2790/3975 4195/2791/3964 4183/2778/3952 
f 4207/2792/3976 4208/2793/3977 4209/2794/3978 4210/2795/3979 
f 4208/2793/3977 4211/2796/3980 4212/2797/3981 4209/2794/3978 
f 4211/2796/3980 4213/2798/3982 4214/2799/3983 4212/2797/3981 
f 4213/2798/3982 4215/2800/3984 4216/2801/3985 4214/2799/3983 
f 4215/2800/3984 4217/2802/3986 4218/2803/3987 4216/2801/3985 
f 4218/2803/3987 4217/2802/3986 4219/2804/3988 4220/2805/3989 
f 4220/2805/3989 4219/2804/3988 4221/2806/3990 4222/2807/3991 
f 4222/2807/3991 4221/2806/3990 4223/2808/3992 4224/2809/3993 
f 4224/2809/3993 4223/2808/3992 4225/2810/3994 4226/2811/3995 
f 4226/2811/3995 4225/2810/3994 4227/2812/3996 4228/2813/3997 
f 4227/2812/3996 4229/2814/3998 4230/2815/3999 4228/2813/3997 
f 4229/2814/3998 4207/2816/3976 4210/2817/3979 4230/2815/3999 
f 4231/2818/4000 4232/2819/4001 4208/2793/3977 4207/2792/3976 
f 4232/2819/4001 4233/2820/4002 4211/2796/3980 4208/2793/3977 
f 4233/2820/4002 4234/2821/4003 4213/2798/3982 4211/2796/3980 
f 4234/2821/4003 4235/2822/4004 4215/2800/3984 4213/2798/3982 
f 4235/2822/4004 4236/2823/4005 4217/2802/3986 4215/2800/3984 
f 4236/2823/4005 4237/2824/4006 4219/2804/3988 4217/2802/3986 
f 4237/2824/4006 4238/2825/4007 4221/2806/3990 4219/2804/3988 
f 4238/2825/4007 4239/2826/4008 4223/2808/3992 4221/2806/3990 
f 4239/2826/4008 4240/2827/4009 4225/2810/3994 4223/2808/3992 
f 4240/2827/4009 4241/2828/4010 4227/2812/3996 4225/2810/3994 
f 4241/2828/4010 4242/2829/4011 4229/2814/3998 4227/2812/3996 
f 4242/2829/4011 4231/2830/4000 4207/2816/3976 4229/2814/3998 
f 4243/2831/4012 4244/2832/4013 4232/2819/4001 4231/2818/4000 
f 4244/2832/4013 4245/2833/4014 4233/2820/4002 4232/2819/4001 
f 4245/2833/4014 4246/2834/4015 4234/2821/4003 4233/2820/4002 
f 4246/2834/4015 4247/2835/4016 4235/2822/4004 4234/2821/4003 
f 4247/2835/4016 4248/2836/4017 4236/2823/4005 4235/2822/4004 
f 4248/2836/4017 4249/2837/4018 4237/2824/4006 4236/2823/4005 
f 4249/2837/4018 4250/2838/4019 4238/2825/4007 4237/2824/4006 
f 4250/2838/4019 4251/2839/4020 4239/2826/4008 4238/2825/4007 
f 4251/2839/4020 4252/2840/4021 4240/2827/4009 4239/2826/4008 
f 4252/2840/4021 4253/2841/4022 4241/2828/4010 4240/2827/4009 
f 4253/2841/4022 4254/2842/4023 4242/2829/4011 4241/2828/4010 
f 4254/2842/4023 4243/2843/4012 4231/2830/4000 4242/2829/4011 
f 4255/2844/4024 4256/2845/4025 4244/2832/4013 4243/2831/4012 
f 4256/2845/4025 4257/2846/4026 4245/2833/4014 4244/2832/4013 
f 4257/2846/4026 4258/2847/4027 4246/2834/4015 4245/2833/4014 
f 4258/2847/4027 4259/2848/4028 4247/2835/4016 4246/2834/4015 
f 4259/2848/4028 4260/2849/4029 4248/2836/4017 4247/2835/4016 
f 4260/2849/4029 4261/2850/4030 4249/2837/4018 4248/2836/4017 
f 4261/2850/4030 4262/2851/4031 4250/2838/4019 4249/2837/4018 
f 4262/2851/4031 4263/2852/4032 4251/2839/4020 4250/2838/4019 
f 4263/2852/4032 4264/2853/4033 4252/2840/4021 4251/2839/4020 
f 4264/2853/4033 4265/2854/4034 4253/2841/4022 4252/2840/4021 
f 4265/2854/4034 4266/2855/4035 4254/2842/4023 4253/2841/4022 
f 4266/2855/4035 4255/2856/4024 4243/2843/4012 4254/2842/4023 
f 4267/2857/4036 4268/2858/4037 4256/2845/4025 4255/2844/4024 
f 4268/2858/4037 4269/2859/4038 4257/2846/4026 4256/2845/4025 
f 4269/2859/4038 4270/2860/4039 4258/2847/4027 4257/2846/4026 
f 4270/2860/4039 4271/2861/4040 4259/2848/4028 4258/2847/4027 
f 4271/2861/4040 4272/2862/4041 4260/2849/4029 4259/2848/4028 
f 4272/2862/4041 4273/2863/4042 4261/2850/4030 4260/2849/4029 
f 4273/2863/4042 4274/2864/4043 4262/2851/4031 4261/2850/4030 
f 4274/2864/4043 4275/2865/4044 4263/2852/4032 4262/2851/4031 
f 4275/2865/4044 4276/2866/4045 4264/2853/4033 4263/2852/4032 
f 4276/2866/4045 4277/2867/4046 4265/2854/4034 4264/2853/4033 
f 4277/2867/4046 4278/2868/4047 4266/2855/4035 4265/2854/4034 
f 4278/2868/4047 4267/2869/4036 4255/2856/4024 4266/2855/4035 
f 4279/2870/4048 4280/2871/4049 4268/2858/4037 4267/2857/4036 
f 4268/2858/4037 4280/2871/4049 4281/2872/4050 4269/2859/4038 
f 4269/2859/4038 4281/2872/4050 4282/2873/4051 4270/2860/4039 
f 4270/2860/4039 4282/2873/4051 4283/2874/4052 4271/2861/4040 
f 4283/2874/4052 4284/2875/4053 4272/2862/4041 4271/2861/4040 
f 4284/2875/4053 4285/2876/4054 4273/2863/4042 4272/2862/4041 
f 4285/2876/4054 4286/2877/4055 4274/2864/4043 4273/2863/4042 
f 4286/2877/4055 4287/2878/4056 4275/2865/4044 4274/2864/4043 
f 4275/2865/4044 4287/2878/4056 4288/2879/4057 4276/2866/4045 
f 4276/2866/4045 4288/2879/4057 4289/2880/4058 4277/2867/4046 
f 4289/2880/4058 4290/2881/4059 4278/2868/4047 4277/2867/4046 
f 4290/2881/4059 4279/2882/4048 4267/2869/4036 4278/2868/4047 
f 4279/2870/4048 4291/2883/4060 4292/2884/4061 4280/2871/4049 
f 4280/2871/4049 4292/2884/4061 4293/2885/4062 4281/2872/4050 
f 4281/2872/4050 4293/2885/4062 4294/2886/4063 4282/2873/4051 
f 4282/2873/4051 4294/2886/4063 4295/2887/4064 4283/2874/4052 
f 4295/2887/4064 4296/2888/4065 4284/2875/4053 4283/2874/4052 
f 4296/2888/4065 4297/2889/4066 4285/2876/4054 4284/2875/4053 
f 4297/2889/4066 4298/2890/4067 4286/2877/4055 4285/2876/4054 
f 4298/2890/4067 4299/2891/4068 4287/2878/4056 4286/2877/4055 
f 4299/2891/4068 4300/2892/4069 4288/2879/4057 4287/2878/4056 
f 4300/2892/4069 4301/2893/4070 4289/2880/4058 4288/2879/4057 
f 4301/2893/4070 4302/2894/4071 4290/2881/4059 4289/2880/4058 
f 4290/2881/4059 4302/2894/4071 4291/2895/4060 4279/2882/4048 
f 4291/2883/4060 4303/2896/4072 4304/2897/4073 4292/2884/4061 
f 4292/2884/4061 4304/2897/4073 4305/2898/4074 4293/2885/4062 
f 4293/2885/4062 4305/2898/4074 4306/2899/4075 4294/2886/4063 
f 4294/2886/4063 4306/2899/4075 4307/2900/4076 4295/2887/4064 
f 4307/2900/4076 4308/2901/4077 4296/2888/4065 4295/2887/4064 
f 4308/2901/4077 4309/2902/4078 4297/2889/4066 4296/2888/4065 
f 4309/2902/4078 4310/2903/4079 4298/2890/4067 4297/2889/4066 
f 4310/2903/4079 4311/2904/4080 4299/2891/4068 4298/2890/4067 
f 4311/2904/4080 4312/2905/4081 4300/2892/4069 4299/2891/4068 
f 4312/2905/4081 4313/2906/4082 4301/2893/4070 4300/2892/4069 
f 4313/2906/4082 4314/2907/4083 4302/2894/4071 4301/2893/4070 
f 4302/2894/4071 4314/2907/4083 4303/2908/4072 4291/2895/4060 
f 4315/2909/4084 4316/2910/4085 4317/2911/4086 4318/2912/4087 
f 4305/2913/4074 4310/2914/4079 4309/2915/4078 4306/2916/4075 
f 4319/2917/4088 4320/2918/4089 4321/2919/4090 4322/2920/4091 
f 4320/2918/4089 4323/2921/4092 4324/2922/4093 4321/2919/4090 
f 4323/2921/4092 4325/2923/4094 4326/2924/4095 4324/2922/4093 
f 4325/2923/4094 4327/2925/4096 4328/2926/4097 4326/2924/4095 
f 4327/2925/4096 4329/2927/4098 4330/2928/4099 4328/2926/4097 
f 4329/2927/4098 4331/2929/4100 4332/2930/4101 4330/2928/4099 
f 4331/2929/4100 4333/2931/4102 4334/2932/4103 4332/2930/4101 
f 4333/2931/4102 4335/2933/4104 4336/2934/4105 4334/2932/4103 
f 4335/2933/4104 4337/2935/4106 4338/2936/4107 4336/2934/4105 
f 4337/2935/4106 4339/2937/4108 4340/2938/4109 4338/2936/4107 
f 4339/2937/4108 4341/2939/4110 4342/2940/4111 4340/2938/4109 
f 4341/2939/4110 4319/2941/4088 4322/2942/4091 4342/2940/4111 
f 4322/2920/4091 4321/2919/4090 4343/2943/4112 4344/2944/4113 
f 4344/2944/4113 4343/2943/4112 3980/2546/3749 3979/2545/3748 
f 4318/2945/4087 4317/2946/4086 4345/2947/4114 4346/2948/4115 
f 4346/2948/4115 4345/2947/4114 3982/2548/3751 3981/2547/3750 
f 4321/2919/4090 4324/2922/4093 4347/2949/4116 4343/2943/4112 
f 4343/2943/4112 4347/2949/4116 3983/2549/3752 3980/2546/3749 
f 4348/2950/4117 4318/2945/4087 4346/2948/4115 4349/2951/4118 
f 4349/2951/4118 4346/2948/4115 3981/2547/3750 3984/2550/3753 
f 4324/2922/4093 4326/2924/4095 4350/2952/4119 4347/2949/4116 
f 4347/2949/4116 4350/2952/4119 3985/2551/3754 3983/2549/3752 
f 4351/2953/4120 4348/2950/4117 4349/2951/4118 4352/2954/4121 
f 4352/2954/4121 4349/2951/4118 3984/2550/3753 3986/2552/3755 
f 4326/2924/4095 4328/2926/4097 4353/2955/4122 4350/2952/4119 
f 3985/2551/3754 4350/2952/4119 4353/2955/4122 3987/2553/3756 
f 4315/2956/4084 4351/2953/4120 4352/2954/4121 4354/2957/4123 
f 3988/2554/3757 4354/2957/4123 4352/2954/4121 3986/2552/3755 
f 4353/2955/4122 4328/2926/4097 4330/2928/4099 4355/2958/4124 
f 3987/2553/3756 4353/2955/4122 4355/2958/4124 3989/2555/3758 
f 4316/2959/4085 4315/2956/4084 4354/2957/4123 4356/2960/4125 
f 3990/2556/3759 4356/2960/4125 4354/2957/4123 3988/2554/3757 
f 4355/2958/4124 4330/2928/4099 4332/2930/4101 4357/2961/4126 
f 3989/2555/3758 4355/2958/4124 4357/2961/4126 3991/2557/3760 
f 4358/2962/4127 4316/2959/4085 4356/2960/4125 4359/2963/4128 
f 3992/2558/3761 4359/2963/4128 4356/2960/4125 3990/2556/3759 
f 4357/2961/4126 4332/2930/4101 4334/2932/4103 4360/2964/4129 
f 4357/2961/4126 4360/2964/4129 3993/2559/3762 3991/2557/3760 
f 4361/2965/4130 4358/2962/4127 4359/2963/4128 4362/2966/4131 
f 4362/2966/4131 4359/2963/4128 3992/2558/3761 3994/2560/3763 
f 4334/2932/4103 4336/2934/4105 4363/2967/4132 4360/2964/4129 
f 4360/2964/4129 4363/2967/4132 3995/2561/3764 3993/2559/3762 
f 4364/2968/4133 4361/2965/4130 4362/2966/4131 4365/2969/4134 
f 4365/2969/4134 4362/2966/4131 3994/2560/3763 3996/2562/3765 
f 4336/2934/4105 4338/2936/4107 4366/2970/4135 4363/2967/4132 
f 4363/2967/4132 4366/2970/4135 3997/2563/3766 3995/2561/3764 
f 4367/2971/4136 4364/2968/4133 4365/2969/4134 4368/2972/4137 
f 4368/2972/4137 4365/2969/4134 3996/2562/3765 3998/2564/3767 
f 4338/2936/4107 4340/2938/4109 4369/2973/4138 4366/2970/4135 
f 3997/2563/3766 4366/2970/4135 4369/2973/4138 3999/2565/3768 
f 4370/2974/4139 4367/2971/4136 4368/2972/4137 4371/2975/4140 
f 4000/2566/3769 4371/2975/4140 4368/2972/4137 3998/2564/3767 
f 4340/2938/4109 4342/2940/4111 4372/2976/4141 4369/2973/4138 
f 3999/2565/3768 4369/2973/4138 4372/2976/4141 4001/2567/3770 
f 4373/2977/4142 4370/2974/4139 4371/2975/4140 4374/2978/4143 
f 4002/2568/3771 4374/2978/4143 4371/2975/4140 4000/2566/3769 
f 4342/2940/4111 4322/2942/4091 4344/2979/4113 4372/2976/4141 
f 4001/2567/3770 4372/2976/4141 4344/2979/4113 3979/2569/3748 
f 4317/2980/4086 4373/2977/4142 4374/2978/4143 4345/2981/4114 
f 4345/2981/4114 4374/2978/4143 4002/2568/3771 3982/2570/3751 
f 4210/2795/3979 4209/2794/3978 4375/2982/4144 4376/2983/4145 
f 4209/2794/3978 4212/2797/3981 4377/2984/4146 4375/2982/4144 
f 4212/2797/3981 4214/2799/3983 4378/2985/4147 4377/2984/4146 
f 4214/2799/3983 4216/2801/3985 4379/2986/4148 4378/2985/4147 
f 4216/2801/3985 4218/2803/3987 4380/2987/4149 4379/2986/4148 
f 4218/2803/3987 4220/2805/3989 4381/2988/4150 4380/2987/4149 
f 4220/2805/3989 4222/2807/3991 4382/2989/4151 4381/2988/4150 
f 4222/2807/3991 4224/2809/3993 4383/2990/4152 4382/2989/4151 
f 4224/2809/3993 4226/2811/3995 4384/2991/4153 4383/2990/4152 
f 4226/2811/3995 4228/2813/3997 4385/2992/4154 4384/2991/4153 
f 4228/2813/3997 4230/2815/3999 4386/2993/4155 4385/2992/4154 
f 4230/2815/3999 4210/2817/3979 4376/2994/4145 4386/2993/4155 
f 4006/2574/3775 4005/2573/3774 4387/2995/4156 4388/2996/4157 
f 4005/2573/3774 4008/2576/3777 4389/2997/4158 4387/2995/4156 
f 4008/2576/3777 4010/2578/3779 4390/2998/4159 4389/2997/4158 
f 4390/2998/4159 4010/2578/3779 4012/2580/3781 4391/2999/4160 
f 4391/2999/4160 4012/2580/3781 4014/2582/3783 4392/3000/4161 
f 4392/3000/4161 4014/2582/3783 4016/2584/3785 4393/3001/4162 
f 4393/3001/4162 4016/2584/3785 4018/2586/3787 4394/3002/4163 
f 4394/3002/4163 4018/2586/3787 4020/2588/3789 4395/3003/4164 
f 4395/3003/4164 4020/2588/3789 4022/2590/3791 4396/3004/4165 
f 4022/2590/3791 4024/2592/3793 4397/3005/4166 4396/3004/4165 
f 4024/2592/3793 4026/2594/3795 4398/3006/4167 4397/3005/4166 
f 4026/2594/3795 4006/2596/3775 4388/3007/4157 4398/3006/4167 
f 4375/3008/4144 4196/2780/3965 4195/2779/3964 4376/3009/4145 
f 4377/3010/4146 4197/2781/3966 4196/2780/3965 4375/3008/4144 
f 4378/3011/4147 4198/2782/3967 4197/2781/3966 4377/3010/4146 
f 4379/3012/4148 4199/2783/3968 4198/2782/3967 4378/3011/4147 
f 4380/3013/4149 4200/2784/3969 4199/2783/3968 4379/3012/4148 
f 4381/3014/4150 4201/2785/3970 4200/2784/3969 4380/3013/4149 
f 4382/3015/4151 4202/2786/3971 4201/2785/3970 4381/3014/4150 
f 4382/3015/4151 4383/3016/4152 4203/2787/3972 4202/2786/3971 
f 4384/3017/4153 4204/2788/3973 4203/2787/3972 4383/3016/4152 
f 4385/3018/4154 4205/2789/3974 4204/2788/3973 4384/3017/4153 
f 4386/3019/4155 4206/2790/3975 4205/2789/3974 4385/3018/4154 
f 4376/3020/4145 4195/2791/3964 4206/2790/3975 4386/3019/4155 
f 4320/3021/4089 4319/3022/4088 4388/2996/4157 4387/2995/4156 
f 4319/3023/4088 4341/3024/4110 4398/3006/4167 4388/3007/4157 
f 4341/3024/4110 4339/3025/4108 4397/3005/4166 4398/3006/4167 
f 4337/3026/4106 4396/3004/4165 4397/3005/4166 4339/3025/4108 
f 4335/3027/4104 4395/3003/4164 4396/3004/4165 4337/3026/4106 
f 4333/3028/4102 4394/3002/4163 4395/3003/4164 4335/3027/4104 
f 4331/3029/4100 4393/3001/4162 4394/3002/4163 4333/3028/4102 
f 4329/3030/4098 4392/3000/4161 4393/3001/4162 4331/3029/4100 
f 4327/3031/4096 4391/2999/4160 4392/3000/4161 4329/3030/4098 
f 4325/3032/4094 4390/2998/4159 4391/2999/4160 4327/3031/4096 
f 4323/3033/4092 4389/2997/4158 4390/2998/4159 4325/3032/4094 
f 4323/3033/4092 4320/3021/4089 4387/2995/4156 4389/2997/4158 
f 4318/2912/4087 4348/3034/4117 4351/3035/4120 4315/2909/4084 
f 4316/2910/4085 4358/3036/4127 4373/3037/4142 4317/2911/4086 
f 4358/3036/4127 4361/3038/4130 4370/3039/4139 4373/3037/4142 
f 4361/3038/4130 4364/3040/4133 4367/3041/4136 4370/3039/4139 
f 4314/3042/4083 4313/3043/4082 4312/3044/4081 4303/3045/4072 
f 4303/3045/4072 4312/3044/4081 4311/3046/4080 4304/3047/4073 
f 4304/3047/4073 4311/3046/4080 4310/2914/4079 4305/2913/4074 
f 4308/3048/4077 4307/3049/4076 4306/2916/4075 4309/2915/4078 
# 418 polygons

#
# object chainsaw_knob_01_LP
#

v  3.5841 4.1839 0.2815
v  4.1653 4.2484 0.2974
v  4.1653 4.2799 0.0376
v  3.5841 4.2135 0.0376
v  3.5841 4.0968 0.5112
v  4.1653 4.1556 0.5421
v  3.5841 3.9572 0.7135
v  4.1653 4.0069 0.7575
v  3.5841 3.7733 0.8764
v  4.1653 3.8110 0.9310
v  3.5841 3.5557 0.9906
v  4.1653 3.5793 1.0527
v  3.5841 3.3172 1.0494
v  4.1653 3.3252 1.1153
v  3.5841 3.0715 1.0494
v  4.1653 3.0634 1.1153
v  3.5841 2.8329 0.9906
v  4.1653 2.8093 1.0527
v  3.5841 2.6153 0.8764
v  4.1653 2.5776 0.9310
v  3.5841 2.4314 0.7135
v  4.1653 2.3817 0.7575
v  3.5841 2.2918 0.5112
v  4.1653 2.2330 0.5421
v  3.5841 2.2047 0.2815
v  4.1653 2.1402 0.2974
v  3.5841 2.1751 0.0376
v  4.1653 2.1087 0.0376
v  3.5841 2.2047 -0.2063
v  4.1653 2.1402 -0.2222
v  3.5841 2.2918 -0.4361
v  4.1653 2.2330 -0.4669
v  3.5841 2.4314 -0.6383
v  4.1653 2.3817 -0.6823
v  3.5841 2.6153 -0.8012
v  4.1653 2.5776 -0.8559
v  3.5841 2.8329 -0.9154
v  4.1653 2.8093 -0.9775
v  3.5841 3.0715 -0.9742
v  4.1653 3.0634 -1.0401
v  3.5841 3.3172 -0.9742
v  4.1653 3.3252 -1.0401
v  3.5841 3.5557 -0.9154
v  4.1653 3.5793 -0.9775
v  3.5841 3.7733 -0.8012
v  4.1653 3.8110 -0.8559
v  3.5841 3.9572 -0.6383
v  4.1653 4.0069 -0.6823
v  3.5841 4.0968 -0.4361
v  4.1653 4.1556 -0.4669
v  3.5841 4.1839 -0.2063
v  4.1653 4.2484 -0.2222
v  4.1653 4.2832 0.3060
v  4.2312 4.2832 0.3060
v  4.2312 4.3157 0.0376
v  4.1653 4.3157 0.0376
v  4.1653 4.1873 0.5587
v  4.2312 4.1873 0.5587
v  4.1653 4.0337 0.7812
v  4.2312 4.0337 0.7812
v  4.1653 3.8314 0.9605
v  4.2312 3.8314 0.9605
v  4.1653 3.5920 1.0861
v  4.2312 3.5920 1.0861
v  4.1653 3.3295 1.1508
v  4.2312 3.3295 1.1508
v  4.1653 3.0591 1.1508
v  4.2312 3.0591 1.1508
v  4.1653 2.7966 1.0861
v  4.2312 2.7966 1.0861
v  4.1653 2.5573 0.9605
v  4.2312 2.5573 0.9605
v  4.1653 2.3549 0.7812
v  4.2312 2.3549 0.7812
v  4.1653 2.2013 0.5587
v  4.2312 2.2013 0.5587
v  4.1653 2.1055 0.3060
v  4.2312 2.1055 0.3060
v  4.1653 2.0729 0.0376
v  4.2312 2.0729 0.0376
v  4.1653 2.1055 -0.2308
v  4.2312 2.1055 -0.2308
v  4.1653 2.2013 -0.4836
v  4.2312 2.2013 -0.4836
v  4.1653 2.3549 -0.7061
v  4.2312 2.3549 -0.7061
v  4.1653 2.5573 -0.8853
v  4.2312 2.5573 -0.8853
v  4.1653 2.7966 -1.0110
v  4.2312 2.7966 -1.0110
v  4.1653 3.0591 -1.0757
v  4.2312 3.0591 -1.0757
v  4.1653 3.3295 -1.0757
v  4.2312 3.3295 -1.0757
v  4.1653 3.5920 -1.0110
v  4.2312 3.5920 -1.0110
v  4.1653 3.8314 -0.8853
v  4.2312 3.8314 -0.8853
v  4.1653 4.0337 -0.7061
v  4.2312 4.0337 -0.7061
v  4.1653 4.1873 -0.4836
v  4.2312 4.1873 -0.4836
v  4.1653 4.2832 -0.2308
v  4.2312 4.2832 -0.2308
v  4.2312 4.2799 0.0376
v  4.2312 4.2484 0.2974
v  4.2312 4.2484 -0.2222
v  4.2312 4.1556 -0.4669
v  4.2312 4.0069 -0.6823
v  4.2312 3.8110 -0.8559
v  4.2312 3.5793 -0.9775
v  4.2312 3.3252 -1.0401
v  4.2312 3.0634 -1.0401
v  4.2312 2.8093 -0.9775
v  4.2312 2.5776 -0.8559
v  4.2312 2.3817 -0.6823
v  4.2312 2.2330 -0.4669
v  4.2312 2.1402 -0.2222
v  4.2312 2.1087 0.0376
v  4.2312 2.1402 0.2974
v  4.2312 2.2330 0.5421
v  4.2312 2.3817 0.7575
v  4.2312 2.5776 0.9310
v  4.2312 2.8093 1.0527
v  4.2312 3.0634 1.1153
v  4.2312 3.3252 1.1153
v  4.2312 3.5793 1.0527
v  4.2312 3.8110 0.9310
v  4.2312 4.0069 0.7575
v  4.2312 4.1556 0.5421
v  4.3413 3.8046 0.1880
v  4.3413 3.8229 0.0376
v  4.3413 3.7509 0.3297
v  4.3413 3.6648 0.4544
v  4.3413 3.5514 0.5549
v  4.3413 3.4172 0.6253
v  4.3413 3.2701 0.6616
v  4.3413 3.1185 0.6616
v  4.3413 2.9714 0.6253
v  4.3413 2.8372 0.5549
v  4.3413 2.7238 0.4544
v  4.3413 2.6377 0.3297
v  4.3413 2.5840 0.1880
v  4.3413 2.5657 0.0376
v  4.3413 2.5840 -0.1128
v  4.3413 2.6377 -0.2545
v  4.3413 2.7238 -0.3792
v  4.3413 2.8372 -0.4797
v  4.3413 2.9714 -0.5501
v  4.3413 3.1185 -0.5864
v  4.3413 3.2701 -0.5864
v  4.3413 3.4172 -0.5501
v  4.3413 3.5514 -0.4797
v  4.3413 3.6648 -0.3792
v  4.3413 3.7509 -0.2545
v  4.3413 3.8046 -0.1128
v  4.3889 3.1943 0.0376
# 157 vertices

vn -0.1135 0.9647 0.2377
vn -0.7723 0.6168 0.1520
vn -0.7722 0.6353 0.0000
vn -0.1135 0.9935 0.0000
vn -0.1136 0.8798 0.4616
vn -0.7723 0.5625 0.2952
vn -0.1135 0.7437 0.6588
vn -0.7723 0.4755 0.4213
vn -0.1134 0.5644 0.8177
vn -0.7722 0.3610 0.5229
vn -0.1135 0.3524 0.9290
vn -0.7723 0.2253 0.5939
vn -0.1135 0.1198 0.9863
vn -0.7723 0.0765 0.6307
vn -0.1135 -0.1197 0.9863
vn -0.7723 -0.0766 0.6307
vn -0.1136 -0.3523 0.9290
vn -0.7723 -0.2253 0.5939
vn -0.1135 -0.5644 0.8177
vn -0.7722 -0.3610 0.5229
vn -0.1135 -0.7437 0.6588
vn -0.7723 -0.4755 0.4213
vn -0.1135 -0.8798 0.4617
vn -0.7723 -0.5625 0.2952
vn -0.1136 -0.9647 0.2377
vn -0.7723 -0.6168 0.1520
vn -0.1135 -0.9935 -0.0000
vn -0.7722 -0.6353 -0.0000
vn -0.1135 -0.9647 -0.2376
vn -0.7723 -0.6168 -0.1520
vn -0.1135 -0.8797 -0.4617
vn -0.7723 -0.5625 -0.2952
vn -0.1135 -0.7436 -0.6589
vn -0.7723 -0.4755 -0.4213
vn -0.1135 -0.5644 -0.8177
vn -0.7723 -0.3609 -0.5228
vn -0.1136 -0.3523 -0.9290
vn -0.7723 -0.2252 -0.5940
vn -0.1135 -0.1197 -0.9863
vn -0.7723 -0.0766 -0.6307
vn -0.1135 0.1198 -0.9863
vn -0.7723 0.0766 -0.6307
vn -0.1135 0.3523 -0.9290
vn -0.7723 0.2252 -0.5940
vn -0.1136 0.5644 -0.8177
vn -0.7723 0.3609 -0.5228
vn -0.1135 0.7436 -0.6589
vn -0.7722 0.4756 -0.4213
vn -0.1135 0.8798 -0.4617
vn -0.7723 0.5625 -0.2952
vn -0.1135 0.9647 -0.2377
vn -0.7723 0.6168 -0.1520
vn -0.6809 0.7111 0.1752
vn 0.6809 0.7111 0.1752
vn 0.6810 0.7323 0.0000
vn -0.6810 0.7323 0.0000
vn -0.6810 0.6484 0.3404
vn 0.6810 0.6484 0.3404
vn -0.6810 0.5482 0.4856
vn 0.6810 0.5482 0.4856
vn -0.6809 0.4160 0.6027
vn 0.6809 0.4160 0.6027
vn -0.6810 0.2596 0.6847
vn 0.6810 0.2596 0.6847
vn -0.6810 0.0883 0.7270
vn 0.6810 0.0883 0.7270
vn -0.6810 -0.0883 0.7270
vn 0.6810 -0.0883 0.7270
vn -0.6810 -0.2597 0.6847
vn 0.6810 -0.2597 0.6847
vn -0.6810 -0.4160 0.6027
vn 0.6810 -0.4160 0.6027
vn -0.6810 -0.5481 0.4856
vn 0.6810 -0.5481 0.4856
vn -0.6809 -0.6485 0.3403
vn 0.6809 -0.6485 0.3403
vn -0.6810 -0.7110 0.1752
vn 0.6810 -0.7110 0.1752
vn -0.6809 -0.7323 0.0000
vn 0.6809 -0.7323 0.0000
vn -0.6810 -0.7110 -0.1752
vn 0.6810 -0.7110 -0.1752
vn -0.6809 -0.6485 -0.3403
vn 0.6809 -0.6485 -0.3403
vn -0.6809 -0.5481 -0.4857
vn 0.6809 -0.5481 -0.4857
vn -0.6810 -0.4160 -0.6026
vn 0.6810 -0.4160 -0.6026
vn -0.6809 -0.2598 -0.6847
vn 0.6809 -0.2598 -0.6847
vn -0.6810 -0.0883 -0.7270
vn 0.6810 -0.0883 -0.7270
vn -0.6810 0.0883 -0.7270
vn 0.6810 0.0883 -0.7270
vn -0.6809 0.2598 -0.6847
vn 0.6809 0.2598 -0.6847
vn -0.6810 0.4160 -0.6026
vn 0.6810 0.4160 -0.6026
vn -0.6810 0.5481 -0.4857
vn 0.6810 0.5481 -0.4857
vn -0.6810 0.6484 -0.3404
vn 0.6810 0.6484 -0.3404
vn -0.6809 0.7111 -0.1752
vn 0.6809 0.7111 -0.1752
vn 0.9940 0.1090 -0.0000
vn 0.9940 0.1058 0.0261
vn 0.9940 0.1058 -0.0261
vn 0.9940 0.0965 -0.0506
vn 0.9940 0.0816 -0.0723
vn 0.9940 0.0619 -0.0897
vn 0.9940 0.0386 -0.1019
vn 0.9940 0.0131 -0.1082
vn 0.9940 -0.0131 -0.1082
vn 0.9940 -0.0386 -0.1019
vn 0.9940 -0.0619 -0.0897
vn 0.9940 -0.0816 -0.0723
vn 0.9940 -0.0965 -0.0506
vn 0.9940 -0.1058 -0.0261
vn 0.9940 -0.1090 0.0000
vn 0.9940 -0.1058 0.0261
vn 0.9940 -0.0965 0.0506
vn 0.9940 -0.0815 0.0723
vn 0.9940 -0.0619 0.0897
vn 0.9940 -0.0386 0.1018
vn 0.9940 -0.0131 0.1082
vn 0.9940 0.0131 0.1082
vn 0.9940 0.0386 0.1019
vn 0.9940 0.0619 0.0897
vn 0.9940 0.0815 0.0723
vn 0.9940 0.0965 0.0506
vn 0.9869 0.1567 0.0386
vn 0.9869 0.1614 -0.0000
vn 0.9869 0.1429 0.0750
vn 0.9869 0.1208 0.1070
vn 0.9869 0.0917 0.1328
vn 0.9869 0.0572 0.1509
vn 0.9869 0.0195 0.1602
vn 0.9869 -0.0195 0.1602
vn 0.9869 -0.0572 0.1509
vn 0.9869 -0.0917 0.1328
vn 0.9869 -0.1208 0.1070
vn 0.9869 -0.1429 0.0750
vn 0.9869 -0.1567 0.0386
vn 0.9869 -0.1614 0.0000
vn 0.9869 -0.1567 -0.0386
vn 0.9869 -0.1429 -0.0750
vn 0.9869 -0.1208 -0.1070
vn 0.9869 -0.0917 -0.1328
vn 0.9869 -0.0572 -0.1509
vn 0.9869 -0.0195 -0.1602
vn 0.9869 0.0195 -0.1602
vn 0.9869 0.0572 -0.1509
vn 0.9869 0.0917 -0.1328
vn 0.9869 0.1208 -0.1070
vn 0.9869 0.1429 -0.0750
vn 0.9869 0.1567 -0.0386
vn 1.0000 -0.0000 -0.0000
# 157 vertex normals

vt 0.6864 0.2368 0.0000
vt 0.6981 0.2374 0.0000
vt 0.6978 0.2427 0.0000
vt 0.6861 0.2417 0.0000
vt 0.6866 0.2319 0.0000
vt 0.6983 0.2322 0.0000
vt 0.6867 0.2269 0.0000
vt 0.6984 0.2269 0.0000
vt 0.6866 0.2220 0.0000
vt 0.6983 0.2217 0.0000
vt 0.6864 0.2171 0.0000
vt 0.6981 0.2164 0.0000
vt 0.6861 0.2122 0.0000
vt 0.6978 0.2112 0.0000
vt 0.6856 0.2072 0.0000
vt 0.6972 0.2059 0.0000
vt 0.6849 0.2024 0.0000
vt 0.6966 0.2007 0.0000
vt 0.6842 0.1975 0.0000
vt 0.6958 0.1955 0.0000
vt 0.6833 0.1926 0.0000
vt 0.6948 0.1903 0.0000
vt 0.6823 0.1878 0.0000
vt 0.6937 0.1852 0.0000
vt 0.6811 0.1830 0.0000
vt 0.6925 0.1801 0.0000
vt 0.6798 0.1783 0.0000
vt 0.6911 0.1750 0.0000
vt 0.6784 0.1735 0.0000
vt 0.6896 0.1700 0.0000
vt 0.6768 0.1689 0.0000
vt 0.6879 0.1650 0.0000
vt 0.6751 0.1642 0.0000
vt 0.6861 0.1601 0.0000
vt 0.6733 0.1596 0.0000
vt 0.6842 0.1552 0.0000
vt 0.6714 0.1551 0.0000
vt 0.6821 0.1503 0.0000
vt 0.6693 0.1506 0.0000
vt 0.6799 0.1456 0.0000
vt 0.6671 0.1462 0.0000
vt 0.6776 0.1408 0.0000
vt 0.6823 0.2661 0.0000
vt 0.6938 0.2686 0.0000
vt 0.6925 0.2738 0.0000
vt 0.6811 0.2709 0.0000
vt 0.6833 0.2612 0.0000
vt 0.6948 0.2635 0.0000
vt 0.6842 0.2564 0.0000
vt 0.6958 0.2583 0.0000
vt 0.6850 0.2515 0.0000
vt 0.6966 0.2531 0.0000
vt 0.6856 0.2466 0.0000
vt 0.6972 0.2479 0.0000
vt 0.6926 0.4792 0.0000
vt 0.6940 0.4792 0.0000
vt 0.6939 0.4846 0.0000
vt 0.6926 0.4846 0.0000
vt 0.6926 0.4737 0.0000
vt 0.6940 0.4737 0.0000
vt 0.6926 0.4683 0.0000
vt 0.6939 0.4683 0.0000
vt 0.6926 0.4629 0.0000
vt 0.6939 0.4629 0.0000
vt 0.6925 0.4575 0.0000
vt 0.6938 0.4574 0.0000
vt 0.6925 0.4520 0.0000
vt 0.6938 0.4520 0.0000
vt 0.6924 0.4466 0.0000
vt 0.6937 0.4466 0.0000
vt 0.7475 0.9378 0.0000
vt 0.7488 0.9378 0.0000
vt 0.7489 0.9432 0.0000
vt 0.7476 0.9432 0.0000
vt 0.7475 0.9324 0.0000
vt 0.7488 0.9324 0.0000
vt 0.7474 0.9269 0.0000
vt 0.7487 0.9269 0.0000
vt 0.7474 0.9215 0.0000
vt 0.7487 0.9215 0.0000
vt 0.7473 0.9161 0.0000
vt 0.7487 0.9161 0.0000
vt 0.7473 0.9107 0.0000
vt 0.7487 0.9107 0.0000
vt 0.7473 0.9052 0.0000
vt 0.7487 0.9052 0.0000
vt 0.7474 0.8998 0.0000
vt 0.7487 0.8998 0.0000
vt 0.7474 0.8944 0.0000
vt 0.7488 0.8944 0.0000
vt 0.7475 0.8889 0.0000
vt 0.7488 0.8889 0.0000
vt 0.7476 0.8835 0.0000
vt 0.7489 0.8835 0.0000
vt 0.7477 0.8781 0.0000
vt 0.7491 0.8781 0.0000
vt 0.7479 0.8726 0.0000
vt 0.7492 0.8727 0.0000
vt 0.6923 0.5117 0.0000
vt 0.6936 0.5118 0.0000
vt 0.6935 0.5172 0.0000
vt 0.6922 0.5172 0.0000
vt 0.6924 0.5063 0.0000
vt 0.6937 0.5063 0.0000
vt 0.6925 0.5009 0.0000
vt 0.6938 0.5009 0.0000
vt 0.6925 0.4955 0.0000
vt 0.6939 0.4955 0.0000
vt 0.6926 0.4900 0.0000
vt 0.6939 0.4900 0.0000
vt 0.6935 0.6396 0.0000
vt 0.6928 0.6397 0.0000
vt 0.6922 0.6344 0.0000
vt 0.6929 0.6344 0.0000
vt 0.6954 0.6445 0.0000
vt 0.6948 0.6448 0.0000
vt 0.6984 0.6488 0.0000
vt 0.6979 0.6493 0.0000
vt 0.7023 0.6523 0.0000
vt 0.7019 0.6529 0.0000
vt 0.7070 0.6547 0.0000
vt 0.7067 0.6554 0.0000
vt 0.7121 0.6560 0.0000
vt 0.7120 0.6567 0.0000
vt 0.7173 0.6560 0.0000
vt 0.7174 0.6567 0.0000
vt 0.7224 0.6547 0.0000
vt 0.7227 0.6554 0.0000
vt 0.7271 0.6523 0.0000
vt 0.7275 0.6529 0.0000
vt 0.7310 0.6488 0.0000
vt 0.7316 0.6493 0.0000
vt 0.7340 0.6445 0.0000
vt 0.7347 0.6448 0.0000
vt 0.7359 0.6396 0.0000
vt 0.7366 0.6397 0.0000
vt 0.7365 0.6344 0.0000
vt 0.7372 0.6344 0.0000
vt 0.7359 0.6291 0.0000
vt 0.7366 0.6290 0.0000
vt 0.7340 0.6242 0.0000
vt 0.7347 0.6239 0.0000
vt 0.7310 0.6199 0.0000
vt 0.7316 0.6194 0.0000
vt 0.7271 0.6164 0.0000
vt 0.7275 0.6158 0.0000
vt 0.7224 0.6140 0.0000
vt 0.7227 0.6133 0.0000
vt 0.7173 0.6127 0.0000
vt 0.7174 0.6120 0.0000
vt 0.7121 0.6127 0.0000
vt 0.7120 0.6120 0.0000
vt 0.7070 0.6140 0.0000
vt 0.7067 0.6133 0.0000
vt 0.7023 0.6164 0.0000
vt 0.7019 0.6158 0.0000
vt 0.6984 0.6199 0.0000
vt 0.6979 0.6194 0.0000
vt 0.6954 0.6242 0.0000
vt 0.6948 0.6239 0.0000
vt 0.6935 0.6291 0.0000
vt 0.6928 0.6290 0.0000
vt 0.7470 0.5243 0.0000
vt 0.7477 0.5243 0.0000
vt 0.7470 0.5297 0.0000
vt 0.7463 0.5296 0.0000
vt 0.7463 0.5190 0.0000
vt 0.7470 0.5189 0.0000
vt 0.7445 0.5141 0.0000
vt 0.7451 0.5137 0.0000
vt 0.7414 0.5097 0.0000
vt 0.7420 0.5092 0.0000
vt 0.7375 0.5062 0.0000
vt 0.7379 0.5056 0.0000
vt 0.7328 0.5037 0.0000
vt 0.7330 0.5030 0.0000
vt 0.7276 0.5024 0.0000
vt 0.7277 0.5017 0.0000
vt 0.7223 0.5024 0.0000
vt 0.7222 0.5017 0.0000
vt 0.7171 0.5037 0.0000
vt 0.7169 0.5030 0.0000
vt 0.7124 0.5062 0.0000
vt 0.7120 0.5056 0.0000
vt 0.7085 0.5097 0.0000
vt 0.7079 0.5092 0.0000
vt 0.7054 0.5141 0.0000
vt 0.7048 0.5137 0.0000
vt 0.7036 0.5190 0.0000
vt 0.7029 0.5189 0.0000
vt 0.7029 0.5243 0.0000
vt 0.7022 0.5243 0.0000
vt 0.7036 0.5296 0.0000
vt 0.7029 0.5297 0.0000
vt 0.7054 0.5345 0.0000
vt 0.7048 0.5349 0.0000
vt 0.7085 0.5389 0.0000
vt 0.7079 0.5394 0.0000
vt 0.7124 0.5424 0.0000
vt 0.7120 0.5430 0.0000
vt 0.7171 0.5449 0.0000
vt 0.7169 0.5456 0.0000
vt 0.7223 0.5462 0.0000
vt 0.7222 0.5469 0.0000
vt 0.7276 0.5462 0.0000
vt 0.7277 0.5469 0.0000
vt 0.7328 0.5449 0.0000
vt 0.7330 0.5456 0.0000
vt 0.7375 0.5424 0.0000
vt 0.7379 0.5430 0.0000
vt 0.7414 0.5389 0.0000
vt 0.7420 0.5394 0.0000
vt 0.7445 0.5345 0.0000
vt 0.7451 0.5349 0.0000
vt 0.7372 0.5273 0.0000
vt 0.7376 0.5243 0.0000
vt 0.7361 0.5302 0.0000
vt 0.7344 0.5327 0.0000
vt 0.7321 0.5347 0.0000
vt 0.7294 0.5361 0.0000
vt 0.7265 0.5368 0.0000
vt 0.7234 0.5368 0.0000
vt 0.7205 0.5361 0.0000
vt 0.7178 0.5347 0.0000
vt 0.7155 0.5327 0.0000
vt 0.7138 0.5302 0.0000
vt 0.7127 0.5273 0.0000
vt 0.7123 0.5243 0.0000
vt 0.7127 0.5213 0.0000
vt 0.7138 0.5184 0.0000
vt 0.7155 0.5159 0.0000
vt 0.7178 0.5139 0.0000
vt 0.7205 0.5125 0.0000
vt 0.7234 0.5118 0.0000
vt 0.7265 0.5118 0.0000
vt 0.7294 0.5125 0.0000
vt 0.7321 0.5139 0.0000
vt 0.7344 0.5159 0.0000
vt 0.7361 0.5184 0.0000
vt 0.7372 0.5213 0.0000
vt 0.7250 0.5243 0.0000
# 241 texture coords

g chainsaw_knob_01_LP
s 1
f 4399/3050/4168 4400/3051/4169 4401/3052/4170 4402/3053/4171 
f 4403/3054/4172 4404/3055/4173 4400/3051/4169 4399/3050/4168 
f 4405/3056/4174 4406/3057/4175 4404/3055/4173 4403/3054/4172 
f 4407/3058/4176 4408/3059/4177 4406/3057/4175 4405/3056/4174 
f 4409/3060/4178 4410/3061/4179 4408/3059/4177 4407/3058/4176 
f 4411/3062/4180 4412/3063/4181 4410/3061/4179 4409/3060/4178 
f 4413/3064/4182 4414/3065/4183 4412/3063/4181 4411/3062/4180 
f 4415/3066/4184 4416/3067/4185 4414/3065/4183 4413/3064/4182 
f 4417/3068/4186 4418/3069/4187 4416/3067/4185 4415/3066/4184 
f 4419/3070/4188 4420/3071/4189 4418/3069/4187 4417/3068/4186 
f 4421/3072/4190 4422/3073/4191 4420/3071/4189 4419/3070/4188 
f 4423/3074/4192 4424/3075/4193 4422/3073/4191 4421/3072/4190 
f 4425/3076/4194 4426/3077/4195 4424/3075/4193 4423/3074/4192 
f 4427/3078/4196 4428/3079/4197 4426/3077/4195 4425/3076/4194 
f 4429/3080/4198 4430/3081/4199 4428/3079/4197 4427/3078/4196 
f 4431/3082/4200 4432/3083/4201 4430/3081/4199 4429/3080/4198 
f 4433/3084/4202 4434/3085/4203 4432/3083/4201 4431/3082/4200 
f 4435/3086/4204 4436/3087/4205 4434/3085/4203 4433/3084/4202 
f 4437/3088/4206 4438/3089/4207 4436/3087/4205 4435/3086/4204 
f 4439/3090/4208 4440/3091/4209 4438/3089/4207 4437/3088/4206 
f 4441/3092/4210 4442/3093/4211 4440/3094/4209 4439/3095/4208 
f 4443/3096/4212 4444/3097/4213 4442/3093/4211 4441/3092/4210 
f 4445/3098/4214 4446/3099/4215 4444/3097/4213 4443/3096/4212 
f 4447/3100/4216 4448/3101/4217 4446/3099/4215 4445/3098/4214 
f 4449/3102/4218 4450/3103/4219 4448/3101/4217 4447/3100/4216 
f 4402/3053/4171 4401/3052/4170 4450/3103/4219 4449/3102/4218 
f 4451/3104/4220 4452/3105/4221 4453/3106/4222 4454/3107/4223 
f 4455/3108/4224 4456/3109/4225 4452/3105/4221 4451/3104/4220 
f 4457/3110/4226 4458/3111/4227 4456/3109/4225 4455/3108/4224 
f 4459/3112/4228 4460/3113/4229 4458/3111/4227 4457/3110/4226 
f 4461/3114/4230 4462/3115/4231 4460/3113/4229 4459/3112/4228 
f 4463/3116/4232 4464/3117/4233 4462/3115/4231 4461/3114/4230 
f 4465/3118/4234 4466/3119/4235 4464/3117/4233 4463/3116/4232 
f 4467/3120/4236 4468/3121/4237 4466/3122/4235 4465/3123/4234 
f 4469/3124/4238 4470/3125/4239 4468/3121/4237 4467/3120/4236 
f 4471/3126/4240 4472/3127/4241 4470/3125/4239 4469/3124/4238 
f 4473/3128/4242 4474/3129/4243 4472/3127/4241 4471/3126/4240 
f 4475/3130/4244 4476/3131/4245 4474/3129/4243 4473/3128/4242 
f 4477/3132/4246 4478/3133/4247 4476/3131/4245 4475/3130/4244 
f 4479/3134/4248 4480/3135/4249 4478/3133/4247 4477/3132/4246 
f 4481/3136/4250 4482/3137/4251 4480/3135/4249 4479/3134/4248 
f 4483/3138/4252 4484/3139/4253 4482/3137/4251 4481/3136/4250 
f 4485/3140/4254 4486/3141/4255 4484/3139/4253 4483/3138/4252 
f 4487/3142/4256 4488/3143/4257 4486/3141/4255 4485/3140/4254 
f 4489/3144/4258 4490/3145/4259 4488/3143/4257 4487/3142/4256 
f 4491/3146/4260 4492/3147/4261 4490/3145/4259 4489/3144/4258 
f 4493/3148/4262 4494/3149/4263 4492/3150/4261 4491/3151/4260 
f 4495/3152/4264 4496/3153/4265 4494/3149/4263 4493/3148/4262 
f 4497/3154/4266 4498/3155/4267 4496/3153/4265 4495/3152/4264 
f 4499/3156/4268 4500/3157/4269 4498/3155/4267 4497/3154/4266 
f 4501/3158/4270 4502/3159/4271 4500/3157/4269 4499/3156/4268 
f 4454/3107/4223 4453/3106/4222 4502/3159/4271 4501/3158/4270 
f 4400/3160/4169 4451/3161/4220 4454/3162/4223 4401/3163/4170 
f 4404/3164/4173 4455/3165/4224 4451/3161/4220 4400/3160/4169 
f 4406/3166/4175 4457/3167/4226 4455/3165/4224 4404/3164/4173 
f 4408/3168/4177 4459/3169/4228 4457/3167/4226 4406/3166/4175 
f 4410/3170/4179 4461/3171/4230 4459/3169/4228 4408/3168/4177 
f 4412/3172/4181 4463/3173/4232 4461/3171/4230 4410/3170/4179 
f 4414/3174/4183 4465/3175/4234 4463/3173/4232 4412/3172/4181 
f 4416/3176/4185 4467/3177/4236 4465/3175/4234 4414/3174/4183 
f 4418/3178/4187 4469/3179/4238 4467/3177/4236 4416/3176/4185 
f 4420/3180/4189 4471/3181/4240 4469/3179/4238 4418/3178/4187 
f 4422/3182/4191 4473/3183/4242 4471/3181/4240 4420/3180/4189 
f 4424/3184/4193 4475/3185/4244 4473/3183/4242 4422/3182/4191 
f 4426/3186/4195 4477/3187/4246 4475/3185/4244 4424/3184/4193 
f 4428/3188/4197 4479/3189/4248 4477/3187/4246 4426/3186/4195 
f 4430/3190/4199 4481/3191/4250 4479/3189/4248 4428/3188/4197 
f 4432/3192/4201 4483/3193/4252 4481/3191/4250 4430/3190/4199 
f 4434/3194/4203 4485/3195/4254 4483/3193/4252 4432/3192/4201 
f 4436/3196/4205 4487/3197/4256 4485/3195/4254 4434/3194/4203 
f 4438/3198/4207 4489/3199/4258 4487/3197/4256 4436/3196/4205 
f 4440/3200/4209 4491/3201/4260 4489/3199/4258 4438/3198/4207 
f 4442/3202/4211 4493/3203/4262 4491/3201/4260 4440/3200/4209 
f 4444/3204/4213 4495/3205/4264 4493/3203/4262 4442/3202/4211 
f 4446/3206/4215 4497/3207/4266 4495/3205/4264 4444/3204/4213 
f 4448/3208/4217 4499/3209/4268 4497/3207/4266 4446/3206/4215 
f 4450/3210/4219 4501/3211/4270 4499/3209/4268 4448/3208/4217 
f 4401/3163/4170 4454/3162/4223 4501/3211/4270 4450/3210/4219 
f 4503/3212/4272 4453/3213/4222 4452/3214/4221 4504/3215/4273 
f 4505/3216/4274 4502/3217/4271 4453/3213/4222 4503/3212/4272 
f 4506/3218/4275 4500/3219/4269 4502/3217/4271 4505/3216/4274 
f 4507/3220/4276 4498/3221/4267 4500/3219/4269 4506/3218/4275 
f 4508/3222/4277 4496/3223/4265 4498/3221/4267 4507/3220/4276 
f 4509/3224/4278 4494/3225/4263 4496/3223/4265 4508/3222/4277 
f 4510/3226/4279 4492/3227/4261 4494/3225/4263 4509/3224/4278 
f 4511/3228/4280 4490/3229/4259 4492/3227/4261 4510/3226/4279 
f 4512/3230/4281 4488/3231/4257 4490/3229/4259 4511/3228/4280 
f 4513/3232/4282 4486/3233/4255 4488/3231/4257 4512/3230/4281 
f 4514/3234/4283 4484/3235/4253 4486/3233/4255 4513/3232/4282 
f 4515/3236/4284 4482/3237/4251 4484/3235/4253 4514/3234/4283 
f 4516/3238/4285 4480/3239/4249 4482/3237/4251 4515/3236/4284 
f 4517/3240/4286 4478/3241/4247 4480/3239/4249 4516/3238/4285 
f 4518/3242/4287 4476/3243/4245 4478/3241/4247 4517/3240/4286 
f 4519/3244/4288 4474/3245/4243 4476/3243/4245 4518/3242/4287 
f 4520/3246/4289 4472/3247/4241 4474/3245/4243 4519/3244/4288 
f 4521/3248/4290 4470/3249/4239 4472/3247/4241 4520/3246/4289 
f 4522/3250/4291 4468/3251/4237 4470/3249/4239 4521/3248/4290 
f 4523/3252/4292 4466/3253/4235 4468/3251/4237 4522/3250/4291 
f 4524/3254/4293 4464/3255/4233 4466/3253/4235 4523/3252/4292 
f 4525/3256/4294 4462/3257/4231 4464/3255/4233 4524/3254/4293 
f 4526/3258/4295 4460/3259/4229 4462/3257/4231 4525/3256/4294 
f 4527/3260/4296 4458/3261/4227 4460/3259/4229 4526/3258/4295 
f 4528/3262/4297 4456/3263/4225 4458/3261/4227 4527/3260/4296 
f 4504/3215/4273 4452/3214/4221 4456/3263/4225 4528/3262/4297 
f 4504/3215/4273 4529/3264/4298 4530/3265/4299 4503/3212/4272 
f 4528/3262/4297 4531/3266/4300 4529/3264/4298 4504/3215/4273 
f 4527/3260/4296 4532/3267/4301 4531/3266/4300 4528/3262/4297 
f 4526/3258/4295 4533/3268/4302 4532/3267/4301 4527/3260/4296 
f 4525/3256/4294 4534/3269/4303 4533/3268/4302 4526/3258/4295 
f 4524/3254/4293 4535/3270/4304 4534/3269/4303 4525/3256/4294 
f 4523/3252/4292 4536/3271/4305 4535/3270/4304 4524/3254/4293 
f 4522/3250/4291 4537/3272/4306 4536/3271/4305 4523/3252/4292 
f 4521/3248/4290 4538/3273/4307 4537/3272/4306 4522/3250/4291 
f 4520/3246/4289 4539/3274/4308 4538/3273/4307 4521/3248/4290 
f 4519/3244/4288 4540/3275/4309 4539/3274/4308 4520/3246/4289 
f 4518/3242/4287 4541/3276/4310 4540/3275/4309 4519/3244/4288 
f 4517/3240/4286 4542/3277/4311 4541/3276/4310 4518/3242/4287 
f 4516/3238/4285 4543/3278/4312 4542/3277/4311 4517/3240/4286 
f 4515/3236/4284 4544/3279/4313 4543/3278/4312 4516/3238/4285 
f 4514/3234/4283 4545/3280/4314 4544/3279/4313 4515/3236/4284 
f 4513/3232/4282 4546/3281/4315 4545/3280/4314 4514/3234/4283 
f 4512/3230/4281 4547/3282/4316 4546/3281/4315 4513/3232/4282 
f 4511/3228/4280 4548/3283/4317 4547/3282/4316 4512/3230/4281 
f 4510/3226/4279 4549/3284/4318 4548/3283/4317 4511/3228/4280 
f 4509/3224/4278 4550/3285/4319 4549/3284/4318 4510/3226/4279 
f 4508/3222/4277 4551/3286/4320 4550/3285/4319 4509/3224/4278 
f 4507/3220/4276 4552/3287/4321 4551/3286/4320 4508/3222/4277 
f 4506/3218/4275 4553/3288/4322 4552/3287/4321 4507/3220/4276 
f 4505/3216/4274 4554/3289/4323 4553/3288/4322 4506/3218/4275 
f 4503/3212/4272 4530/3265/4299 4554/3289/4323 4505/3216/4274 
f 4530/3265/4299 4529/3264/4298 4555/3290/4324 
f 4529/3264/4298 4531/3266/4300 4555/3290/4324 
f 4531/3266/4300 4532/3267/4301 4555/3290/4324 
f 4532/3267/4301 4533/3268/4302 4555/3290/4324 
f 4533/3268/4302 4534/3269/4303 4555/3290/4324 
f 4534/3269/4303 4535/3270/4304 4555/3290/4324 
f 4535/3270/4304 4536/3271/4305 4555/3290/4324 
f 4536/3271/4305 4537/3272/4306 4555/3290/4324 
f 4537/3272/4306 4538/3273/4307 4555/3290/4324 
f 4538/3273/4307 4539/3274/4308 4555/3290/4324 
f 4539/3274/4308 4540/3275/4309 4555/3290/4324 
f 4540/3275/4309 4541/3276/4310 4555/3290/4324 
f 4541/3276/4310 4542/3277/4311 4555/3290/4324 
f 4542/3277/4311 4543/3278/4312 4555/3290/4324 
f 4543/3278/4312 4544/3279/4313 4555/3290/4324 
f 4544/3279/4313 4545/3280/4314 4555/3290/4324 
f 4545/3280/4314 4546/3281/4315 4555/3290/4324 
f 4546/3281/4315 4547/3282/4316 4555/3290/4324 
f 4547/3282/4316 4548/3283/4317 4555/3290/4324 
f 4548/3283/4317 4549/3284/4318 4555/3290/4324 
f 4549/3284/4318 4550/3285/4319 4555/3290/4324 
f 4550/3285/4319 4551/3286/4320 4555/3290/4324 
f 4551/3286/4320 4552/3287/4321 4555/3290/4324 
f 4552/3287/4321 4553/3288/4322 4555/3290/4324 
f 4553/3288/4322 4554/3289/4323 4555/3290/4324 
f 4554/3289/4323 4530/3265/4299 4555/3290/4324 
# 130 polygons - 26 triangles

#
# object chainsaw_knob_02_LP
#

v  3.9459 -10.8493 1.0063
v  4.4969 -11.0453 1.0222
v  4.5106 -11.0170 0.7624
v  3.9589 -10.8226 0.7624
v  3.9079 -10.9276 1.2360
v  4.4563 -11.1288 1.2669
v  3.8468 -11.0532 1.4383
v  4.3913 -11.2625 1.4823
v  3.7665 -11.2186 1.6012
v  4.3057 -11.4387 1.6558
v  3.6714 -11.4143 1.7154
v  4.2044 -11.6471 1.7775
v  3.5671 -11.6288 1.7742
v  4.0934 -11.8756 1.8401
v  3.4597 -11.8498 1.7742
v  3.9789 -12.1111 1.8401
v  3.3554 -12.0644 1.7154
v  3.8679 -12.3397 1.7775
v  3.2603 -12.2601 1.6012
v  3.7666 -12.5480 1.6558
v  3.1800 -12.4255 1.4383
v  3.6810 -12.7242 1.4823
v  3.1189 -12.5511 1.2360
v  3.6160 -12.8580 1.2669
v  3.0809 -12.6294 1.0063
v  3.5754 -12.9415 1.0222
v  3.0679 -12.6560 0.7624
v  3.5617 -12.9698 0.7624
v  3.0809 -12.6294 0.5185
v  3.5754 -12.9415 0.5026
v  3.1189 -12.5511 0.2887
v  3.6160 -12.8580 0.2579
v  3.1800 -12.4255 0.0865
v  3.6810 -12.7242 0.0425
v  3.2603 -12.2601 -0.0764
v  3.7666 -12.5480 -0.1311
v  3.3554 -12.0644 -0.1906
v  3.8679 -12.3397 -0.2527
v  3.4597 -11.8498 -0.2494
v  3.9789 -12.1111 -0.3153
v  3.5671 -11.6288 -0.2494
v  4.0934 -11.8756 -0.3153
v  3.6714 -11.4143 -0.1906
v  4.2044 -11.6471 -0.2527
v  3.7665 -11.2186 -0.0764
v  4.3057 -11.4387 -0.1311
v  3.8468 -11.0532 0.0865
v  4.3913 -11.2625 0.0425
v  3.9079 -10.9276 0.2887
v  4.4563 -11.1288 0.2579
v  3.9459 -10.8493 0.5185
v  4.4969 -11.0453 0.5026
v  4.5121 -11.0140 1.0308
v  4.5713 -11.0428 1.0308
v  4.5856 -11.0136 0.7624
v  4.5263 -10.9848 0.7624
v  4.4702 -11.1002 1.2835
v  4.5294 -11.1290 1.2835
v  4.4030 -11.2384 1.5060
v  4.4623 -11.2672 1.5060
v  4.3146 -11.4203 1.6853
v  4.3739 -11.4492 1.6853
v  4.2100 -11.6357 1.8109
v  4.2692 -11.6645 1.8109
v  4.0952 -11.8718 1.8756
v  4.1545 -11.9006 1.8756
v  3.9771 -12.1150 1.8756
v  4.0363 -12.1438 1.8756
v  3.8623 -12.3511 1.8109
v  3.9216 -12.3799 1.8109
v  3.7577 -12.5663 1.6853
v  3.8170 -12.5951 1.6853
v  3.6693 -12.7483 1.5060
v  3.7285 -12.7772 1.5060
v  3.6021 -12.8865 1.2835
v  3.6614 -12.9153 1.2835
v  3.5603 -12.9727 1.0308
v  3.6195 -13.0015 1.0308
v  3.5460 -13.0020 0.7624
v  3.6053 -13.0308 0.7624
v  3.5603 -12.9727 0.4940
v  3.6195 -13.0015 0.4940
v  3.6021 -12.8865 0.2412
v  3.6614 -12.9153 0.2412
v  3.6693 -12.7483 0.0187
v  3.7285 -12.7772 0.0187
v  3.7577 -12.5663 -0.1605
v  3.8170 -12.5951 -0.1605
v  3.8623 -12.3511 -0.2862
v  3.9216 -12.3799 -0.2862
v  3.9771 -12.1150 -0.3509
v  4.0363 -12.1438 -0.3509
v  4.0952 -11.8718 -0.3509
v  4.1545 -11.9006 -0.3509
v  4.2100 -11.6357 -0.2862
v  4.2692 -11.6645 -0.2862
v  4.3146 -11.4203 -0.1605
v  4.3739 -11.4492 -0.1605
v  4.4030 -11.2384 0.0187
v  4.4623 -11.2672 0.0187
v  4.4702 -11.1002 0.2412
v  4.5294 -11.1290 0.2412
v  4.5121 -11.0140 0.4940
v  4.5713 -11.0428 0.4940
v  4.5699 -11.0458 0.7624
v  4.5561 -11.0741 1.0222
v  4.5561 -11.0741 0.5026
v  4.5156 -11.1576 0.2579
v  4.4506 -11.2913 0.0425
v  4.3650 -11.4675 -0.1311
v  4.2637 -11.6759 -0.2527
v  4.1526 -11.9044 -0.3153
v  4.0382 -12.1399 -0.3153
v  3.9271 -12.3685 -0.2527
v  3.8259 -12.5769 -0.1311
v  3.7403 -12.7530 0.0425
v  3.6753 -12.8868 0.2579
v  3.6347 -12.9703 0.5026
v  3.6209 -12.9986 0.7624
v  3.6347 -12.9703 1.0222
v  3.6753 -12.8868 1.2669
v  3.7403 -12.7530 1.4823
v  3.8259 -12.5769 1.6558
v  3.9271 -12.3685 1.7775
v  4.0382 -12.1399 1.8401
v  4.1526 -11.9044 1.8401
v  4.2637 -11.6759 1.7775
v  4.3650 -11.4675 1.6558
v  4.4506 -11.2913 1.4823
v  4.5156 -11.1576 1.2669
v  4.4612 -11.5214 0.9128
v  4.4692 -11.5049 0.7624
v  4.4377 -11.5697 1.0545
v  4.4001 -11.6471 1.1792
v  4.3505 -11.7491 1.2797
v  4.2919 -11.8698 1.3501
v  4.2276 -12.0021 1.3864
v  4.1613 -12.1385 1.3864
v  4.0970 -12.2708 1.3501
v  4.0384 -12.3915 1.2797
v  3.9888 -12.4935 1.1792
v  3.9512 -12.5709 1.0545
v  3.9277 -12.6192 0.9128
v  3.9197 -12.6357 0.7624
v  3.9277 -12.6192 0.6120
v  3.9512 -12.5709 0.4703
v  3.9888 -12.4935 0.3456
v  4.0384 -12.3915 0.2451
v  4.0970 -12.2708 0.1747
v  4.1613 -12.1385 0.1384
v  4.2276 -12.0021 0.1384
v  4.2919 -11.8698 0.1747
v  4.3505 -11.7491 0.2451
v  4.4001 -11.6471 0.3456
v  4.4377 -11.5697 0.4703
v  4.4612 -11.5214 0.6120
v  4.2373 -12.0911 0.7624
# 157 vertices

vn 0.3195 0.9173 0.2377
vn -0.4251 0.8923 0.1520
vn -0.4169 0.9090 0.0000
vn 0.3321 0.9432 0.0000
vn 0.2824 0.8409 0.4616
vn -0.4487 0.8435 0.2952
vn 0.2230 0.7185 0.6588
vn -0.4868 0.7652 0.4213
vn 0.1446 0.5572 0.8177
vn -0.5368 0.6622 0.5229
vn 0.0519 0.3665 0.9290
vn -0.5962 0.5402 0.5939
vn -0.0497 0.1573 0.9863
vn -0.6611 0.4064 0.6307
vn -0.1544 -0.0581 0.9863
vn -0.7281 0.2687 0.6307
vn -0.2561 -0.2672 0.9290
vn -0.7931 0.1349 0.5939
vn -0.3488 -0.4580 0.8177
vn -0.8523 0.0128 0.5229
vn -0.4271 -0.6193 0.6588
vn -0.9024 -0.0901 0.4213
vn -0.4866 -0.7417 0.4617
vn -0.9405 -0.1684 0.2952
vn -0.5238 -0.8180 0.2377
vn -0.9642 -0.2172 0.1520
vn -0.5364 -0.8440 -0.0000
vn -0.9723 -0.2339 -0.0000
vn -0.5238 -0.8180 -0.2376
vn -0.9642 -0.2172 -0.1520
vn -0.4866 -0.7417 -0.4617
vn -0.9405 -0.1684 -0.2953
vn -0.4271 -0.6192 -0.6589
vn -0.9024 -0.0902 -0.4213
vn -0.3488 -0.4580 -0.8177
vn -0.8524 0.0130 -0.5228
vn -0.2561 -0.2672 -0.9290
vn -0.7931 0.1350 -0.5940
vn -0.1544 -0.0581 -0.9863
vn -0.7281 0.2687 -0.6307
vn -0.0497 0.1573 -0.9863
vn -0.6611 0.4064 -0.6307
vn 0.0519 0.3665 -0.9290
vn -0.5962 0.5401 -0.5940
vn 0.1445 0.5572 -0.8177
vn -0.5369 0.6621 -0.5228
vn 0.2229 0.7185 -0.6589
vn -0.4867 0.7653 -0.4213
vn 0.2825 0.8409 -0.4617
vn -0.4487 0.8435 -0.2952
vn 0.3195 0.9173 -0.2377
vn -0.4250 0.8923 -0.1520
vn -0.3016 0.9372 0.1752
vn 0.9232 0.3420 0.1752
vn 0.9326 0.3610 -0.0000
vn -0.2925 0.9563 -0.0000
vn -0.3291 0.8808 0.3404
vn 0.8959 0.2855 0.3404
vn -0.3729 0.7907 0.4856
vn 0.8521 0.1954 0.4856
vn -0.4306 0.6718 0.6027
vn 0.7943 0.0766 0.6027
vn -0.4990 0.5312 0.6847
vn 0.7260 -0.0641 0.6847
vn -0.5739 0.3770 0.7270
vn 0.6511 -0.2182 0.7270
vn -0.6511 0.2182 0.7270
vn 0.5739 -0.3770 0.7270
vn -0.7260 0.0640 0.6847
vn 0.4990 -0.5312 0.6847
vn -0.7943 -0.0765 0.6027
vn 0.4307 -0.6718 0.6027
vn -0.8520 -0.1954 0.4856
vn 0.3729 -0.7906 0.4856
vn -0.8959 -0.2856 0.3403
vn 0.3290 -0.8809 0.3403
vn -0.9233 -0.3419 0.1752
vn 0.3017 -0.9372 0.1752
vn -0.9326 -0.3610 0.0000
vn 0.2924 -0.9563 -0.0000
vn -0.9233 -0.3419 -0.1752
vn 0.3017 -0.9372 -0.1752
vn -0.8959 -0.2857 -0.3403
vn 0.3290 -0.8809 -0.3403
vn -0.8520 -0.1953 -0.4857
vn 0.3729 -0.7906 -0.4857
vn -0.7943 -0.0765 -0.6026
vn 0.4307 -0.6718 -0.6026
vn -0.7260 0.0639 -0.6847
vn 0.4989 -0.5313 -0.6847
vn -0.6511 0.2182 -0.7270
vn 0.5739 -0.3770 -0.7270
vn -0.5739 0.3770 -0.7270
vn 0.6511 -0.2182 -0.7270
vn -0.4989 0.5312 -0.6847
vn 0.7260 -0.0640 -0.6847
vn -0.4306 0.6718 -0.6027
vn 0.7943 0.0766 -0.6027
vn -0.3729 0.7906 -0.4857
vn 0.8521 0.1954 -0.4856
vn -0.3291 0.8808 -0.3404
vn 0.8959 0.2856 -0.3404
vn -0.3016 0.9372 -0.1752
vn 0.9232 0.3420 -0.1752
vn 0.9417 -0.3365 -0.0000
vn 0.9403 -0.3393 0.0261
vn 0.9403 -0.3393 -0.0261
vn 0.9362 -0.3477 -0.0506
vn 0.9297 -0.3611 -0.0722
vn 0.9211 -0.3788 -0.0897
vn 0.9110 -0.3997 -0.1019
vn 0.8998 -0.4227 -0.1082
vn 0.8883 -0.4463 -0.1082
vn 0.8772 -0.4692 -0.1019
vn 0.8670 -0.4901 -0.0897
vn 0.8584 -0.5078 -0.0723
vn 0.8519 -0.5212 -0.0506
vn 0.8478 -0.5296 -0.0261
vn 0.8464 -0.5325 0.0000
vn 0.8478 -0.5296 0.0261
vn 0.8519 -0.5212 0.0506
vn 0.8584 -0.5078 0.0723
vn 0.8670 -0.4902 0.0897
vn 0.8772 -0.4692 0.1019
vn 0.8883 -0.4463 0.1082
vn 0.8998 -0.4227 0.1082
vn 0.9110 -0.3997 0.1019
vn 0.9211 -0.3788 0.0897
vn 0.9297 -0.3611 0.0722
vn 0.9362 -0.3477 0.0506
vn 0.9561 -0.2904 0.0386
vn 0.9582 -0.2862 -0.0000
vn 0.9501 -0.3028 0.0750
vn 0.9404 -0.3227 0.1070
vn 0.9277 -0.3489 0.1328
vn 0.9126 -0.3799 0.1509
vn 0.8961 -0.4138 0.1602
vn 0.8791 -0.4489 0.1602
vn 0.8626 -0.4828 0.1509
vn 0.8476 -0.5138 0.1328
vn 0.8348 -0.5400 0.1070
vn 0.8252 -0.5599 0.0750
vn 0.8192 -0.5723 0.0386
vn 0.8171 -0.5765 0.0000
vn 0.8192 -0.5723 -0.0386
vn 0.8252 -0.5599 -0.0750
vn 0.8348 -0.5400 -0.1070
vn 0.8476 -0.5138 -0.1328
vn 0.8626 -0.4828 -0.1509
vn 0.8791 -0.4489 -0.1602
vn 0.8961 -0.4138 -0.1602
vn 0.9127 -0.3799 -0.1509
vn 0.9277 -0.3489 -0.1328
vn 0.9404 -0.3227 -0.1070
vn 0.9501 -0.3028 -0.0750
vn 0.9561 -0.2904 -0.0386
vn 0.8994 -0.4371 -0.0000
# 157 vertex normals

vt 1.6864 0.2368 0.0000
vt 1.6981 0.2374 0.0000
vt 1.6978 0.2427 0.0000
vt 1.6861 0.2417 0.0000
vt 1.6866 0.2319 0.0000
vt 1.6983 0.2322 0.0000
vt 1.6867 0.2269 0.0000
vt 1.6984 0.2269 0.0000
vt 1.6866 0.2220 0.0000
vt 1.6983 0.2217 0.0000
vt 1.6864 0.2171 0.0000
vt 1.6981 0.2164 0.0000
vt 1.6861 0.2122 0.0000
vt 1.6978 0.2112 0.0000
vt 1.6856 0.2072 0.0000
vt 1.6972 0.2059 0.0000
vt 1.6849 0.2024 0.0000
vt 1.6966 0.2007 0.0000
vt 1.6842 0.1975 0.0000
vt 1.6958 0.1955 0.0000
vt 1.6833 0.1926 0.0000
vt 1.6948 0.1903 0.0000
vt 1.6823 0.1878 0.0000
vt 1.6937 0.1852 0.0000
vt 1.6811 0.1830 0.0000
vt 1.6925 0.1801 0.0000
vt 1.6798 0.1783 0.0000
vt 1.6911 0.1750 0.0000
vt 1.6784 0.1735 0.0000
vt 1.6896 0.1700 0.0000
vt 1.6768 0.1689 0.0000
vt 1.6879 0.1650 0.0000
vt 1.6751 0.1642 0.0000
vt 1.6861 0.1601 0.0000
vt 1.6733 0.1596 0.0000
vt 1.6842 0.1552 0.0000
vt 1.6714 0.1551 0.0000
vt 1.6821 0.1503 0.0000
vt 1.6693 0.1506 0.0000
vt 1.6799 0.1456 0.0000
vt 1.6671 0.1462 0.0000
vt 1.6776 0.1408 0.0000
vt 1.6823 0.2661 0.0000
vt 1.6938 0.2686 0.0000
vt 1.6925 0.2738 0.0000
vt 1.6811 0.2709 0.0000
vt 1.6833 0.2612 0.0000
vt 1.6948 0.2635 0.0000
vt 1.6842 0.2564 0.0000
vt 1.6958 0.2583 0.0000
vt 1.6850 0.2515 0.0000
vt 1.6966 0.2531 0.0000
vt 1.6856 0.2466 0.0000
vt 1.6972 0.2479 0.0000
vt 1.6926 0.4792 0.0000
vt 1.6940 0.4792 0.0000
vt 1.6939 0.4846 0.0000
vt 1.6926 0.4846 0.0000
vt 1.6926 0.4737 0.0000
vt 1.6940 0.4737 0.0000
vt 1.6926 0.4683 0.0000
vt 1.6939 0.4683 0.0000
vt 1.6926 0.4629 0.0000
vt 1.6939 0.4629 0.0000
vt 1.6925 0.4575 0.0000
vt 1.6938 0.4574 0.0000
vt 1.6925 0.4520 0.0000
vt 1.6938 0.4520 0.0000
vt 1.6924 0.4466 0.0000
vt 1.6937 0.4466 0.0000
vt 1.7475 0.9378 0.0000
vt 1.7488 0.9378 0.0000
vt 1.7489 0.9432 0.0000
vt 1.7476 0.9432 0.0000
vt 1.7475 0.9324 0.0000
vt 1.7488 0.9324 0.0000
vt 1.7474 0.9269 0.0000
vt 1.7487 0.9269 0.0000
vt 1.7474 0.9215 0.0000
vt 1.7487 0.9215 0.0000
vt 1.7473 0.9161 0.0000
vt 1.7487 0.9161 0.0000
vt 1.7473 0.9107 0.0000
vt 1.7487 0.9107 0.0000
vt 1.7473 0.9052 0.0000
vt 1.7487 0.9052 0.0000
vt 1.7474 0.8998 0.0000
vt 1.7487 0.8998 0.0000
vt 1.7474 0.8944 0.0000
vt 1.7488 0.8944 0.0000
vt 1.7475 0.8889 0.0000
vt 1.7488 0.8889 0.0000
vt 1.7476 0.8835 0.0000
vt 1.7489 0.8835 0.0000
vt 1.7477 0.8781 0.0000
vt 1.7491 0.8781 0.0000
vt 1.7479 0.8726 0.0000
vt 1.7492 0.8727 0.0000
vt 1.6923 0.5117 0.0000
vt 1.6936 0.5118 0.0000
vt 1.6935 0.5172 0.0000
vt 1.6922 0.5172 0.0000
vt 1.6924 0.5063 0.0000
vt 1.6937 0.5063 0.0000
vt 1.6925 0.5009 0.0000
vt 1.6938 0.5009 0.0000
vt 1.6925 0.4955 0.0000
vt 1.6939 0.4955 0.0000
vt 1.6926 0.4900 0.0000
vt 1.6939 0.4900 0.0000
vt 1.6935 0.6396 0.0000
vt 1.6928 0.6397 0.0000
vt 1.6922 0.6344 0.0000
vt 1.6929 0.6344 0.0000
vt 1.6954 0.6445 0.0000
vt 1.6948 0.6448 0.0000
vt 1.6984 0.6488 0.0000
vt 1.6979 0.6493 0.0000
vt 1.7023 0.6523 0.0000
vt 1.7019 0.6529 0.0000
vt 1.7070 0.6547 0.0000
vt 1.7067 0.6554 0.0000
vt 1.7121 0.6560 0.0000
vt 1.7120 0.6567 0.0000
vt 1.7173 0.6560 0.0000
vt 1.7174 0.6567 0.0000
vt 1.7224 0.6547 0.0000
vt 1.7227 0.6554 0.0000
vt 1.7271 0.6523 0.0000
vt 1.7275 0.6529 0.0000
vt 1.7310 0.6488 0.0000
vt 1.7316 0.6493 0.0000
vt 1.7340 0.6445 0.0000
vt 1.7347 0.6448 0.0000
vt 1.7359 0.6396 0.0000
vt 1.7366 0.6397 0.0000
vt 1.7365 0.6344 0.0000
vt 1.7372 0.6344 0.0000
vt 1.7359 0.6291 0.0000
vt 1.7366 0.6290 0.0000
vt 1.7340 0.6242 0.0000
vt 1.7347 0.6239 0.0000
vt 1.7310 0.6199 0.0000
vt 1.7316 0.6194 0.0000
vt 1.7271 0.6164 0.0000
vt 1.7275 0.6158 0.0000
vt 1.7224 0.6140 0.0000
vt 1.7227 0.6133 0.0000
vt 1.7173 0.6127 0.0000
vt 1.7174 0.6120 0.0000
vt 1.7121 0.6127 0.0000
vt 1.7120 0.6120 0.0000
vt 1.7070 0.6140 0.0000
vt 1.7067 0.6133 0.0000
vt 1.7023 0.6164 0.0000
vt 1.7019 0.6158 0.0000
vt 1.6984 0.6199 0.0000
vt 1.6979 0.6194 0.0000
vt 1.6954 0.6242 0.0000
vt 1.6948 0.6239 0.0000
vt 1.6935 0.6291 0.0000
vt 1.6928 0.6290 0.0000
vt 1.7470 0.5243 0.0000
vt 1.7477 0.5243 0.0000
vt 1.7470 0.5297 0.0000
vt 1.7463 0.5296 0.0000
vt 1.7463 0.5190 0.0000
vt 1.7470 0.5189 0.0000
vt 1.7445 0.5141 0.0000
vt 1.7451 0.5137 0.0000
vt 1.7414 0.5097 0.0000
vt 1.7420 0.5092 0.0000
vt 1.7375 0.5062 0.0000
vt 1.7379 0.5056 0.0000
vt 1.7328 0.5037 0.0000
vt 1.7330 0.5030 0.0000
vt 1.7276 0.5024 0.0000
vt 1.7277 0.5017 0.0000
vt 1.7223 0.5024 0.0000
vt 1.7222 0.5017 0.0000
vt 1.7171 0.5037 0.0000
vt 1.7169 0.5030 0.0000
vt 1.7124 0.5062 0.0000
vt 1.7120 0.5056 0.0000
vt 1.7085 0.5097 0.0000
vt 1.7079 0.5092 0.0000
vt 1.7054 0.5141 0.0000
vt 1.7048 0.5137 0.0000
vt 1.7036 0.5190 0.0000
vt 1.7029 0.5189 0.0000
vt 1.7029 0.5243 0.0000
vt 1.7022 0.5243 0.0000
vt 1.7036 0.5296 0.0000
vt 1.7029 0.5297 0.0000
vt 1.7054 0.5345 0.0000
vt 1.7048 0.5349 0.0000
vt 1.7085 0.5389 0.0000
vt 1.7079 0.5394 0.0000
vt 1.7124 0.5424 0.0000
vt 1.7120 0.5430 0.0000
vt 1.7171 0.5449 0.0000
vt 1.7169 0.5456 0.0000
vt 1.7223 0.5462 0.0000
vt 1.7222 0.5469 0.0000
vt 1.7276 0.5462 0.0000
vt 1.7277 0.5469 0.0000
vt 1.7328 0.5449 0.0000
vt 1.7330 0.5456 0.0000
vt 1.7375 0.5424 0.0000
vt 1.7379 0.5430 0.0000
vt 1.7414 0.5389 0.0000
vt 1.7420 0.5394 0.0000
vt 1.7445 0.5345 0.0000
vt 1.7451 0.5349 0.0000
vt 1.7372 0.5273 0.0000
vt 1.7376 0.5243 0.0000
vt 1.7361 0.5302 0.0000
vt 1.7344 0.5327 0.0000
vt 1.7321 0.5347 0.0000
vt 1.7294 0.5361 0.0000
vt 1.7265 0.5368 0.0000
vt 1.7234 0.5368 0.0000
vt 1.7205 0.5361 0.0000
vt 1.7178 0.5347 0.0000
vt 1.7155 0.5327 0.0000
vt 1.7138 0.5302 0.0000
vt 1.7127 0.5273 0.0000
vt 1.7123 0.5243 0.0000
vt 1.7127 0.5213 0.0000
vt 1.7138 0.5184 0.0000
vt 1.7155 0.5159 0.0000
vt 1.7178 0.5139 0.0000
vt 1.7205 0.5125 0.0000
vt 1.7234 0.5118 0.0000
vt 1.7265 0.5118 0.0000
vt 1.7294 0.5125 0.0000
vt 1.7321 0.5139 0.0000
vt 1.7344 0.5159 0.0000
vt 1.7361 0.5184 0.0000
vt 1.7372 0.5213 0.0000
vt 1.7250 0.5243 0.0000
# 241 texture coords

g chainsaw_knob_02_LP
s 1
f 4556/3291/4325 4557/3292/4326 4558/3293/4327 4559/3294/4328 
f 4560/3295/4329 4561/3296/4330 4557/3292/4326 4556/3291/4325 
f 4562/3297/4331 4563/3298/4332 4561/3296/4330 4560/3295/4329 
f 4564/3299/4333 4565/3300/4334 4563/3298/4332 4562/3297/4331 
f 4566/3301/4335 4567/3302/4336 4565/3300/4334 4564/3299/4333 
f 4568/3303/4337 4569/3304/4338 4567/3302/4336 4566/3301/4335 
f 4570/3305/4339 4571/3306/4340 4569/3304/4338 4568/3303/4337 
f 4572/3307/4341 4573/3308/4342 4571/3306/4340 4570/3305/4339 
f 4574/3309/4343 4575/3310/4344 4573/3308/4342 4572/3307/4341 
f 4576/3311/4345 4577/3312/4346 4575/3310/4344 4574/3309/4343 
f 4578/3313/4347 4579/3314/4348 4577/3312/4346 4576/3311/4345 
f 4580/3315/4349 4581/3316/4350 4579/3314/4348 4578/3313/4347 
f 4582/3317/4351 4583/3318/4352 4581/3316/4350 4580/3315/4349 
f 4584/3319/4353 4585/3320/4354 4583/3318/4352 4582/3317/4351 
f 4586/3321/4355 4587/3322/4356 4585/3320/4354 4584/3319/4353 
f 4588/3323/4357 4589/3324/4358 4587/3322/4356 4586/3321/4355 
f 4590/3325/4359 4591/3326/4360 4589/3324/4358 4588/3323/4357 
f 4592/3327/4361 4593/3328/4362 4591/3326/4360 4590/3325/4359 
f 4594/3329/4363 4595/3330/4364 4593/3328/4362 4592/3327/4361 
f 4596/3331/4365 4597/3332/4366 4595/3330/4364 4594/3329/4363 
f 4598/3333/4367 4599/3334/4368 4597/3335/4366 4596/3336/4365 
f 4600/3337/4369 4601/3338/4370 4599/3334/4368 4598/3333/4367 
f 4602/3339/4371 4603/3340/4372 4601/3338/4370 4600/3337/4369 
f 4604/3341/4373 4605/3342/4374 4603/3340/4372 4602/3339/4371 
f 4606/3343/4375 4607/3344/4376 4605/3342/4374 4604/3341/4373 
f 4559/3294/4328 4558/3293/4327 4607/3344/4376 4606/3343/4375 
f 4608/3345/4377 4609/3346/4378 4610/3347/4379 4611/3348/4380 
f 4612/3349/4381 4613/3350/4382 4609/3346/4378 4608/3345/4377 
f 4614/3351/4383 4615/3352/4384 4613/3350/4382 4612/3349/4381 
f 4616/3353/4385 4617/3354/4386 4615/3352/4384 4614/3351/4383 
f 4618/3355/4387 4619/3356/4388 4617/3354/4386 4616/3353/4385 
f 4620/3357/4389 4621/3358/4390 4619/3356/4388 4618/3355/4387 
f 4622/3359/4391 4623/3360/4392 4621/3358/4390 4620/3357/4389 
f 4624/3361/4393 4625/3362/4394 4623/3363/4392 4622/3364/4391 
f 4626/3365/4395 4627/3366/4396 4625/3362/4394 4624/3361/4393 
f 4628/3367/4397 4629/3368/4398 4627/3366/4396 4626/3365/4395 
f 4630/3369/4399 4631/3370/4400 4629/3368/4398 4628/3367/4397 
f 4632/3371/4401 4633/3372/4402 4631/3370/4400 4630/3369/4399 
f 4634/3373/4403 4635/3374/4404 4633/3372/4402 4632/3371/4401 
f 4636/3375/4405 4637/3376/4406 4635/3374/4404 4634/3373/4403 
f 4638/3377/4407 4639/3378/4408 4637/3376/4406 4636/3375/4405 
f 4640/3379/4409 4641/3380/4410 4639/3378/4408 4638/3377/4407 
f 4642/3381/4411 4643/3382/4412 4641/3380/4410 4640/3379/4409 
f 4644/3383/4413 4645/3384/4414 4643/3382/4412 4642/3381/4411 
f 4646/3385/4415 4647/3386/4416 4645/3384/4414 4644/3383/4413 
f 4648/3387/4417 4649/3388/4418 4647/3386/4416 4646/3385/4415 
f 4650/3389/4419 4651/3390/4420 4649/3391/4418 4648/3392/4417 
f 4652/3393/4421 4653/3394/4422 4651/3390/4420 4650/3389/4419 
f 4654/3395/4423 4655/3396/4424 4653/3394/4422 4652/3393/4421 
f 4656/3397/4425 4657/3398/4426 4655/3396/4424 4654/3395/4423 
f 4658/3399/4427 4659/3400/4428 4657/3398/4426 4656/3397/4425 
f 4611/3348/4380 4610/3347/4379 4659/3400/4428 4658/3399/4427 
f 4557/3401/4326 4608/3402/4377 4611/3403/4380 4558/3404/4327 
f 4561/3405/4330 4612/3406/4381 4608/3402/4377 4557/3401/4326 
f 4563/3407/4332 4614/3408/4383 4612/3406/4381 4561/3405/4330 
f 4565/3409/4334 4616/3410/4385 4614/3408/4383 4563/3407/4332 
f 4567/3411/4336 4618/3412/4387 4616/3410/4385 4565/3409/4334 
f 4569/3413/4338 4620/3414/4389 4618/3412/4387 4567/3411/4336 
f 4571/3415/4340 4622/3416/4391 4620/3414/4389 4569/3413/4338 
f 4573/3417/4342 4624/3418/4393 4622/3416/4391 4571/3415/4340 
f 4575/3419/4344 4626/3420/4395 4624/3418/4393 4573/3417/4342 
f 4577/3421/4346 4628/3422/4397 4626/3420/4395 4575/3419/4344 
f 4579/3423/4348 4630/3424/4399 4628/3422/4397 4577/3421/4346 
f 4581/3425/4350 4632/3426/4401 4630/3424/4399 4579/3423/4348 
f 4583/3427/4352 4634/3428/4403 4632/3426/4401 4581/3425/4350 
f 4585/3429/4354 4636/3430/4405 4634/3428/4403 4583/3427/4352 
f 4587/3431/4356 4638/3432/4407 4636/3430/4405 4585/3429/4354 
f 4589/3433/4358 4640/3434/4409 4638/3432/4407 4587/3431/4356 
f 4591/3435/4360 4642/3436/4411 4640/3434/4409 4589/3433/4358 
f 4593/3437/4362 4644/3438/4413 4642/3436/4411 4591/3435/4360 
f 4595/3439/4364 4646/3440/4415 4644/3438/4413 4593/3437/4362 
f 4597/3441/4366 4648/3442/4417 4646/3440/4415 4595/3439/4364 
f 4599/3443/4368 4650/3444/4419 4648/3442/4417 4597/3441/4366 
f 4601/3445/4370 4652/3446/4421 4650/3444/4419 4599/3443/4368 
f 4603/3447/4372 4654/3448/4423 4652/3446/4421 4601/3445/4370 
f 4605/3449/4374 4656/3450/4425 4654/3448/4423 4603/3447/4372 
f 4607/3451/4376 4658/3452/4427 4656/3450/4425 4605/3449/4374 
f 4558/3404/4327 4611/3403/4380 4658/3452/4427 4607/3451/4376 
f 4660/3453/4429 4610/3454/4379 4609/3455/4378 4661/3456/4430 
f 4662/3457/4431 4659/3458/4428 4610/3454/4379 4660/3453/4429 
f 4663/3459/4432 4657/3460/4426 4659/3458/4428 4662/3457/4431 
f 4664/3461/4433 4655/3462/4424 4657/3460/4426 4663/3459/4432 
f 4665/3463/4434 4653/3464/4422 4655/3462/4424 4664/3461/4433 
f 4666/3465/4435 4651/3466/4420 4653/3464/4422 4665/3463/4434 
f 4667/3467/4436 4649/3468/4418 4651/3466/4420 4666/3465/4435 
f 4668/3469/4437 4647/3470/4416 4649/3468/4418 4667/3467/4436 
f 4669/3471/4438 4645/3472/4414 4647/3470/4416 4668/3469/4437 
f 4670/3473/4439 4643/3474/4412 4645/3472/4414 4669/3471/4438 
f 4671/3475/4440 4641/3476/4410 4643/3474/4412 4670/3473/4439 
f 4672/3477/4441 4639/3478/4408 4641/3476/4410 4671/3475/4440 
f 4673/3479/4442 4637/3480/4406 4639/3478/4408 4672/3477/4441 
f 4674/3481/4443 4635/3482/4404 4637/3480/4406 4673/3479/4442 
f 4675/3483/4444 4633/3484/4402 4635/3482/4404 4674/3481/4443 
f 4676/3485/4445 4631/3486/4400 4633/3484/4402 4675/3483/4444 
f 4677/3487/4446 4629/3488/4398 4631/3486/4400 4676/3485/4445 
f 4678/3489/4447 4627/3490/4396 4629/3488/4398 4677/3487/4446 
f 4679/3491/4448 4625/3492/4394 4627/3490/4396 4678/3489/4447 
f 4680/3493/4449 4623/3494/4392 4625/3492/4394 4679/3491/4448 
f 4681/3495/4450 4621/3496/4390 4623/3494/4392 4680/3493/4449 
f 4682/3497/4451 4619/3498/4388 4621/3496/4390 4681/3495/4450 
f 4683/3499/4452 4617/3500/4386 4619/3498/4388 4682/3497/4451 
f 4684/3501/4453 4615/3502/4384 4617/3500/4386 4683/3499/4452 
f 4685/3503/4454 4613/3504/4382 4615/3502/4384 4684/3501/4453 
f 4661/3456/4430 4609/3455/4378 4613/3504/4382 4685/3503/4454 
f 4661/3456/4430 4686/3505/4455 4687/3506/4456 4660/3453/4429 
f 4685/3503/4454 4688/3507/4457 4686/3505/4455 4661/3456/4430 
f 4684/3501/4453 4689/3508/4458 4688/3507/4457 4685/3503/4454 
f 4683/3499/4452 4690/3509/4459 4689/3508/4458 4684/3501/4453 
f 4682/3497/4451 4691/3510/4460 4690/3509/4459 4683/3499/4452 
f 4681/3495/4450 4692/3511/4461 4691/3510/4460 4682/3497/4451 
f 4680/3493/4449 4693/3512/4462 4692/3511/4461 4681/3495/4450 
f 4679/3491/4448 4694/3513/4463 4693/3512/4462 4680/3493/4449 
f 4678/3489/4447 4695/3514/4464 4694/3513/4463 4679/3491/4448 
f 4677/3487/4446 4696/3515/4465 4695/3514/4464 4678/3489/4447 
f 4676/3485/4445 4697/3516/4466 4696/3515/4465 4677/3487/4446 
f 4675/3483/4444 4698/3517/4467 4697/3516/4466 4676/3485/4445 
f 4674/3481/4443 4699/3518/4468 4698/3517/4467 4675/3483/4444 
f 4673/3479/4442 4700/3519/4469 4699/3518/4468 4674/3481/4443 
f 4672/3477/4441 4701/3520/4470 4700/3519/4469 4673/3479/4442 
f 4671/3475/4440 4702/3521/4471 4701/3520/4470 4672/3477/4441 
f 4670/3473/4439 4703/3522/4472 4702/3521/4471 4671/3475/4440 
f 4669/3471/4438 4704/3523/4473 4703/3522/4472 4670/3473/4439 
f 4668/3469/4437 4705/3524/4474 4704/3523/4473 4669/3471/4438 
f 4667/3467/4436 4706/3525/4475 4705/3524/4474 4668/3469/4437 
f 4666/3465/4435 4707/3526/4476 4706/3525/4475 4667/3467/4436 
f 4665/3463/4434 4708/3527/4477 4707/3526/4476 4666/3465/4435 
f 4664/3461/4433 4709/3528/4478 4708/3527/4477 4665/3463/4434 
f 4663/3459/4432 4710/3529/4479 4709/3528/4478 4664/3461/4433 
f 4662/3457/4431 4711/3530/4480 4710/3529/4479 4663/3459/4432 
f 4660/3453/4429 4687/3506/4456 4711/3530/4480 4662/3457/4431 
f 4687/3506/4456 4686/3505/4455 4712/3531/4481 
f 4686/3505/4455 4688/3507/4457 4712/3531/4481 
f 4688/3507/4457 4689/3508/4458 4712/3531/4481 
f 4689/3508/4458 4690/3509/4459 4712/3531/4481 
f 4690/3509/4459 4691/3510/4460 4712/3531/4481 
f 4691/3510/4460 4692/3511/4461 4712/3531/4481 
f 4692/3511/4461 4693/3512/4462 4712/3531/4481 
f 4693/3512/4462 4694/3513/4463 4712/3531/4481 
f 4694/3513/4463 4695/3514/4464 4712/3531/4481 
f 4695/3514/4464 4696/3515/4465 4712/3531/4481 
f 4696/3515/4465 4697/3516/4466 4712/3531/4481 
f 4697/3516/4466 4698/3517/4467 4712/3531/4481 
f 4698/3517/4467 4699/3518/4468 4712/3531/4481 
f 4699/3518/4468 4700/3519/4469 4712/3531/4481 
f 4700/3519/4469 4701/3520/4470 4712/3531/4481 
f 4701/3520/4470 4702/3521/4471 4712/3531/4481 
f 4702/3521/4471 4703/3522/4472 4712/3531/4481 
f 4703/3522/4472 4704/3523/4473 4712/3531/4481 
f 4704/3523/4473 4705/3524/4474 4712/3531/4481 
f 4705/3524/4474 4706/3525/4475 4712/3531/4481 
f 4706/3525/4475 4707/3526/4476 4712/3531/4481 
f 4707/3526/4476 4708/3527/4477 4712/3531/4481 
f 4708/3527/4477 4709/3528/4478 4712/3531/4481 
f 4709/3528/4478 4710/3529/4479 4712/3531/4481 
f 4710/3529/4479 4711/3530/4480 4712/3531/4481 
f 4711/3530/4480 4687/3506/4456 4712/3531/4481 
# 130 polygons - 26 triangles

#
# object chainsaw_shield_LP
#

v  -2.9315 -14.1062 7.0961
v  -3.3412 -14.1062 7.0961
v  -3.3412 -13.1639 6.6821
v  -2.9315 -13.1639 6.6821
v  2.6770 -13.8466 7.5613
v  3.0867 -13.8466 7.5613
v  3.0867 -12.9185 7.1522
v  2.6770 -12.9185 7.1522
v  -2.9315 -14.9586 7.6204
v  -3.0222 -15.0078 7.6507
v  -3.0222 -16.3687 9.1800
v  -3.3412 -16.7766 10.1333
v  -3.3412 -16.3687 9.1800
v  3.8458 -8.3474 3.5968
v  3.8458 -11.9250 2.4251
v  3.7905 -11.9250 2.4251
v  3.7905 -8.3474 3.5968
v  -3.4318 -13.1066 6.6760
v  -3.4318 -11.1222 6.4646
v  -2.9315 -11.1222 6.4646
v  3.0970 -11.0245 6.4172
v  3.8341 -8.3329 3.6561
v  3.7801 -8.3329 3.6561
v  3.0430 -11.0245 6.4172
v  3.1774 -11.1222 6.4646
v  3.1774 -13.1066 6.6760
v  3.9236 -11.9402 2.4802
v  3.9280 -8.3981 3.6407
v  3.0313 -13.1639 6.6821
v  3.7811 -11.9952 2.4627
v  3.8354 -11.9952 2.4627
v  3.0867 -13.1639 6.6821
v  2.9406 -11.1222 6.4646
v  3.6912 -8.3981 3.6407
v  3.6868 -11.9402 2.4802
v  2.9406 -13.1066 6.6760
v  -4.2676 -11.0648 6.4585
v  -4.2676 -13.1639 6.6821
v  -4.2676 -12.9452 7.1011
v  -4.2676 -10.8502 6.8785
v  -3.4318 -13.1372 6.7333
v  -3.4318 -14.0781 7.1465
v  -3.4318 -13.8748 7.5109
v  -3.4318 -12.9452 7.1011
v  -3.4318 -14.9772 7.6996
v  -3.4318 -14.7546 8.0553
v  -3.4318 -15.7363 8.3707
v  -3.4318 -15.4888 8.7077
v  -3.4318 -16.3305 9.2232
v  -3.4318 -16.0601 9.5288
v  -3.4318 -16.7648 10.1898
v  -3.4318 -16.4666 10.4919
v  3.1774 -16.3305 9.2232
v  3.1774 -15.7363 8.3707
v  3.1774 -15.4888 8.7077
v  3.1774 -16.0601 9.5288
v  3.1774 -14.9772 7.6996
v  3.1774 -14.7546 8.0553
v  3.1774 -13.1372 6.7333
v  3.1774 -12.9452 7.1011
v  3.1774 -13.8748 7.5109
v  3.1774 -14.0781 7.1465
v  3.1774 -10.9136 6.8814
v  2.9406 -11.0385 6.5099
v  3.0867 -10.8502 6.8785
v  3.0867 -11.0385 6.5099
v  -3.5225 -13.1639 6.6821
v  -3.5225 -11.0648 6.4585
v  -3.4318 -10.8814 6.9360
v  -3.5225 -10.8240 6.9299
v  -4.1769 -10.8240 6.9299
v  -4.1769 -12.8611 7.1461
v  -3.4318 -12.8611 7.1461
v  -3.5225 -9.4854 6.3898
v  -4.1769 -9.4854 6.3898
v  -4.1769 -9.3803 6.7739
v  -3.5225 -9.3803 6.7739
v  -4.2676 -9.5582 6.3387
v  -3.5225 -9.5582 6.3387
v  -4.2676 -9.4393 6.7768
v  -3.5225 -9.4226 6.8335
v  -4.1769 -9.4226 6.8335
v  -3.4318 -10.8502 6.8785
v  -3.4318 -11.0385 6.5099
v  -3.4318 -9.5437 6.3954
v  -3.4318 -9.4393 6.7768
v  2.6770 -13.1639 6.6821
v  0.6485 -13.1639 6.6821
v  0.6485 -11.1222 6.4646
v  2.6770 -11.1222 6.4646
v  -2.9315 -12.9185 7.1522
v  -0.9030 -12.9185 7.1522
v  -0.9030 -10.8814 6.9360
v  -2.9315 -10.8814 6.9360
v  2.6770 -14.1062 7.0961
v  0.6485 -14.1062 7.0961
v  -2.9315 -13.8466 7.5613
v  -0.9030 -13.8466 7.5613
v  2.6770 -14.9586 7.6204
v  0.6485 -14.9586 7.6204
v  -2.9315 -14.6749 8.0739
v  -0.9030 -14.6749 8.0739
v  2.6770 -16.7766 10.1333
v  0.6485 -16.7766 10.1333
v  0.6485 -16.3914 9.2330
v  2.6770 -16.3914 9.2330
v  2.6770 -16.5531 10.5098
v  0.6485 -16.5531 10.5098
v  0.6485 -16.7340 10.3386
v  2.6770 -16.7340 10.3386
v  -2.9315 -10.8502 6.8785
v  -0.9030 -10.8502 6.8785
v  -0.9030 -11.0385 6.5099
v  -2.9315 -11.0385 6.5099
v  0.6485 -10.8814 6.9360
v  0.6485 -12.9185 7.1522
v  0.6485 -10.8502 6.8785
v  0.6485 -11.0385 6.5099
v  -0.9030 -14.1062 7.0961
v  -0.9030 -13.1639 6.6821
v  0.6485 -13.8466 7.5613
v  -0.9030 -14.9586 7.6204
v  -0.8123 -14.7240 8.1042
v  0.5578 -14.7240 8.1042
v  0.5578 -15.7704 8.3242
v  -0.8123 -15.7704 8.3242
v  -0.8123 -15.0078 7.6507
v  0.5578 -15.0078 7.6507
v  -0.8123 -15.4547 8.7543
v  0.5578 -15.4547 8.7543
v  0.5578 -16.3687 9.1800
v  -0.8123 -16.3687 9.1800
v  -0.8123 -16.0219 9.5721
v  0.5578 -16.0219 9.5721
v  -0.9030 -16.3914 9.2330
v  0.6485 -16.4101 10.4802
v  0.6485 -16.0445 9.6251
v  -0.9030 -16.0445 9.6251
v  -0.9030 -16.4101 10.4802
v  -0.9030 -11.1222 6.4646
v  -0.9030 -16.5531 10.5098
v  -0.9030 -16.7340 10.3386
v  -0.9030 -16.7766 10.1333
v  -2.9315 -16.7766 10.1333
v  -2.9315 -16.3914 9.2330
v  -2.9315 -16.5531 10.5099
v  -2.9315 -16.7340 10.3386
v  -3.3412 -12.9185 7.1522
v  -3.3412 -13.8466 7.5613
v  -3.0222 -14.7240 8.1042
v  -3.3412 -14.7240 8.1042
v  -3.3412 -15.4547 8.7543
v  -3.0222 -15.4547 8.7543
v  -3.3412 -16.0219 9.5721
v  -3.0222 -16.0219 9.5721
v  -3.3412 -16.4101 10.4802
v  -2.9315 -16.4101 10.4802
v  -2.9315 -16.0445 9.6251
v  2.6770 -10.8814 6.9360
v  0.6485 -14.6749 8.0739
v  2.6770 -14.6749 8.0739
v  2.6770 -16.4101 10.4802
v  2.6770 -16.0445 9.6251
v  2.6770 -10.8502 6.8785
v  2.6770 -11.0385 6.5099
v  3.0867 -14.1062 7.0961
v  2.7677 -15.0078 7.6507
v  3.0867 -15.0078 7.6507
v  3.0867 -15.7704 8.3242
v  2.7677 -15.7704 8.3242
v  3.0867 -16.3687 9.1800
v  2.7677 -16.3687 9.1800
v  3.0869 -16.7742 10.1149
v  3.0868 -16.7348 10.3226
v  3.0867 -16.5506 10.5073
v  0.6485 -16.0601 9.5288
v  2.6770 -16.0601 9.5288
v  2.6770 -16.3305 9.2232
v  0.6485 -16.3305 9.2232
v  0.6485 -15.7363 8.3707
v  0.6485 -15.4888 8.7077
v  0.6485 -14.9772 7.6996
v  0.6485 -14.7546 8.0553
v  2.6770 -14.7546 8.0553
v  2.6770 -14.9772 7.6996
v  2.6770 -15.7363 8.3707
v  2.6770 -15.4888 8.7077
v  -0.9030 -16.0601 9.5288
v  -2.9315 -16.0601 9.5288
v  -0.9030 -15.4888 8.7077
v  -0.9030 -15.7363 8.3707
v  -0.9030 -16.3305 9.2232
v  -0.9030 -14.7546 8.0553
v  -0.9030 -14.9772 7.6996
v  -2.9315 -14.7546 8.0553
v  -2.9315 -14.9772 7.6996
v  -2.9315 -15.4888 8.7077
v  -2.9315 -15.7363 8.3707
v  -2.9315 -16.3305 9.2232
v  3.0867 -15.4547 8.7543
v  3.0867 -14.7240 8.1042
v  2.7677 -14.7240 8.1042
v  2.7677 -15.4547 8.7543
v  -3.0222 -15.7704 8.3242
v  -3.3412 -15.7704 8.3242
v  -3.3412 -15.0078 7.6507
v  3.1774 -16.4511 10.4292
v  3.1774 -16.7137 10.1177
v  -3.4318 -16.5531 10.5099
v  -3.4318 -16.7340 10.3386
v  3.0867 -10.8814 6.9360
v  2.7677 -16.0219 9.5721
v  3.0867 -16.0219 9.5721
v  3.0867 -16.4101 10.4802
v  3.1774 -16.6814 10.2911
v  3.1774 -16.5305 10.4443
# 216 vertices

vn -0.0000 -0.4642 -0.8857
vn -0.2765 -0.4463 -0.8511
vn -0.1934 -0.3249 -0.9258
vn -0.0000 -0.2571 -0.9664
vn 0.0000 0.4659 0.8848
vn 0.2830 0.4466 0.8488
vn 0.2811 0.2421 0.9286
vn 0.0000 0.2575 0.9663
vn 0.0823 -0.7659 -0.6377
vn 0.1832 -0.6468 -0.7403
vn 0.1941 -0.8190 -0.5401
vn -0.1253 -0.9808 -0.1495
vn -0.2632 -0.8410 -0.4726
vn 0.3228 0.7118 -0.6238
vn 0.2872 -0.0786 -0.9546
vn -0.2206 -0.0615 -0.9734
vn -0.2561 0.6994 -0.6673
vn -0.0000 -0.4161 -0.9093
vn 0.0622 0.1407 -0.9881
vn -0.0000 0.1937 -0.9811
vn 0.2675 0.8049 0.5297
vn 0.2778 0.9160 0.2893
vn -0.2892 0.9334 0.2125
vn -0.2431 0.8911 0.3832
vn 0.9461 0.2909 0.1424
vn 0.8818 -0.4601 -0.1036
vn 0.8587 -0.2978 -0.4171
vn 0.8776 0.4776 -0.0425
vn -0.1278 -0.6681 -0.7330
vn -0.2326 -0.7522 -0.6165
vn 0.2687 -0.7831 -0.5609
vn 0.3021 -0.7378 -0.6037
vn -0.6404 0.2799 -0.7152
vn -0.8101 0.5470 -0.2109
vn -0.7549 -0.2549 -0.6042
vn -0.3579 -0.3219 -0.8765
vn -0.7041 -0.0658 -0.7070
vn -0.5602 -0.7302 -0.3912
vn -0.6532 -0.4566 0.6040
vn -0.8708 0.0447 0.4896
vn -0.4749 -0.8464 -0.2411
vn -0.8678 -0.2304 -0.4403
vn -0.8857 0.2165 0.4107
vn -0.4994 -0.3790 0.7790
vn -0.8652 -0.2994 -0.4023
vn -0.8874 0.2745 0.3702
vn -0.8584 -0.3858 -0.3380
vn -0.8898 0.3388 0.3056
vn -0.8559 -0.4551 -0.2455
vn -0.8842 0.4062 0.2306
vn -0.6900 -0.7238 0.0010
vn -0.6869 0.3642 0.6288
vn 0.8563 -0.4540 -0.2463
vn 0.8583 -0.3859 -0.3382
vn 0.8897 0.3390 0.3057
vn 0.8838 0.4063 0.2320
vn 0.8650 -0.2996 -0.4025
vn 0.8873 0.2746 0.3704
vn 0.9163 -0.2646 -0.3007
vn 0.8941 0.1204 0.4314
vn 0.8856 0.2166 0.4109
vn 0.8676 -0.2305 -0.4405
vn 0.8385 0.4788 0.2599
vn -0.1450 0.7898 -0.5959
vn 0.2775 0.9607 0.0088
vn 0.3365 0.9244 -0.1794
vn 0.0827 -0.8784 -0.4708
vn 0.1632 -0.0130 -0.9865
vn 0.1025 0.4822 0.8701
vn 0.1947 0.1588 0.9679
vn -0.2644 0.0837 0.9608
vn -0.1986 -0.1291 0.9715
vn -0.0618 -0.1389 0.9884
vn 0.2458 0.8051 -0.5398
vn -0.2056 0.8350 -0.5104
vn -0.2618 0.9523 0.1571
vn 0.2618 0.9523 0.1571
vn -0.6497 0.3238 -0.6878
vn 0.2452 0.2349 -0.9406
vn -0.8225 0.4637 0.3292
vn 0.2619 0.4623 0.8472
vn -0.2619 0.4623 0.8472
vn 0.6095 0.7224 0.3265
vn 0.4272 0.4389 -0.7905
vn 0.8053 0.3412 -0.4848
vn 0.8226 0.4637 0.3291
vn 0.0000 -0.2571 -0.9664
vn 0.0000 0.1937 -0.9811
vn -0.0000 0.2575 0.9663
vn 0.0000 0.5561 0.8311
vn 0.0000 -0.4642 -0.8857
vn -0.0000 0.4659 0.8848
vn -0.0823 -0.7659 -0.6377
vn 0.0824 -0.7659 -0.6377
vn 0.1154 0.2074 0.9714
vn -0.0814 0.2284 0.9701
vn -0.0007 -0.9953 -0.0969
vn 0.0000 -0.9950 -0.0997
vn 0.1069 -0.6774 -0.7278
vn -0.1068 -0.6775 -0.7278
vn 0.0027 -0.2746 0.9615
vn 0.0000 -0.2734 0.9619
vn 0.0000 -0.8733 0.4871
vn 0.0055 -0.8730 0.4877
vn 0.0000 0.9999 0.0124
vn 0.0000 0.7155 -0.6986
vn -0.0824 -0.7659 -0.6377
vn -0.1959 0.5172 0.8331
vn 0.1959 0.5172 0.8331
vn 0.2696 -0.7162 -0.6438
vn -0.2696 -0.7162 -0.6438
vn -0.1833 -0.6470 -0.7401
vn 0.1833 -0.6470 -0.7401
vn -0.2801 0.7210 0.6338
vn 0.2801 0.7210 0.6338
vn 0.1941 -0.8189 -0.5402
vn -0.1941 -0.8189 -0.5402
vn -0.1722 0.9004 0.3995
vn 0.1721 0.9003 0.3999
vn -0.1069 -0.6774 -0.7278
vn -0.0000 0.6330 0.7741
vn 0.0579 0.9836 0.1708
vn -0.0581 0.9836 0.1707
vn 0.0000 0.6330 0.7741
vn -0.0000 -0.9950 -0.0997
vn 0.1068 -0.6775 -0.7278
vn -0.0000 -0.2732 0.9620
vn -0.0000 -0.8734 0.4870
vn -0.1846 0.1661 0.9687
vn -0.2833 0.4466 0.8487
vn -0.2832 0.5740 0.7683
vn -0.2804 0.7209 0.6338
vn -0.2706 0.8451 0.4610
vn -0.1678 0.6692 0.7239
vn -0.0000 0.6333 0.7739
vn 0.0814 0.2284 0.9701
vn 0.2762 -0.4463 -0.8512
vn -0.1832 -0.6468 -0.7403
vn 0.2748 -0.5715 -0.7732
vn 0.2632 -0.8399 -0.4746
vn -0.1948 -0.8182 -0.5409
vn 0.2761 -0.9551 -0.1073
vn 0.2895 -0.8470 0.4459
vn 0.2920 -0.2780 0.9151
vn 0.4595 0.8810 -0.1131
vn -0.4595 0.8810 -0.1131
vn -0.5836 -0.0478 -0.8106
vn 0.5836 -0.0478 -0.8106
vn 0.4920 -0.8582 -0.1463
vn 0.5569 -0.2036 0.8053
vn -0.5569 -0.2036 0.8053
vn -0.4920 -0.8582 -0.1463
vn -0.8583 -0.3859 -0.3382
vn -0.8897 0.3390 0.3057
vn -0.5643 -0.2059 0.7994
vn -0.4978 -0.8556 -0.1423
vn 0.5889 -0.1729 0.7895
vn 0.2830 0.5740 0.7684
vn -0.1960 0.5172 0.8331
vn -0.2698 -0.7161 -0.6437
vn -0.2751 -0.5714 -0.7732
vn 0.8332 0.3465 0.4309
vn 0.8451 -0.5308 -0.0630
vn -0.6162 -0.2150 0.7577
vn -0.6455 -0.6672 0.3718
vn 0.2773 0.5317 0.8002
vn 0.2714 0.8442 0.4622
vn 0.2847 0.6023 0.7458
vn 0.8482 -0.4708 0.2428
vn 0.8349 -0.1610 0.5264
# 170 vertex normals

vt 0.3381 0.8608 0.0000
vt 0.3299 0.8608 0.0000
vt 0.3299 0.8401 0.0000
vt 0.3381 0.8401 0.0000
vt 0.8484 0.9034 0.0000
vt 0.8401 0.9034 0.0000
vt 0.8401 0.8829 0.0000
vt 0.8484 0.8830 0.0000
vt 0.3381 0.8809 0.0000
vt 0.3363 0.8821 0.0000
vt 0.3364 0.9235 0.0000
vt 0.3300 0.9443 0.0000
vt 0.3300 0.9235 0.0000
vt 0.5854 0.8538 0.0000
vt 0.5854 0.9294 0.0000
vt 0.5843 0.9294 0.0000
vt 0.5843 0.8538 0.0000
vt 0.3281 0.8390 0.0000
vt 0.3281 0.7989 0.0000
vt 0.3381 0.7989 0.0000
vt 0.0890 0.8906 0.0000
vt 0.0890 0.9668 0.0000
vt 0.0880 0.9666 0.0000
vt 0.0878 0.8903 0.0000
vt 0.5651 0.7407 0.0000
vt 0.5290 0.7580 0.0000
vt 0.5222 0.6696 0.0000
vt 0.5970 0.6671 0.0000
vt 0.6898 0.1400 0.0000
vt 0.6941 0.0509 0.0000
vt 0.6952 0.0508 0.0000
vt 0.6909 0.1399 0.0000
vt 0.6511 0.1236 0.0000
vt 0.6170 0.0510 0.0000
vt 0.6919 0.0512 0.0000
vt 0.6877 0.1398 0.0000
vt 0.1957 0.9508 0.0000
vt 0.2378 0.9565 0.0000
vt 0.2332 0.9648 0.0000
vt 0.1911 0.9592 0.0000
vt 0.6553 0.4221 0.0000
vt 0.6612 0.4418 0.0000
vt 0.6529 0.4435 0.0000
vt 0.6472 0.4239 0.0000
vt 0.6646 0.4627 0.0000
vt 0.6562 0.4641 0.0000
vt 0.6646 0.4830 0.0000
vt 0.6563 0.4839 0.0000
vt 0.6602 0.5033 0.0000
vt 0.6520 0.5036 0.0000
vt 0.6522 0.5230 0.0000
vt 0.6437 0.5229 0.0000
vt 0.4836 0.8269 0.0000
vt 0.4897 0.8070 0.0000
vt 0.4965 0.8119 0.0000
vt 0.4906 0.8311 0.0000
vt 0.5000 0.7895 0.0000
vt 0.5065 0.7949 0.0000
vt 0.5288 0.7593 0.0000
vt 0.5348 0.7650 0.0000
vt 0.5198 0.7789 0.0000
vt 0.5136 0.7733 0.0000
vt 0.5719 0.7472 0.0000
vt 0.3264 0.9498 0.0000
vt 0.3236 0.9582 0.0000
vt 0.3235 0.9499 0.0000
vt 0.3262 0.8401 0.0000
vt 0.3113 0.8401 0.0000
vt 0.3113 0.7977 0.0000
vt 0.3263 0.7977 0.0000
vt 0.5036 0.9693 0.0000
vt 0.5035 0.9777 0.0000
vt 0.4867 0.9774 0.0000
vt 0.4869 0.9679 0.0000
vt 0.5019 0.9682 0.0000
vt 0.9711 0.8419 0.0000
vt 0.9729 0.8407 0.0000
vt 0.9860 0.8407 0.0000
vt 0.9861 0.8818 0.0000
vt 0.9711 0.8819 0.0000
vt 0.3432 0.9878 0.0000
vt 0.3432 0.9747 0.0000
vt 0.3512 0.9747 0.0000
vt 0.3512 0.9878 0.0000
vt 0.3113 0.7674 0.0000
vt 0.3263 0.7674 0.0000
vt 0.1629 0.9565 0.0000
vt 0.1653 0.9478 0.0000
vt 0.9729 0.8125 0.0000
vt 0.9860 0.8125 0.0000
vt 0.3701 0.9828 0.0000
vt 0.3669 0.9752 0.0000
vt 0.3970 0.9750 0.0000
vt 0.3985 0.9828 0.0000
vt 0.4508 0.8402 0.0000
vt 0.4100 0.8402 0.0000
vt 0.4100 0.7989 0.0000
vt 0.4508 0.7989 0.0000
vt 0.9610 0.8830 0.0000
vt 0.9203 0.8830 0.0000
vt 0.9203 0.8419 0.0000
vt 0.9610 0.8419 0.0000
vt 0.4507 0.8608 0.0000
vt 0.4100 0.8608 0.0000
vt 0.9610 0.9034 0.0000
vt 0.9203 0.9034 0.0000
vt 0.4507 0.8809 0.0000
vt 0.4100 0.8809 0.0000
vt 0.9610 0.9229 0.0000
vt 0.9203 0.9229 0.0000
vt 0.4509 0.9442 0.0000
vt 0.4101 0.9443 0.0000
vt 0.4101 0.9246 0.0000
vt 0.4508 0.9245 0.0000
vt 0.8485 0.9864 0.0000
vt 0.8892 0.9865 0.0000
vt 0.8891 0.9915 0.0000
vt 0.8484 0.9914 0.0000
vt 0.4444 0.9580 0.0000
vt 0.4037 0.9581 0.0000
vt 0.4037 0.9498 0.0000
vt 0.4444 0.9497 0.0000
vt 0.8892 0.8419 0.0000
vt 0.8891 0.8830 0.0000
vt 0.3725 0.9581 0.0000
vt 0.3725 0.9498 0.0000
vt 0.3788 0.8608 0.0000
vt 0.3788 0.8402 0.0000
vt 0.8891 0.9034 0.0000
vt 0.3788 0.8809 0.0000
vt 0.9185 0.9241 0.0000
vt 0.8909 0.9241 0.0000
vt 0.4082 0.9025 0.0000
vt 0.3807 0.9025 0.0000
vt 0.3807 0.8821 0.0000
vt 0.4082 0.8821 0.0000
vt 0.9185 0.9437 0.0000
vt 0.8910 0.9437 0.0000
vt 0.4083 0.9235 0.0000
vt 0.3807 0.9235 0.0000
vt 0.9185 0.9637 0.0000
vt 0.8910 0.9637 0.0000
vt 0.3789 0.9247 0.0000
vt 0.8892 0.9836 0.0000
vt 0.8892 0.9649 0.0000
vt 0.9203 0.9649 0.0000
vt 0.9203 0.9836 0.0000
vt 0.3789 0.7989 0.0000
vt 0.9203 0.9865 0.0000
vt 0.9203 0.9915 0.0000
vt 0.3789 0.9443 0.0000
vt 0.3382 0.9443 0.0000
vt 0.3382 0.9247 0.0000
vt 0.9611 0.9865 0.0000
vt 0.9611 0.9915 0.0000
vt 0.9693 0.8830 0.0000
vt 0.9693 0.9034 0.0000
vt 0.9629 0.9241 0.0000
vt 0.9693 0.9241 0.0000
vt 0.9693 0.9437 0.0000
vt 0.9629 0.9437 0.0000
vt 0.9693 0.9637 0.0000
vt 0.9629 0.9637 0.0000
vt 0.9693 0.9836 0.0000
vt 0.9611 0.9836 0.0000
vt 0.9611 0.9649 0.0000
vt 0.4545 0.9497 0.0000
vt 0.4545 0.9580 0.0000
vt 0.8484 0.8418 0.0000
vt 0.8891 0.9229 0.0000
vt 0.8484 0.9229 0.0000
vt 0.8485 0.9835 0.0000
vt 0.8484 0.9649 0.0000
vt 0.3318 0.9581 0.0000
vt 0.3318 0.9498 0.0000
vt 0.4579 0.8402 0.0000
vt 0.4590 0.8402 0.0000
vt 0.4590 0.8608 0.0000
vt 0.4525 0.8821 0.0000
vt 0.4589 0.8821 0.0000
vt 0.4589 0.9024 0.0000
vt 0.4525 0.9024 0.0000
vt 0.4590 0.9233 0.0000
vt 0.4526 0.9234 0.0000
vt 0.4591 0.9438 0.0000
vt 0.8402 0.9911 0.0000
vt 0.8404 0.9861 0.0000
vt 0.7329 0.7317 0.0000
vt 0.6922 0.7317 0.0000
vt 0.6922 0.7235 0.0000
vt 0.7329 0.7235 0.0000
vt 0.7326 0.8187 0.0000
vt 0.7391 0.8385 0.0000
vt 0.7307 0.8385 0.0000
vt 0.7244 0.8194 0.0000
vt 0.7411 0.8587 0.0000
vt 0.7327 0.8582 0.0000
vt 0.8232 0.9880 0.0000
vt 0.7824 0.9880 0.0000
vt 0.7824 0.9795 0.0000
vt 0.8232 0.9795 0.0000
vt 0.7090 0.3675 0.0000
vt 0.7006 0.3675 0.0000
vt 0.7027 0.3479 0.0000
vt 0.7111 0.3473 0.0000
vt 0.7025 0.3873 0.0000
vt 0.6943 0.3867 0.0000
vt 0.6922 0.7167 0.0000
vt 0.7329 0.7167 0.0000
vt 0.7329 0.7186 0.0000
vt 0.6922 0.7186 0.0000
vt 0.8051 0.9683 0.0000
vt 0.8043 0.9600 0.0000
vt 0.8246 0.9645 0.0000
vt 0.8248 0.9727 0.0000
vt 0.7854 0.9683 0.0000
vt 0.7840 0.9600 0.0000
vt 0.6922 0.6723 0.0000
vt 0.6922 0.6638 0.0000
vt 0.7337 0.6638 0.0000
vt 0.7337 0.6723 0.0000
vt 0.7337 0.6736 0.0000
vt 0.6922 0.6736 0.0000
vt 0.7082 0.4270 0.0000
vt 0.6885 0.4270 0.0000
vt 0.6893 0.4187 0.0000
vt 0.7096 0.4187 0.0000
vt 0.6688 0.4314 0.0000
vt 0.6690 0.4232 0.0000
vt 0.8400 0.9438 0.0000
vt 0.8401 0.9241 0.0000
vt 0.8465 0.9241 0.0000
vt 0.8464 0.9438 0.0000
vt 0.3363 0.9025 0.0000
vt 0.3299 0.9025 0.0000
vt 0.3299 0.8821 0.0000
vt 0.4886 0.8508 0.0000
vt 0.4817 0.8464 0.0000
vt 0.9711 0.9865 0.0000
vt 0.9711 0.9915 0.0000
vt 0.4560 0.8390 0.0000
vt 0.4561 0.7989 0.0000
vt 0.8402 0.8417 0.0000
vt 0.8465 0.9638 0.0000
vt 0.8401 0.9639 0.0000
vt 0.8404 0.9836 0.0000
vt 0.9693 0.9957 0.0000
vt 0.9611 0.9957 0.0000
vt 0.9711 0.9946 0.0000
vt 0.8482 0.9955 0.0000
vt 0.8398 0.9952 0.0000
vt 0.9711 0.9847 0.0000
vt 0.9203 0.9957 0.0000
vt 0.8891 0.9957 0.0000
vt 0.4545 0.9478 0.0000
vt 0.4564 0.9488 0.0000
vt 0.0913 0.8891 0.0000
vt 0.0892 0.8888 0.0000
vt 0.5039 0.9680 0.0000
vt 0.5055 0.9690 0.0000
vt 0.4607 0.8389 0.0000
vt 0.4612 0.8401 0.0000
vt 0.0857 0.8882 0.0000
vt 0.0870 0.8877 0.0000
vt 0.5841 0.8526 0.0000
vt 0.5820 0.8533 0.0000
vt 0.5874 0.8531 0.0000
vt 0.5852 0.8526 0.0000
vt 0.5852 0.9310 0.0000
vt 0.5872 0.9302 0.0000
vt 0.5821 0.9302 0.0000
vt 0.5841 0.9310 0.0000
vt 0.4565 0.9587 0.0000
vt 0.4545 0.9594 0.0000
vt 0.5054 0.9787 0.0000
vt 0.5035 0.9796 0.0000
vt 0.3234 0.9594 0.0000
vt 0.3215 0.9579 0.0000
vt 0.3415 0.9880 0.0000
vt 0.3429 0.9900 0.0000
vt 0.1620 0.9583 0.0000
vt 0.1609 0.9567 0.0000
vt 0.3511 0.9900 0.0000
vt 0.3525 0.9881 0.0000
vt 0.7824 0.9595 0.0000
vt 0.7838 0.9579 0.0000
vt 0.7306 0.8582 0.0000
vt 0.7321 0.8597 0.0000
vt 0.8248 0.9623 0.0000
vt 0.8258 0.9642 0.0000
vt 0.7223 0.8198 0.0000
vt 0.7232 0.8178 0.0000
vt 0.7433 0.8587 0.0000
vt 0.7418 0.8602 0.0000
vt 0.7856 0.9705 0.0000
vt 0.7839 0.9691 0.0000
vt 0.7347 0.8183 0.0000
vt 0.7327 0.8175 0.0000
vt 0.8265 0.9737 0.0000
vt 0.8246 0.9748 0.0000
vt 0.7098 0.4166 0.0000
vt 0.7112 0.4182 0.0000
vt 0.6688 0.4210 0.0000
vt 0.6678 0.4229 0.0000
vt 0.7080 0.4292 0.0000
vt 0.7097 0.4278 0.0000
vt 0.6690 0.4335 0.0000
vt 0.6671 0.4324 0.0000
vt 0.7005 0.3478 0.0000
vt 0.7021 0.3463 0.0000
vt 0.6922 0.3863 0.0000
vt 0.6931 0.3882 0.0000
vt 0.8251 0.9787 0.0000
vt 0.8232 0.9779 0.0000
vt 0.7046 0.3877 0.0000
vt 0.7026 0.3886 0.0000
vt 0.3213 0.9484 0.0000
vt 0.6574 0.4215 0.0000
vt 0.6633 0.4414 0.0000
vt 0.4611 0.8608 0.0000
vt 0.6667 0.4625 0.0000
vt 0.6668 0.4830 0.0000
vt 0.4611 0.8821 0.0000
vt 0.4611 0.9027 0.0000
vt 0.6623 0.5036 0.0000
vt 0.4611 0.9237 0.0000
vt 0.5874 0.8545 0.0000
vt 0.5873 0.9294 0.0000
vt 0.5819 0.9294 0.0000
vt 0.5820 0.8545 0.0000
vt 0.0861 0.9656 0.0000
vt 0.0912 0.9665 0.0000
vt 0.6930 0.1393 0.0000
vt 0.6973 0.0506 0.0000
vt 0.6508 0.4439 0.0000
vt 0.6451 0.4244 0.0000
vt 0.6541 0.4643 0.0000
vt 0.6541 0.4839 0.0000
vt 0.6498 0.5033 0.0000
vt 0.8380 0.9636 0.0000
vt 0.8378 0.9436 0.0000
vt 0.8379 0.9240 0.0000
vt 0.8380 0.9034 0.0000
vt 0.8380 0.8832 0.0000
vt 0.8381 0.8422 0.0000
vt 0.8380 0.9909 0.0000
vt 0.8382 0.9860 0.0000
vt 0.2313 0.9667 0.0000
vt 0.1904 0.9613 0.0000
vt 0.1628 0.9487 0.0000
vt 0.3664 0.9731 0.0000
vt 0.3967 0.9729 0.0000
vt 0.3705 0.9849 0.0000
vt 0.3988 0.9850 0.0000
vt 0.4037 0.9479 0.0000
vt 0.4444 0.9478 0.0000
vt 0.7824 0.9779 0.0000
vt 0.6922 0.7223 0.0000
vt 0.7329 0.7223 0.0000
vt 0.3725 0.9479 0.0000
vt 0.4037 0.9594 0.0000
vt 0.3725 0.9594 0.0000
vt 0.7413 0.8383 0.0000
vt 0.8052 0.9705 0.0000
vt 0.6922 0.6621 0.0000
vt 0.7337 0.6621 0.0000
vt 0.6893 0.4165 0.0000
vt 0.3318 0.9479 0.0000
vt 0.7329 0.7337 0.0000
vt 0.6922 0.7337 0.0000
vt 0.6985 0.3673 0.0000
vt 0.8043 0.9578 0.0000
vt 0.7286 0.8387 0.0000
vt 0.6884 0.4292 0.0000
vt 0.7112 0.3678 0.0000
vt 0.7132 0.3474 0.0000
vt 0.4444 0.9594 0.0000
vt 0.3318 0.9595 0.0000
vt 0.8382 0.9837 0.0000
vt 0.4613 0.9433 0.0000
vt 0.6544 0.5229 0.0000
vt 0.6421 0.5215 0.0000
vt 0.3265 0.9479 0.0000
vt 0.3527 0.9747 0.0000
vt 0.3413 0.9729 0.0000
vt 0.4885 0.9793 0.0000
vt 0.8375 0.9946 0.0000
vt 0.8232 0.9896 0.0000
vt 0.7824 0.9896 0.0000
vt 0.6922 0.7085 0.0000
vt 0.7329 0.7085 0.0000
vt 0.6496 0.5247 0.0000
vt 0.6446 0.5244 0.0000
vt 0.4872 0.8515 0.0000
vt 0.4834 0.8495 0.0000
vt 0.6922 0.7072 0.0000
vt 0.7329 0.7072 0.0000
# 397 texture coords

g chainsaw_shield_LP
s 1
f 4713/3532/4482 4714/3533/4483 4715/3534/4484 4716/3535/4485 
f 4717/3536/4486 4718/3537/4487 4719/3538/4488 4720/3539/4489 
f 4713/3532/4482 4721/3540/4490 4722/3541/4491 4714/3533/4483 
f 4723/3542/4492 4724/3543/4493 4725/3544/4494 
f 4726/3545/4495 4727/3546/4496 4728/3547/4497 4729/3548/4498 
f 4716/3535/4485 4715/3534/4484 4730/3549/4499 4731/3550/4500 4732/3551/4501 
f 4733/3552/4502 4734/3553/4503 4735/3554/4504 4736/3555/4505 
f 4737/3556/4506 4738/3557/4507 4739/3558/4508 4740/3559/4509 
f 4741/3560/4510 4742/3561/4511 4743/3562/4512 4744/3563/4513 
f 4745/3564/4514 4746/3565/4515 4747/3566/4516 4748/3567/4517 
f 4749/3568/4518 4750/3569/4519 4751/3570/4520 4752/3571/4521 
f 4753/3572/4522 4754/3573/4523 4755/3574/4524 4756/3575/4525 
f 4757/3576/4526 4758/3577/4527 4755/3574/4524 4754/3573/4523 
f 4759/3578/4528 4760/3579/4529 4758/3577/4527 4757/3576/4526 
f 4761/3580/4530 4762/3581/4531 4760/3579/4529 4759/3578/4528 
f 4763/3582/4532 4764/3583/4533 4762/3581/4531 4761/3580/4530 
f 4765/3584/4534 4766/3585/4535 4767/3586/4536 4768/3587/4537 
f 4766/3585/4535 4769/3588/4538 4770/3589/4539 4767/3586/4536 
f 4771/3590/4540 4772/3591/4541 4773/3592/4542 4774/3593/4543 
f 4737/3556/4506 4775/3594/4544 4772/3591/4541 4771/3590/4540 4738/3557/4507 
f 4776/3595/4545 4777/3596/4546 4778/3597/4547 
f 4779/3598/4548 4750/3599/4519 4749/3600/4518 4780/3601/4549 
f 4753/3602/4522 4756/3603/4525 4751/3604/4520 4750/3605/4519 4779/3606/4548 
f 4781/3607/4550 4782/3608/4551 4783/3609/4552 4784/3610/4553 4785/3611/4554 
f 4786/3612/4555 4787/3613/4556 4788/3614/4557 4789/3615/4558 
f 4749/3600/4518 4790/3616/4559 4791/3617/4560 4780/3601/4549 
f 4752/3571/4521 4792/3618/4561 4790/3619/4559 4749/3568/4518 
f 4782/3608/4551 4793/3620/4562 4794/3621/4563 4783/3609/4552 
f 4795/3622/4564 4796/3623/4565 4797/3624/4566 4798/3625/4567 
f 4799/3626/4568 4800/3627/4568 4801/3628/4569 4802/3629/4569 
f 4803/3630/4570 4804/3631/4489 4805/3632/4571 4806/3633/4571 
f 4807/3634/4572 4808/3635/4572 4800/3627/4568 4799/3626/4568 
f 4809/3636/4573 4810/3637/4486 4804/3631/4489 4803/3630/4570 
f 4811/3638/4574 4812/3639/4575 4808/3635/4572 4807/3634/4572 
f 4813/3640/4576 4814/3641/4577 4810/3637/4486 4809/3636/4573 
f 4815/3642/4578 4816/3643/4579 4817/3644/4580 4818/3645/4581 
f 4819/3646/4582 4820/3647/4583 4821/3648/4584 4822/3649/4585 
f 4823/3650/4586 4824/3651/4586 4825/3652/4587 4826/3653/4587 
f 4827/3654/4571 4805/3632/4571 4804/3631/4489 4828/3655/4489 
f 4824/3651/4586 4829/3656/4586 4830/3657/4587 4825/3652/4587 
f 4808/3635/4572 4831/3658/4572 4832/3659/4568 4800/3627/4568 
f 4810/3637/4486 4833/3660/4573 4828/3655/4489 4804/3631/4489 
f 4812/3639/4575 4834/3661/4588 4831/3658/4572 4808/3635/4572 
f 4835/3662/4589 4836/3663/4590 4833/3660/4573 4810/3637/4486 
f 4837/3664/4591 4838/3665/4592 4839/3666/4593 4840/3667/4594 
f 4841/3668/4595 4842/3669/4596 4836/3663/4590 4835/3662/4589 
f 4843/3670/4597 4844/3671/4598 4838/3665/4592 4837/3664/4591 
f 4845/3672/4599 4846/3673/4600 4842/3669/4596 4841/3668/4595 
f 4817/3644/4580 4847/3674/4601 4844/3671/4598 4843/3670/4597 
f 4848/3675/4602 4849/3676/4603 4846/3673/4600 4845/3672/4599 4850/3677/4604 4851/3678/4605 
f 4852/3679/4569 4801/3628/4569 4800/3627/4568 4832/3659/4568 
f 4820/3647/4583 4853/3680/4583 4854/3681/4584 4821/3648/4584 
f 4832/3659/4568 4716/3535/4485 4732/3551/4501 4852/3679/4569 
f 4831/3658/4572 4713/3532/4482 4716/3535/4485 4832/3659/4568 
f 4834/3661/4588 4721/3540/4490 4713/3532/4482 4831/3658/4572 
f 4855/3682/4579 4856/3683/4606 4857/3684/4607 4847/3674/4601 
f 4853/3680/4583 4858/3685/4608 4859/3686/4609 4854/3681/4584 
f 4785/3611/4554 4860/3687/4610 4803/3630/4570 4806/3633/4571 4781/3607/4550 
f 4860/3687/4610 4861/3688/4611 4809/3636/4573 4803/3630/4570 
f 4809/3636/4573 4861/3688/4611 4862/3689/4590 4813/3640/4576 
f 4863/3690/4612 4864/3691/4613 4865/3692/4596 4862/3689/4590 
f 4864/3691/4613 4866/3693/4614 4867/3694/4600 4865/3692/4596 
f 4867/3694/4600 4866/3693/4614 4868/3695/4615 4869/3696/4616 4870/3697/4603 
f 4796/3698/4565 4795/3699/4564 4823/3650/4586 4826/3653/4587 
f 4828/3655/4489 4720/3539/4489 4871/3700/4571 4827/3654/4571 
f 4833/3660/4573 4717/3536/4486 4720/3539/4489 4828/3655/4489 
f 4872/3701/4617 4873/3702/4577 4717/3536/4486 4833/3660/4573 
f 4848/3675/4602 4874/3703/4605 4875/3704/4604 4849/3676/4603 
f 4829/3656/4586 4876/3705/4586 4877/3706/4587 4830/3657/4587 
f 4741/3707/4510 4744/3708/4513 4878/3709/4618 4807/3634/4572 4799/3626/4568 
f 4807/3634/4572 4878/3709/4618 4879/3710/4619 4811/3638/4574 
f 4880/3711/4620 4881/3712/4591 4882/3713/4592 4879/3710/4619 
f 4881/3712/4591 4883/3714/4621 4884/3715/4622 4882/3713/4592 
f 4884/3715/4622 4885/3716/4623 4815/3642/4578 4818/3645/4581 
f 4822/3649/4585 4886/3717/4624 4887/3718/4625 4819/3646/4582 
f 4888/3719/4626 4889/3720/4627 4890/3721/4628 4891/3722/4629 
f 4891/3723/4629 4892/3724/4535 4893/3725/4536 4888/3726/4626 
f 4892/3724/4535 4894/3727/4630 4895/3728/4631 4893/3725/4536 
f 4896/3729/4632 4895/3730/4631 4894/3731/4630 4897/3732/4633 
f 4898/3733/4634 4899/3734/4635 4896/3735/4632 4897/3736/4633 
f 4890/3737/4628 4889/3738/4627 4899/3734/4635 4898/3733/4634 
f 4900/3739/4627 4901/3740/4626 4870/3741/4603 4850/3742/4604 
f 4902/3743/4635 4903/3744/4634 4904/3745/4628 4900/3746/4627 
f 4905/3747/4636 4906/3748/4637 4903/3744/4634 4902/3743/4635 
f 4907/3749/4638 4908/3750/4630 4906/3751/4637 4905/3752/4636 4814/3753/4577 4813/3754/4576 
f 4907/3755/4638 4909/3756/4536 4910/3757/4535 4908/3758/4630 
f 4909/3756/4536 4901/3759/4626 4911/3760/4629 4910/3757/4535 
f 4912/3761/4596 4913/3762/4639 4914/3763/4640 4915/3764/4595 
f 4722/3541/4491 4916/3765/4591 4917/3766/4641 4918/3767/4642 
f 4916/3765/4591 4723/3542/4492 4725/3544/4494 4917/3766/4641 
f 4768/3587/4537 4919/3768/4643 4920/3769/4644 4765/3584/4534 
f 4773/3592/4542 4770/3589/4539 4769/3588/4538 4774/3593/4543 
f 4858/3685/4608 4921/3770/4645 4922/3771/4646 4859/3686/4609 
f 4748/3772/4517 4799/3626/4568 4802/3629/4569 4745/3773/4514 
f 4923/3774/4647 4871/3700/4571 4720/3539/4489 4719/3538/4488 
f 4912/3761/4596 4915/3764/4595 4924/3775/4599 4925/3776/4648 
f 4925/3776/4648 4924/3775/4599 4875/3704/4604 4874/3703/4605 4926/3777/4649 
f 4913/3762/4639 4718/3537/4487 4914/3763/4640 
f 4724/3778/4493 4856/3779/4606 4859/3686/4609 4922/3771/4646 4763/3780/4532 
f 4815/3781/4578 4885/3782/4623 4886/3717/4624 4822/3649/4585 
f 4764/3783/4533 4921/3770/4645 4858/3685/4608 4869/3696/4616 4868/3695/4615 
f 4819/3646/4582 4887/3718/4625 4926/3777/4649 4874/3703/4605 
f 4820/3647/4583 4819/3646/4582 4874/3703/4605 4848/3675/4602 
f 4821/3648/4584 4854/3681/4584 4855/3784/4579 4816/3785/4579 
f 4848/3675/4602 4851/3678/4605 4853/3680/4583 4820/3647/4583 
f 4858/3685/4608 4853/3680/4583 4851/3678/4605 4869/3696/4616 
f 4816/3785/4579 4815/3781/4578 4822/3649/4585 4821/3648/4584 
f 4856/3779/4606 4855/3784/4579 4854/3681/4584 4859/3686/4609 
f 4731/3786/4500 4780/3787/4549 4796/3698/4565 
f 4737/3788/4506 4733/3552/4502 4778/3789/4547 
f 4730/3790/4499 4715/3791/4484 4753/3602/4522 4779/3606/4548 
f 4738/3792/4507 4771/3793/4540 4744/3708/4513 
f 4736/3555/4505 4745/3794/4514 4776/3795/4545 
f 4741/3707/4510 4799/3626/4568 4748/3772/4517 
f 4735/3796/4504 4729/3548/4498 4746/3797/4515 
f 4740/3798/4509 4726/3545/4495 4734/3799/4503 
f 4743/3800/4512 4727/3546/4496 4739/3801/4508 
f 4747/3802/4516 4728/3547/4497 4742/3803/4511 
f 4795/3699/4564 4782/3804/4551 4781/3805/4550 
f 4756/3603/4525 4860/3806/4610 4785/3807/4554 
f 4777/3596/4546 4923/3808/4647 4775/3809/4544 
f 4791/3810/4560 4786/3612/4555 4797/3811/4566 
f 4794/3812/4563 4788/3813/4557 4792/3618/4561 
f 4798/3814/4567 4789/3615/4558 4793/3815/4562 
f 4834/3816/4588 4839/3817/4593 4906/3748/4637 
f 4836/3818/4590 4895/3728/4631 4872/3819/4617 
f 4844/3820/4598 4847/3821/4601 4904/3745/4628 
f 4846/3822/4600 4849/3823/4603 4888/3726/4626 
f 4840/3824/4594 4812/3825/4575 4894/3727/4630 
f 4905/3747/4636 4835/3826/4589 4814/3827/4577 
f 4843/3828/4597 4891/3723/4629 4817/3829/4580 
f 4900/3746/4627 4850/3830/4604 4845/3831/4599 
f 4722/3832/4491 4721/3833/4490 4908/3758/4630 
f 4723/3834/4492 4911/3760/4629 4857/3835/4607 
f 4862/3836/4590 4907/3755/4638 4813/3837/4576 
f 4867/3838/4600 4870/3839/4603 4901/3759/4626 
f 4914/3840/4640 4873/3841/4577 4896/3735/4632 
f 4924/3842/4599 4889/3738/4627 4875/3843/4604 
f 4879/3844/4619 4897/3732/4633 4811/3845/4574 
f 4884/3846/4622 4818/3847/4581 4890/3737/4628 
f 4736/3555/4505 4776/3795/4545 4778/3789/4547 4733/3552/4502 
f 4778/3597/4547 4777/3596/4546 4775/3809/4544 4737/3848/4506 
f 4715/3849/4484 4714/3850/4483 4754/3573/4523 4753/3572/4522 
f 4744/3708/4513 4771/3793/4540 4774/3851/4543 4878/3709/4618 
f 4757/3576/4526 4918/3852/4642 4917/3853/4641 4759/3578/4528 
f 4769/3854/4538 4766/3855/4535 4881/3712/4591 4880/3711/4620 
f 4759/3578/4528 4917/3853/4641 4725/3856/4494 4761/3580/4530 
f 4766/3855/4535 4765/3857/4534 4883/3714/4621 4881/3712/4591 
f 4729/3548/4498 4735/3796/4504 4734/3799/4503 4726/3545/4495 
f 4740/3858/4509 4739/3859/4508 4727/3546/4496 4726/3545/4495 
f 4743/3800/4512 4742/3803/4511 4728/3547/4497 4727/3546/4496 
f 4728/3547/4497 4747/3860/4516 4746/3861/4515 4729/3548/4498 
f 4736/3555/4505 4735/3554/4504 4746/3862/4515 4745/3794/4514 
f 4733/3552/4502 4737/3788/4506 4740/3863/4509 4734/3553/4503 
f 4738/3864/4507 4744/3563/4513 4743/3562/4512 4739/3865/4508 
f 4748/3567/4517 4747/3566/4516 4742/3561/4511 4741/3560/4510 
f 4756/3575/4525 4755/3574/4524 4861/3866/4611 4860/3867/4610 
f 4863/3868/4612 4758/3577/4527 4760/3579/4529 4864/3869/4613 
f 4864/3869/4613 4760/3579/4529 4762/3581/4531 4866/3870/4614 
f 4768/3871/4537 4767/3872/4536 4912/3761/4596 4925/3776/4648 
f 4767/3872/4536 4770/3873/4539 4913/3762/4639 4912/3761/4596 
f 4718/3537/4487 4773/3874/4542 4772/3875/4541 4719/3538/4488 
f 4719/3538/4488 4772/3875/4541 4775/3876/4544 4923/3774/4647 
f 4886/3717/4624 4927/3877/4650 4928/3878/4651 4887/3718/4625 
f 4784/3879/4553 4783/3880/4552 4752/3571/4521 4751/3570/4520 
f 4798/3814/4567 4797/3811/4566 4786/3612/4555 4789/3615/4558 
f 4787/3881/4556 4790/3619/4559 4792/3618/4561 4788/3813/4557 
f 4796/3623/4565 4780/3882/4549 4791/3883/4560 4797/3624/4566 
f 4783/3880/4552 4794/3812/4563 4792/3618/4561 4752/3571/4521 
f 4782/3884/4551 4795/3622/4564 4798/3625/4567 4793/3885/4562 
f 4852/3886/4569 4732/3887/4501 4826/3653/4587 4825/3652/4587 
f 4897/3732/4633 4894/3731/4630 4812/3888/4575 4811/3845/4574 
f 4891/3722/4629 4890/3721/4628 4818/3889/4581 4817/3890/4580 
f 4825/3652/4587 4830/3657/4587 4801/3891/4569 4852/3886/4569 
f 4805/3892/4571 4827/3893/4571 4829/3656/4586 4824/3651/4586 
f 4894/3727/4630 4892/3724/4535 4837/3894/4591 4840/3824/4594 
f 4835/3826/4589 4905/3747/4636 4902/3743/4635 4841/3895/4595 
f 4892/3724/4535 4891/3723/4629 4843/3828/4597 4837/3894/4591 
f 4841/3895/4595 4902/3743/4635 4900/3746/4627 4845/3831/4599 
f 4906/3751/4637 4908/3750/4630 4721/3896/4490 4834/3897/4588 
f 4908/3758/4630 4910/3757/4535 4916/3898/4591 4722/3832/4491 
f 4910/3757/4535 4911/3760/4629 4723/3834/4492 4916/3898/4591 
f 4802/3899/4569 4801/3891/4569 4830/3657/4587 4877/3706/4587 
f 4889/3720/4627 4888/3719/4626 4849/3900/4603 4875/3901/4604 
f 4914/3840/4640 4896/3735/4632 4899/3734/4635 4915/3902/4595 
f 4915/3902/4595 4899/3734/4635 4889/3738/4627 4924/3842/4599 
f 4838/3903/4592 4903/3744/4634 4906/3748/4637 4839/3817/4593 
f 4893/3725/4536 4895/3728/4631 4836/3818/4590 4842/3904/4596 
f 4909/3756/4536 4907/3755/4638 4862/3836/4590 4865/3905/4596 
f 4882/3906/4592 4898/3733/4634 4897/3736/4633 4879/3907/4619 
f 4844/3820/4598 4904/3745/4628 4903/3744/4634 4838/3903/4592 
f 4888/3726/4626 4893/3725/4536 4842/3904/4596 4846/3822/4600 
f 4901/3759/4626 4909/3756/4536 4865/3905/4596 4867/3838/4600 
f 4884/3846/4622 4890/3737/4628 4898/3733/4634 4882/3906/4592 
f 4824/3651/4586 4823/3650/4586 4806/3908/4571 4805/3892/4571 
f 4876/3705/4586 4829/3656/4586 4827/3893/4571 4871/3909/4571 
f 4919/3910/4643 4768/3871/4537 4925/3776/4648 4926/3777/4649 
f 4765/3857/4534 4920/3911/4644 4885/3716/4623 4883/3714/4621 
f 4761/3580/4530 4725/3856/4494 4724/3912/4493 4763/3582/4532 
f 4762/3581/4531 4764/3583/4533 4868/3913/4615 4866/3870/4614 
f 4770/3873/4539 4773/3874/4542 4718/3537/4487 4913/3762/4639 
f 4774/3851/4543 4769/3854/4538 4880/3711/4620 4878/3709/4618 
f 4714/3850/4483 4918/3852/4642 4757/3576/4526 4754/3573/4523 
f 4755/3574/4524 4758/3577/4527 4863/3868/4612 4861/3866/4611 
f 4823/3650/4586 4795/3699/4564 4781/3805/4550 4806/3908/4571 
f 4732/3887/4501 4731/3786/4500 4796/3698/4565 4826/3653/4587 
f 4777/3596/4546 4876/3705/4586 4871/3909/4571 4923/3808/4647 
f 4745/3914/4514 4802/3899/4569 4877/3706/4587 4776/3595/4545 
f 4794/3915/4563 4793/3815/4562 4789/3615/4558 4788/3614/4557 
f 4791/3810/4560 4790/3916/4559 4787/3613/4556 4786/3612/4555 
f 4756/3603/4525 4785/3807/4554 4784/3917/4553 4751/3604/4520 
f 4885/3782/4623 4920/3918/4644 4927/3877/4650 4886/3717/4624 
f 4928/3878/4651 4919/3910/4643 4926/3777/4649 4887/3718/4625 
f 4873/3919/4577 4872/3920/4617 4895/3730/4631 4896/3729/4632 
f 4869/3696/4616 4851/3678/4605 4850/3677/4604 4870/3697/4603 
f 4904/3921/4628 4911/3922/4629 4901/3740/4626 4900/3739/4627 
f 4922/3923/4646 4921/3924/4645 4764/3583/4533 4763/3582/4532 
f 4919/3768/4643 4928/3925/4651 4927/3926/4650 4920/3769/4644 
f 4776/3595/4545 4877/3706/4587 4876/3705/4586 4777/3596/4546 
f 4731/3550/4500 4730/3549/4499 4779/3598/4548 4780/3601/4549 
f 4911/3922/4629 4904/3921/4628 4847/3927/4601 4857/3928/4607 
f 4816/3643/4579 4855/3682/4579 4847/3674/4601 4817/3644/4580 
f 4840/3667/4594 4839/3666/4593 4834/3661/4588 4812/3639/4575 
f 4878/3709/4618 4880/3711/4620 4879/3710/4619 
f 4884/3715/4622 4883/3714/4621 4885/3716/4623 
f 4723/3542/4492 4857/3684/4607 4856/3683/4606 4724/3543/4493 
f 4722/3541/4491 4918/3767/4642 4714/3533/4483 
f 4717/3536/4486 4873/3702/4577 4914/3763/4640 4718/3537/4487 
f 4861/3688/4611 4863/3690/4612 4862/3689/4590 
f 4810/3637/4486 4814/3641/4577 4835/3662/4589 
f 4836/3663/4590 4872/3701/4617 4833/3660/4573 
# 191 polygons - 40 triangles

#
# object chainsaw_spikedGuard_01_LP
#

v  -5.5099 -12.3130 -2.2506
v  -5.5099 -13.8197 -2.2506
v  -5.5099 -13.6089 -2.7040
v  -5.5099 -12.3130 -2.7040
v  -5.5099 -15.2862 -2.4417
v  -5.5099 -12.3130 -1.7972
v  -5.5099 -13.8197 -1.7972
v  -5.5099 -12.3130 -1.3437
v  -5.5099 -15.3896 -1.0275
v  -5.5099 -13.2225 -0.8903
v  -5.5099 -13.8197 -0.8903
v  -5.5099 -13.2225 -0.4369
v  -5.5099 -13.8197 -0.4369
v  -5.5099 -13.2225 0.0166
v  -5.5099 -15.2954 0.3499
v  -5.5099 -13.2225 0.4700
v  -5.5099 -13.8197 0.4700
v  -5.5099 -13.2225 0.9234
v  -5.5099 -13.8197 0.9234
v  -5.5099 -13.2225 1.3769
v  -5.5099 -15.2710 1.7389
v  -5.5099 -13.2225 1.8303
v  -5.5099 -13.8197 1.8303
v  -5.5099 -13.2225 2.2838
v  -5.5099 -13.8197 2.2838
v  -5.5099 -12.3130 2.7372
v  -5.5099 -15.1439 3.1058
v  -5.5099 -12.3130 3.1906
v  -5.5099 -13.8197 3.1906
v  -5.5099 -12.3130 3.6441
v  -5.5099 -13.8197 3.6441
v  -5.5099 -12.3130 4.0975
v  -5.5099 -13.5727 4.3493
v  -5.5099 -14.8669 4.5083
v  -5.5927 -13.6089 -2.7040
v  -5.5927 -13.8197 -2.2506
v  -5.5927 -12.3130 -2.2506
v  -5.5927 -12.3130 -2.7040
v  -5.5927 -13.8197 -1.7972
v  -5.5927 -12.3130 -1.7972
v  -5.5927 -15.3896 -1.0275
v  -5.5927 -12.3130 -1.3437
v  -5.5927 -13.8197 -0.8903
v  -5.5927 -13.2225 -0.8903
v  -5.5927 -13.8197 -0.4369
v  -5.5927 -13.2225 -0.4369
v  -5.5927 -15.2954 0.3499
v  -5.5927 -13.2225 0.0166
v  -5.5927 -13.8197 0.4700
v  -5.5927 -13.2225 0.4700
v  -5.5927 -13.8197 0.9234
v  -5.5927 -13.2225 0.9234
v  -5.5927 -15.2710 1.7389
v  -5.5927 -13.2225 1.3769
v  -5.5927 -13.8197 1.8303
v  -5.5927 -13.2225 1.8303
v  -5.5927 -13.8197 2.2838
v  -5.5927 -13.2225 2.2838
v  -5.5927 -15.1439 3.1058
v  -5.5927 -12.3130 2.7372
v  -5.5927 -13.8197 3.1906
v  -5.5927 -12.3130 3.1906
v  -5.5927 -13.8197 3.6441
v  -5.5927 -12.3130 3.6441
v  -5.5927 -13.5727 4.3493
v  -5.5927 -12.3130 4.0975
v  -5.5927 -14.8669 4.5083
v  -5.5927 -15.2862 -2.4417
# 68 vertices

vn 0.7071 0.7071 0.0000
vn 0.8890 -0.3441 0.3022
vn 0.6901 -0.0561 -0.7216
vn 0.5774 0.5774 -0.5774
vn 0.5383 -0.8427 0.0108
vn 0.8475 -0.4504 -0.2808
vn 0.6056 0.6766 0.4187
vn 0.5417 -0.8263 0.1541
vn 0.8466 0.4525 0.2801
vn 0.8942 -0.3301 0.3025
vn 0.8431 -0.4612 -0.2767
vn 0.5422 -0.8227 0.1705
vn 0.8949 -0.3281 0.3025
vn 0.8402 -0.4681 -0.2739
vn 0.5423 -0.8191 0.1871
vn 0.8971 -0.3221 0.3025
vn 0.8466 0.4525 -0.2801
vn 0.8344 -0.4816 -0.2679
vn 0.6056 0.6766 -0.4187
vn 0.5432 -0.8144 0.2043
vn 0.8970 -0.3225 0.3025
vn 0.8167 -0.5219 -0.2460
vn 0.5884 0.6253 0.5126
vn 0.6988 0.1138 0.7062
vn 0.5422 -0.7719 0.3319
vn -0.6901 -0.0561 -0.7216
vn -0.8890 -0.3441 0.3022
vn -0.7071 0.7071 0.0000
vn -0.5774 0.5774 -0.5774
vn -0.8475 -0.4504 -0.2808
vn -0.5417 -0.8263 0.1541
vn -0.6056 0.6766 0.4187
vn -0.8942 -0.3301 0.3025
vn -0.8466 0.4525 0.2801
vn -0.8431 -0.4612 -0.2767
vn -0.5422 -0.8227 0.1705
vn -0.8949 -0.3281 0.3025
vn -0.8402 -0.4681 -0.2739
vn -0.5423 -0.8191 0.1871
vn -0.8971 -0.3221 0.3025
vn -0.8344 -0.4816 -0.2679
vn -0.8466 0.4525 -0.2801
vn -0.5432 -0.8144 0.2043
vn -0.6056 0.6766 -0.4187
vn -0.8970 -0.3225 0.3025
vn -0.8167 -0.5219 -0.2460
vn -0.6988 0.1138 0.7062
vn -0.5884 0.6253 0.5126
vn -0.5422 -0.7719 0.3319
vn -0.5383 -0.8427 0.0108
# 50 vertex normals

vt 0.6538 0.7414 0.0000
vt 0.6235 0.7414 0.0000
vt 0.6278 0.7323 0.0000
vt 0.6538 0.7323 0.0000
vt 0.5941 0.7375 0.0000
vt 0.6538 0.7505 0.0000
vt 0.6235 0.7505 0.0000
vt 0.6537 0.7596 0.0000
vt 0.5919 0.7659 0.0000
vt 0.6355 0.7687 0.0000
vt 0.6235 0.7687 0.0000
vt 0.6355 0.7778 0.0000
vt 0.6235 0.7778 0.0000
vt 0.6354 0.7869 0.0000
vt 0.5938 0.7936 0.0000
vt 0.6354 0.7960 0.0000
vt 0.6234 0.7960 0.0000
vt 0.6354 0.8051 0.0000
vt 0.6234 0.8051 0.0000
vt 0.6354 0.8143 0.0000
vt 0.5943 0.8215 0.0000
vt 0.6354 0.8234 0.0000
vt 0.6234 0.8234 0.0000
vt 0.6355 0.8325 0.0000
vt 0.6235 0.8325 0.0000
vt 0.6537 0.8415 0.0000
vt 0.5969 0.8490 0.0000
vt 0.6537 0.8506 0.0000
vt 0.6235 0.8507 0.0000
vt 0.6538 0.8597 0.0000
vt 0.6235 0.8598 0.0000
vt 0.6538 0.8688 0.0000
vt 0.6285 0.8739 0.0000
vt 0.6025 0.8772 0.0000
vt 0.5428 0.7874 0.0000
vt 0.5470 0.7965 0.0000
vt 0.5168 0.7966 0.0000
vt 0.5168 0.7875 0.0000
vt 0.5471 0.8056 0.0000
vt 0.5168 0.8057 0.0000
vt 0.5786 0.8210 0.0000
vt 0.5168 0.8148 0.0000
vt 0.5471 0.8238 0.0000
vt 0.5351 0.8239 0.0000
vt 0.5471 0.8330 0.0000
vt 0.5351 0.8330 0.0000
vt 0.5768 0.8487 0.0000
vt 0.5351 0.8421 0.0000
vt 0.5471 0.8512 0.0000
vt 0.5352 0.8512 0.0000
vt 0.5472 0.8603 0.0000
vt 0.5352 0.8603 0.0000
vt 0.5763 0.8767 0.0000
vt 0.5352 0.8694 0.0000
vt 0.5472 0.8785 0.0000
vt 0.5352 0.8785 0.0000
vt 0.5471 0.8876 0.0000
vt 0.5351 0.8876 0.0000
vt 0.5737 0.9042 0.0000
vt 0.5169 0.8967 0.0000
vt 0.5471 0.9058 0.0000
vt 0.5169 0.9058 0.0000
vt 0.5471 0.9149 0.0000
vt 0.5168 0.9149 0.0000
vt 0.5421 0.9291 0.0000
vt 0.5168 0.9240 0.0000
vt 0.5681 0.9323 0.0000
vt 0.0573 0.9287 0.0000
vt 0.0556 0.9287 0.0000
vt 0.0556 0.9027 0.0000
vt 0.0573 0.9027 0.0000
vt 0.7089 0.2708 0.0000
vt 0.7072 0.2708 0.0000
vt 0.7072 0.2411 0.0000
vt 0.7089 0.2411 0.0000
vt 0.7089 0.2799 0.0000
vt 0.7072 0.2799 0.0000
vt 0.7089 0.3150 0.0000
vt 0.7072 0.3150 0.0000
vt 0.6888 0.4782 0.0000
vt 0.6872 0.4782 0.0000
vt 0.6872 0.4466 0.0000
vt 0.6888 0.4466 0.0000
vt 0.6888 0.4873 0.0000
vt 0.6872 0.4873 0.0000
vt 0.6888 0.5209 0.0000
vt 0.6872 0.5209 0.0000
vt 0.7440 0.9024 0.0000
vt 0.7423 0.9024 0.0000
vt 0.7423 0.8726 0.0000
vt 0.7440 0.8726 0.0000
vt 0.7440 0.9115 0.0000
vt 0.7423 0.9115 0.0000
vt 0.7440 0.9449 0.0000
vt 0.7423 0.9449 0.0000
vt 0.1124 0.9269 0.0000
vt 0.1108 0.9269 0.0000
vt 0.1108 0.8977 0.0000
vt 0.1124 0.8977 0.0000
vt 0.1124 0.9360 0.0000
vt 0.1108 0.9360 0.0000
vt 0.1124 0.9673 0.0000
vt 0.1108 0.9673 0.0000
vt 0.6939 0.5685 0.0000
vt 0.6922 0.5685 0.0000
vt 0.6922 0.5418 0.0000
vt 0.6939 0.5418 0.0000
vt 0.6939 0.5776 0.0000
vt 0.6922 0.5776 0.0000
vt 0.6939 0.6048 0.0000
vt 0.6922 0.6048 0.0000
vt 0.0406 0.9335 0.0000
vt 0.0423 0.9335 0.0000
vt 0.0423 0.9597 0.0000
vt 0.0406 0.9597 0.0000
vt 0.0406 0.9077 0.0000
vt 0.0423 0.9077 0.0000
vt 0.1408 0.9460 0.0000
vt 0.1425 0.9460 0.0000
vt 0.1425 0.9551 0.0000
vt 0.1408 0.9551 0.0000
vt 0.1408 0.9369 0.0000
vt 0.1425 0.9369 0.0000
vt 0.1408 0.9278 0.0000
vt 0.1425 0.9278 0.0000
vt 0.2461 0.9779 0.0000
vt 0.2478 0.9779 0.0000
vt 0.2478 0.9983 0.0000
vt 0.2461 0.9983 0.0000
vt 0.7674 0.9423 0.0000
vt 0.7690 0.9423 0.0000
vt 0.7690 0.9514 0.0000
vt 0.7674 0.9514 0.0000
vt 0.7674 0.9332 0.0000
vt 0.7690 0.9332 0.0000
vt 0.7674 0.9241 0.0000
vt 0.7690 0.9241 0.0000
vt 0.7674 0.9150 0.0000
vt 0.7690 0.9150 0.0000
vt 0.7674 0.9059 0.0000
vt 0.7690 0.9059 0.0000
vt 0.7674 0.8968 0.0000
vt 0.7690 0.8968 0.0000
vt 0.7674 0.8877 0.0000
vt 0.7690 0.8877 0.0000
vt 0.2762 0.9779 0.0000
vt 0.2778 0.9779 0.0000
vt 0.2778 0.9983 0.0000
vt 0.2762 0.9983 0.0000
vt 0.5017 0.9059 0.0000
vt 0.5034 0.9059 0.0000
vt 0.5034 0.9150 0.0000
vt 0.5017 0.9150 0.0000
vt 0.5017 0.8968 0.0000
vt 0.5034 0.8968 0.0000
vt 0.5017 0.8877 0.0000
vt 0.5034 0.8877 0.0000
vt 0.5765 0.7926 0.0000
vt 0.0573 0.9628 0.0000
vt 0.0556 0.9628 0.0000
# 160 texture coords

g chainsaw_spikedGuard_01_LP
s 1
f 4929/3929/4652 4930/3930/4653 4931/3931/4654 4932/3932/4655 
f 4931/3931/4654 4930/3930/4653 4933/3933/4656 
f 4934/3934/4652 4935/3935/4657 4930/3930/4653 4929/3929/4652 
f 4936/3936/4658 4937/3937/4659 4935/3935/4657 4934/3934/4652 
f 4936/3936/4658 4938/3938/4660 4939/3939/4661 4937/3937/4659 
f 4940/3940/4652 4941/3941/4662 4939/3939/4661 4938/3938/4660 
f 4942/3942/4652 4943/3943/4663 4941/3941/4662 4940/3940/4652 
f 4942/3942/4652 4944/3944/4652 4945/3945/4664 4943/3943/4663 
f 4946/3946/4652 4947/3947/4665 4945/3945/4664 4944/3944/4652 
f 4948/3948/4652 4949/3949/4666 4947/3947/4665 4946/3946/4652 
f 4948/3948/4652 4950/3950/4652 4951/3951/4667 4949/3949/4666 
f 4952/3952/4668 4953/3953/4669 4951/3951/4667 4950/3950/4652 
f 4954/3954/4670 4955/3955/4671 4953/3953/4669 4952/3952/4668 
f 4954/3954/4670 4956/3956/4652 4957/3957/4672 4955/3955/4671 
f 4958/3958/4652 4959/3959/4673 4957/3957/4672 4956/3956/4652 
f 4958/3958/4652 4960/3960/4674 4961/3961/4675 4959/3959/4673 
f 4959/3959/4673 4961/3961/4675 4962/3962/4676 
f 4963/3963/4677 4964/3964/4678 4965/3965/4679 4966/3966/4680 
f 4964/3964/4678 4967/3967/4681 4968/3968/4679 4965/3965/4679 
f 4967/3967/4681 4969/3969/4682 4970/3970/4683 4968/3968/4679 
f 4970/3970/4683 4969/3969/4682 4971/3971/4684 4972/3972/4685 
f 4971/3971/4684 4973/3973/4686 4974/3974/4679 4972/3972/4685 
f 4973/3973/4686 4975/3975/4687 4976/3976/4679 4974/3974/4679 
f 4976/3976/4679 4975/3975/4687 4977/3977/4688 4978/3978/4679 
f 4977/3977/4688 4979/3979/4689 4980/3980/4679 4978/3978/4679 
f 4979/3979/4689 4981/3981/4690 4982/3982/4679 4980/3980/4679 
f 4982/3982/4679 4981/3981/4690 4983/3983/4691 4984/3984/4679 
f 4983/3983/4691 4985/3985/4692 4986/3986/4693 4984/3984/4679 
f 4985/3985/4692 4987/3987/4694 4988/3988/4695 4986/3986/4693 
f 4988/3988/4695 4987/3987/4694 4989/3989/4696 4990/3990/4679 
f 4989/3989/4696 4991/3991/4697 4992/3992/4679 4990/3990/4679 
f 4992/3992/4679 4991/3991/4697 4993/3993/4698 4994/3994/4699 
f 4991/3991/4697 4995/3995/4700 4993/3993/4698 
f 4931/3996/4654 4963/3997/4677 4966/3998/4680 4932/3999/4655 
f 4930/4000/4653 4964/4001/4678 4996/4002/4701 4933/4003/4656 
f 4935/4004/4657 4967/4005/4681 4964/4001/4678 4930/4000/4653 
f 4937/4006/4659 4969/4007/4682 4967/4005/4681 4935/4004/4657 
f 4939/4008/4661 4971/4009/4684 4969/4010/4682 4937/4011/4659 
f 4941/4012/4662 4973/4013/4686 4971/4009/4684 4939/4008/4661 
f 4943/4014/4663 4975/4015/4687 4973/4013/4686 4941/4012/4662 
f 4945/4016/4664 4977/4017/4688 4975/4018/4687 4943/4019/4663 
f 4947/4020/4665 4979/4021/4689 4977/4017/4688 4945/4016/4664 
f 4949/4022/4666 4981/4023/4690 4979/4021/4689 4947/4020/4665 
f 4951/4024/4667 4983/4025/4691 4981/4026/4690 4949/4027/4666 
f 4953/4028/4669 4985/4029/4692 4983/4025/4691 4951/4024/4667 
f 4955/4030/4671 4987/4031/4694 4985/4029/4692 4953/4028/4669 
f 4957/4032/4672 4989/4033/4696 4987/4034/4694 4955/4035/4671 
f 4959/4036/4673 4991/4037/4697 4989/4033/4696 4957/4032/4672 
f 4962/4038/4676 4995/4039/4700 4991/4037/4697 4959/4036/4673 
f 4961/4040/4675 4993/4041/4698 4995/4042/4700 4962/4043/4676 
f 4960/4044/4674 4994/4045/4699 4993/4041/4698 4961/4040/4675 
f 4958/4046/4652 4992/4047/4679 4994/4048/4699 4960/4049/4674 
f 4956/4050/4652 4990/4051/4679 4992/4047/4679 4958/4046/4652 
f 4954/4052/4670 4988/4053/4695 4990/4051/4679 4956/4050/4652 
f 4952/4054/4668 4986/4055/4693 4988/4056/4695 4954/4057/4670 
f 4950/4058/4652 4984/4059/4679 4986/4060/4693 4952/4061/4668 
f 4948/4062/4652 4982/4063/4679 4984/4059/4679 4950/4058/4652 
f 4946/4064/4652 4980/4065/4679 4982/4063/4679 4948/4062/4652 
f 4944/4066/4652 4978/4067/4679 4980/4065/4679 4946/4064/4652 
f 4942/4068/4652 4976/4069/4679 4978/4067/4679 4944/4066/4652 
f 4940/4070/4652 4974/4071/4679 4976/4069/4679 4942/4068/4652 
f 4938/4072/4660 4972/4073/4685 4974/4071/4679 4940/4070/4652 
f 4936/4074/4658 4970/4075/4683 4972/4076/4685 4938/4077/4660 
f 4934/4078/4652 4968/4079/4679 4970/4080/4683 4936/4081/4658 
f 4929/4082/4652 4965/4083/4679 4968/4079/4679 4934/4078/4652 
f 4932/4084/4655 4966/4085/4680 4965/4083/4679 4929/4082/4652 
f 4963/3963/4677 4996/4086/4701 4964/3964/4678 
f 4933/4087/4656 4996/4088/4701 4963/3997/4677 4931/3996/4654 
# 64 polygons - 4 triangles

#
# object chainsaw_spikedGuard_02_LP
#

v  -3.9367 -12.3130 -2.2506
v  -3.9367 -13.8197 -2.2506
v  -3.9367 -13.6089 -2.7040
v  -3.9367 -12.3130 -2.7040
v  -3.9367 -15.2862 -2.4417
v  -3.9367 -12.3130 -1.7972
v  -3.9367 -13.8197 -1.7972
v  -3.9367 -12.3130 -1.3437
v  -3.9367 -15.3896 -1.0275
v  -3.9367 -13.2225 -0.8903
v  -3.9367 -13.8197 -0.8903
v  -3.9367 -13.2225 -0.4369
v  -3.9367 -13.8197 -0.4369
v  -3.9367 -13.2225 0.0166
v  -3.9367 -15.2954 0.3499
v  -3.9367 -13.2225 0.4700
v  -3.9367 -13.8197 0.4700
v  -3.9367 -13.2225 0.9234
v  -3.9367 -13.8197 0.9234
v  -3.9367 -13.2225 1.3769
v  -3.9367 -15.2710 1.7389
v  -3.9367 -13.2225 1.8303
v  -3.9367 -13.8197 1.8303
v  -3.9367 -13.2225 2.2838
v  -3.9367 -13.8197 2.2838
v  -3.9367 -12.3130 2.7372
v  -3.9367 -15.1439 3.1058
v  -3.9367 -12.3130 3.1906
v  -3.9367 -13.8197 3.1906
v  -3.9367 -12.3130 3.6441
v  -3.9367 -13.8197 3.6441
v  -3.9367 -12.3130 4.0975
v  -3.9367 -13.5727 4.3493
v  -3.9367 -14.8669 4.5083
v  -4.0195 -13.6089 -2.7040
v  -4.0195 -13.8197 -2.2506
v  -4.0195 -12.3130 -2.2506
v  -4.0195 -12.3130 -2.7040
v  -4.0195 -13.8197 -1.7972
v  -4.0195 -12.3130 -1.7972
v  -4.0195 -15.3896 -1.0275
v  -4.0195 -12.3130 -1.3437
v  -4.0195 -13.8197 -0.8903
v  -4.0195 -13.2225 -0.8903
v  -4.0195 -13.8197 -0.4369
v  -4.0195 -13.2225 -0.4369
v  -4.0195 -15.2954 0.3499
v  -4.0195 -13.2225 0.0166
v  -4.0195 -13.8197 0.4700
v  -4.0195 -13.2225 0.4700
v  -4.0195 -13.8197 0.9234
v  -4.0195 -13.2225 0.9234
v  -4.0195 -15.2710 1.7389
v  -4.0195 -13.2225 1.3769
v  -4.0195 -13.8197 1.8303
v  -4.0195 -13.2225 1.8303
v  -4.0195 -13.8197 2.2838
v  -4.0195 -13.2225 2.2838
v  -4.0195 -15.1439 3.1058
v  -4.0195 -12.3130 2.7372
v  -4.0195 -13.8197 3.1906
v  -4.0195 -12.3130 3.1906
v  -4.0195 -13.8197 3.6441
v  -4.0195 -12.3130 3.6441
v  -4.0195 -13.5727 4.3493
v  -4.0195 -12.3130 4.0975
v  -4.0195 -14.8669 4.5083
v  -4.0195 -15.2862 -2.4417
# 68 vertices

vn 0.7071 0.7071 0.0000
vn 0.8890 -0.3441 0.3022
vn 0.6901 -0.0561 -0.7216
vn 0.5774 0.5774 -0.5774
vn 0.5383 -0.8427 0.0108
vn 0.8475 -0.4504 -0.2808
vn 0.6056 0.6766 0.4187
vn 0.5417 -0.8263 0.1541
vn 0.8466 0.4525 0.2801
vn 0.8942 -0.3301 0.3025
vn 0.8431 -0.4612 -0.2767
vn 0.5422 -0.8227 0.1705
vn 0.8949 -0.3281 0.3025
vn 0.8402 -0.4681 -0.2739
vn 0.5423 -0.8191 0.1871
vn 0.8971 -0.3221 0.3025
vn 0.8466 0.4525 -0.2801
vn 0.8344 -0.4816 -0.2679
vn 0.6056 0.6766 -0.4187
vn 0.5432 -0.8144 0.2043
vn 0.8970 -0.3225 0.3025
vn 0.8167 -0.5219 -0.2460
vn 0.5884 0.6253 0.5126
vn 0.6988 0.1138 0.7062
vn 0.5422 -0.7719 0.3319
vn -0.6901 -0.0561 -0.7216
vn -0.8890 -0.3441 0.3022
vn -0.7071 0.7071 0.0000
vn -0.5774 0.5774 -0.5774
vn -0.8475 -0.4504 -0.2808
vn -0.5417 -0.8263 0.1541
vn -0.6056 0.6766 0.4187
vn -0.8942 -0.3301 0.3025
vn -0.8466 0.4525 0.2801
vn -0.8431 -0.4612 -0.2767
vn -0.5422 -0.8227 0.1705
vn -0.8949 -0.3281 0.3025
vn -0.8402 -0.4681 -0.2739
vn -0.5423 -0.8191 0.1871
vn -0.8971 -0.3221 0.3025
vn -0.8344 -0.4816 -0.2679
vn -0.8466 0.4525 -0.2801
vn -0.5432 -0.8144 0.2043
vn -0.6056 0.6766 -0.4187
vn -0.8970 -0.3225 0.3025
vn -0.8167 -0.5219 -0.2460
vn -0.6988 0.1138 0.7062
vn -0.5884 0.6253 0.5126
vn -0.5422 -0.7719 0.3319
vn -0.5383 -0.8427 0.0108
# 50 vertex normals

vt 1.6538 0.7414 0.0000
vt 1.6235 0.7414 0.0000
vt 1.6278 0.7323 0.0000
vt 1.6538 0.7323 0.0000
vt 1.5941 0.7375 0.0000
vt 1.6538 0.7505 0.0000
vt 1.6235 0.7505 0.0000
vt 1.6537 0.7596 0.0000
vt 1.5919 0.7659 0.0000
vt 1.6355 0.7687 0.0000
vt 1.6235 0.7687 0.0000
vt 1.6355 0.7778 0.0000
vt 1.6235 0.7778 0.0000
vt 1.6354 0.7869 0.0000
vt 1.5938 0.7936 0.0000
vt 1.6354 0.7960 0.0000
vt 1.6234 0.7960 0.0000
vt 1.6354 0.8051 0.0000
vt 1.6234 0.8051 0.0000
vt 1.6354 0.8143 0.0000
vt 1.5943 0.8215 0.0000
vt 1.6354 0.8234 0.0000
vt 1.6234 0.8234 0.0000
vt 1.6355 0.8325 0.0000
vt 1.6235 0.8325 0.0000
vt 1.6537 0.8415 0.0000
vt 1.5969 0.8490 0.0000
vt 1.6537 0.8506 0.0000
vt 1.6235 0.8507 0.0000
vt 1.6538 0.8597 0.0000
vt 1.6235 0.8598 0.0000
vt 1.6538 0.8688 0.0000
vt 1.6285 0.8739 0.0000
vt 1.6025 0.8772 0.0000
vt 1.5428 0.7874 0.0000
vt 1.5470 0.7965 0.0000
vt 1.5168 0.7966 0.0000
vt 1.5168 0.7875 0.0000
vt 1.5471 0.8056 0.0000
vt 1.5168 0.8057 0.0000
vt 1.5786 0.8210 0.0000
vt 1.5168 0.8148 0.0000
vt 1.5471 0.8238 0.0000
vt 1.5351 0.8239 0.0000
vt 1.5471 0.8330 0.0000
vt 1.5351 0.8330 0.0000
vt 1.5768 0.8487 0.0000
vt 1.5351 0.8421 0.0000
vt 1.5471 0.8512 0.0000
vt 1.5352 0.8512 0.0000
vt 1.5472 0.8603 0.0000
vt 1.5352 0.8603 0.0000
vt 1.5763 0.8767 0.0000
vt 1.5352 0.8694 0.0000
vt 1.5472 0.8785 0.0000
vt 1.5352 0.8785 0.0000
vt 1.5471 0.8876 0.0000
vt 1.5351 0.8876 0.0000
vt 1.5737 0.9042 0.0000
vt 1.5169 0.8967 0.0000
vt 1.5471 0.9058 0.0000
vt 1.5169 0.9058 0.0000
vt 1.5471 0.9149 0.0000
vt 1.5168 0.9149 0.0000
vt 1.5421 0.9291 0.0000
vt 1.5168 0.9240 0.0000
vt 1.5681 0.9323 0.0000
vt 1.0573 0.9287 0.0000
vt 1.0556 0.9287 0.0000
vt 1.0556 0.9027 0.0000
vt 1.0573 0.9027 0.0000
vt 1.7089 0.2708 0.0000
vt 1.7072 0.2708 0.0000
vt 1.7072 0.2411 0.0000
vt 1.7089 0.2411 0.0000
vt 1.7089 0.2799 0.0000
vt 1.7072 0.2799 0.0000
vt 1.7089 0.3150 0.0000
vt 1.7072 0.3150 0.0000
vt 1.6888 0.4782 0.0000
vt 1.6872 0.4782 0.0000
vt 1.6872 0.4466 0.0000
vt 1.6888 0.4466 0.0000
vt 1.6888 0.4873 0.0000
vt 1.6872 0.4873 0.0000
vt 1.6888 0.5209 0.0000
vt 1.6872 0.5209 0.0000
vt 1.7440 0.9024 0.0000
vt 1.7423 0.9024 0.0000
vt 1.7423 0.8726 0.0000
vt 1.7440 0.8726 0.0000
vt 1.7440 0.9115 0.0000
vt 1.7423 0.9115 0.0000
vt 1.7440 0.9449 0.0000
vt 1.7423 0.9449 0.0000
vt 1.1124 0.9269 0.0000
vt 1.1108 0.9269 0.0000
vt 1.1108 0.8977 0.0000
vt 1.1124 0.8977 0.0000
vt 1.1124 0.9360 0.0000
vt 1.1108 0.9360 0.0000
vt 1.1124 0.9673 0.0000
vt 1.1108 0.9673 0.0000
vt 1.6939 0.5685 0.0000
vt 1.6922 0.5685 0.0000
vt 1.6922 0.5418 0.0000
vt 1.6939 0.5418 0.0000
vt 1.6939 0.5776 0.0000
vt 1.6922 0.5776 0.0000
vt 1.6939 0.6048 0.0000
vt 1.6922 0.6048 0.0000
vt 1.0406 0.9335 0.0000
vt 1.0423 0.9335 0.0000
vt 1.0423 0.9597 0.0000
vt 1.0406 0.9597 0.0000
vt 1.0406 0.9077 0.0000
vt 1.0423 0.9077 0.0000
vt 1.1408 0.9460 0.0000
vt 1.1425 0.9460 0.0000
vt 1.1425 0.9551 0.0000
vt 1.1408 0.9551 0.0000
vt 1.1408 0.9369 0.0000
vt 1.1425 0.9369 0.0000
vt 1.1408 0.9278 0.0000
vt 1.1425 0.9278 0.0000
vt 1.2461 0.9779 0.0000
vt 1.2478 0.9779 0.0000
vt 1.2478 0.9983 0.0000
vt 1.2461 0.9983 0.0000
vt 1.7674 0.9423 0.0000
vt 1.7690 0.9423 0.0000
vt 1.7690 0.9514 0.0000
vt 1.7674 0.9514 0.0000
vt 1.7674 0.9332 0.0000
vt 1.7690 0.9332 0.0000
vt 1.7674 0.9241 0.0000
vt 1.7690 0.9241 0.0000
vt 1.7674 0.9150 0.0000
vt 1.7690 0.9150 0.0000
vt 1.7674 0.9059 0.0000
vt 1.7690 0.9059 0.0000
vt 1.7674 0.8968 0.0000
vt 1.7690 0.8968 0.0000
vt 1.7674 0.8877 0.0000
vt 1.7690 0.8877 0.0000
vt 1.2762 0.9779 0.0000
vt 1.2778 0.9779 0.0000
vt 1.2778 0.9983 0.0000
vt 1.2762 0.9983 0.0000
vt 1.5017 0.9059 0.0000
vt 1.5034 0.9059 0.0000
vt 1.5034 0.9150 0.0000
vt 1.5017 0.9150 0.0000
vt 1.5017 0.8968 0.0000
vt 1.5034 0.8968 0.0000
vt 1.5017 0.8877 0.0000
vt 1.5034 0.8877 0.0000
vt 1.5765 0.7926 0.0000
vt 1.0573 0.9628 0.0000
vt 1.0556 0.9628 0.0000
# 160 texture coords

g chainsaw_spikedGuard_02_LP
s 1
f 4997/4089/4702 4998/4090/4703 4999/4091/4704 5000/4092/4705 
f 4999/4091/4704 4998/4090/4703 5001/4093/4706 
f 5002/4094/4702 5003/4095/4707 4998/4090/4703 4997/4089/4702 
f 5004/4096/4708 5005/4097/4709 5003/4095/4707 5002/4094/4702 
f 5004/4096/4708 5006/4098/4710 5007/4099/4711 5005/4097/4709 
f 5008/4100/4702 5009/4101/4712 5007/4099/4711 5006/4098/4710 
f 5010/4102/4702 5011/4103/4713 5009/4101/4712 5008/4100/4702 
f 5010/4102/4702 5012/4104/4702 5013/4105/4714 5011/4103/4713 
f 5014/4106/4702 5015/4107/4715 5013/4105/4714 5012/4104/4702 
f 5016/4108/4702 5017/4109/4716 5015/4107/4715 5014/4106/4702 
f 5016/4108/4702 5018/4110/4702 5019/4111/4717 5017/4109/4716 
f 5020/4112/4718 5021/4113/4719 5019/4111/4717 5018/4110/4702 
f 5022/4114/4720 5023/4115/4721 5021/4113/4719 5020/4112/4718 
f 5022/4114/4720 5024/4116/4702 5025/4117/4722 5023/4115/4721 
f 5026/4118/4702 5027/4119/4723 5025/4117/4722 5024/4116/4702 
f 5026/4118/4702 5028/4120/4724 5029/4121/4725 5027/4119/4723 
f 5027/4119/4723 5029/4121/4725 5030/4122/4726 
f 5031/4123/4727 5032/4124/4728 5033/4125/4729 5034/4126/4730 
f 5032/4124/4728 5035/4127/4731 5036/4128/4729 5033/4125/4729 
f 5035/4127/4731 5037/4129/4732 5038/4130/4733 5036/4128/4729 
f 5038/4130/4733 5037/4129/4732 5039/4131/4734 5040/4132/4735 
f 5039/4131/4734 5041/4133/4736 5042/4134/4729 5040/4132/4735 
f 5041/4133/4736 5043/4135/4737 5044/4136/4729 5042/4134/4729 
f 5044/4136/4729 5043/4135/4737 5045/4137/4738 5046/4138/4729 
f 5045/4137/4738 5047/4139/4739 5048/4140/4729 5046/4138/4729 
f 5047/4139/4739 5049/4141/4740 5050/4142/4729 5048/4140/4729 
f 5050/4142/4729 5049/4141/4740 5051/4143/4741 5052/4144/4729 
f 5051/4143/4741 5053/4145/4742 5054/4146/4743 5052/4144/4729 
f 5053/4145/4742 5055/4147/4744 5056/4148/4745 5054/4146/4743 
f 5056/4148/4745 5055/4147/4744 5057/4149/4746 5058/4150/4729 
f 5057/4149/4746 5059/4151/4747 5060/4152/4729 5058/4150/4729 
f 5060/4152/4729 5059/4151/4747 5061/4153/4748 5062/4154/4749 
f 5059/4151/4747 5063/4155/4750 5061/4153/4748 
f 4999/4156/4704 5031/4157/4727 5034/4158/4730 5000/4159/4705 
f 4998/4160/4703 5032/4161/4728 5064/4162/4751 5001/4163/4706 
f 5003/4164/4707 5035/4165/4731 5032/4161/4728 4998/4160/4703 
f 5005/4166/4709 5037/4167/4732 5035/4165/4731 5003/4164/4707 
f 5007/4168/4711 5039/4169/4734 5037/4170/4732 5005/4171/4709 
f 5009/4172/4712 5041/4173/4736 5039/4169/4734 5007/4168/4711 
f 5011/4174/4713 5043/4175/4737 5041/4173/4736 5009/4172/4712 
f 5013/4176/4714 5045/4177/4738 5043/4178/4737 5011/4179/4713 
f 5015/4180/4715 5047/4181/4739 5045/4177/4738 5013/4176/4714 
f 5017/4182/4716 5049/4183/4740 5047/4181/4739 5015/4180/4715 
f 5019/4184/4717 5051/4185/4741 5049/4186/4740 5017/4187/4716 
f 5021/4188/4719 5053/4189/4742 5051/4185/4741 5019/4184/4717 
f 5023/4190/4721 5055/4191/4744 5053/4189/4742 5021/4188/4719 
f 5025/4192/4722 5057/4193/4746 5055/4194/4744 5023/4195/4721 
f 5027/4196/4723 5059/4197/4747 5057/4193/4746 5025/4192/4722 
f 5030/4198/4726 5063/4199/4750 5059/4197/4747 5027/4196/4723 
f 5029/4200/4725 5061/4201/4748 5063/4202/4750 5030/4203/4726 
f 5028/4204/4724 5062/4205/4749 5061/4201/4748 5029/4200/4725 
f 5026/4206/4702 5060/4207/4729 5062/4208/4749 5028/4209/4724 
f 5024/4210/4702 5058/4211/4729 5060/4207/4729 5026/4206/4702 
f 5022/4212/4720 5056/4213/4745 5058/4211/4729 5024/4210/4702 
f 5020/4214/4718 5054/4215/4743 5056/4216/4745 5022/4217/4720 
f 5018/4218/4702 5052/4219/4729 5054/4220/4743 5020/4221/4718 
f 5016/4222/4702 5050/4223/4729 5052/4219/4729 5018/4218/4702 
f 5014/4224/4702 5048/4225/4729 5050/4223/4729 5016/4222/4702 
f 5012/4226/4702 5046/4227/4729 5048/4225/4729 5014/4224/4702 
f 5010/4228/4702 5044/4229/4729 5046/4227/4729 5012/4226/4702 
f 5008/4230/4702 5042/4231/4729 5044/4229/4729 5010/4228/4702 
f 5006/4232/4710 5040/4233/4735 5042/4231/4729 5008/4230/4702 
f 5004/4234/4708 5038/4235/4733 5040/4236/4735 5006/4237/4710 
f 5002/4238/4702 5036/4239/4729 5038/4240/4733 5004/4241/4708 
f 4997/4242/4702 5033/4243/4729 5036/4239/4729 5002/4238/4702 
f 5000/4244/4705 5034/4245/4730 5033/4243/4729 4997/4242/4702 
f 5031/4123/4727 5064/4246/4751 5032/4124/4728 
f 5001/4247/4706 5064/4248/4751 5031/4157/4727 4999/4156/4704 
# 64 polygons - 4 triangles

#
# object chainsaw_starter_LP
#

v  3.4465 -3.3000 1.9856
v  3.9834 -3.3000 1.7352
v  3.9834 -4.0158 1.7352
v  3.4465 -4.0158 1.9856
v  5.4016 -4.0158 4.5754
v  5.4016 -3.3000 4.5754
v  4.7106 -3.3000 4.8976
v  4.7106 -4.0158 4.8976
v  4.0193 -4.1008 1.8122
v  4.9591 -4.1008 3.8277
v  4.4223 -4.1008 4.0780
v  3.4824 -4.1008 2.0626
v  4.0964 -3.3000 1.7763
v  5.0362 -3.3000 3.7918
v  5.0362 -4.0158 3.7918
v  4.0964 -4.0158 1.7763
v  3.4824 -3.2150 2.0626
v  4.4223 -3.2150 4.0780
v  4.9591 -3.2150 3.8277
v  4.0193 -3.2150 1.8122
v  3.4054 -4.0158 2.0985
v  4.3452 -4.0158 4.1139
v  4.3452 -3.3000 4.1139
v  3.4054 -3.3000 2.0985
v  5.0721 -4.1008 3.8688
v  5.3657 -4.1008 4.4984
v  4.6747 -4.1008 4.8206
v  4.3811 -4.1008 4.1910
v  7.4189 -3.3000 2.9903
v  7.5471 -3.3000 3.2653
v  7.5471 -4.0158 3.2653
v  7.4189 -4.0158 2.9903
v  4.3811 -3.2150 4.1910
v  4.6747 -3.2150 4.8206
v  5.3657 -3.2150 4.4984
v  5.0721 -3.2150 3.8688
v  3.6798 -4.0158 4.7339
v  3.8080 -4.0158 5.0089
v  3.8080 -3.3000 5.0089
v  3.6798 -3.3000 4.7339
v  7.3033 -3.3000 2.9431
v  7.3033 -4.0158 2.9431
v  7.4728 -3.2150 3.3070
v  7.3391 -3.2150 3.0204
v  7.5090 -4.0158 3.3842
v  7.5090 -3.3000 3.3842
v  7.3391 -4.1008 3.0204
v  7.4728 -4.1008 3.3070
v  3.7111 -4.0158 4.6048
v  3.7111 -3.3000 4.6048
v  3.8923 -4.1008 4.9884
v  3.7496 -4.1008 4.6825
v  3.9270 -3.3000 5.0679
v  3.9270 -4.0158 5.0679
v  3.7496 -3.2150 4.6825
v  3.8923 -3.2150 4.9884
# 56 vertices

vn -0.6796 0.3415 -0.6492
vn -0.0606 0.3415 -0.9379
vn -0.0606 -0.3415 -0.9379
vn -0.6796 -0.3415 -0.6492
vn 0.4233 -0.3791 0.8229
vn 0.4233 0.3791 0.8229
vn 0.2984 0.3721 0.8789
vn 0.2984 -0.3721 0.8789
vn 0.1651 -0.8756 -0.4540
vn 0.2191 -0.9518 -0.2146
vn -0.3052 -0.9518 0.0298
vn -0.4541 -0.8755 -0.1653
vn 0.6491 0.3417 -0.6796
vn 0.3253 0.5047 -0.7997
vn 0.3253 -0.5047 -0.7997
vn 0.6491 -0.3417 -0.6796
vn -0.4541 0.8755 -0.1652
vn -0.3052 0.9518 0.0298
vn 0.2191 0.9518 -0.2146
vn 0.1651 0.8756 -0.4540
vn -0.9379 -0.3415 0.0604
vn -0.8520 -0.4784 -0.2127
vn -0.8520 0.4784 -0.2127
vn -0.9379 0.3415 0.0604
vn -0.0189 -0.9477 -0.3185
vn 0.1792 -0.9204 0.3476
vn 0.1277 -0.9134 0.3865
vn -0.2658 -0.9394 -0.2164
vn 0.6642 0.3395 -0.6660
vn 0.9372 0.3394 -0.0809
vn 0.9372 -0.3394 -0.0808
vn 0.6642 -0.3395 -0.6660
vn -0.2658 0.9394 -0.2164
vn 0.1277 0.9134 0.3865
vn 0.1792 0.9204 0.3476
vn -0.0189 0.9477 -0.3185
vn -0.9340 -0.3376 0.1173
vn -0.6902 -0.3378 0.6400
vn -0.6902 0.3378 0.6399
vn -0.9339 0.3376 0.1173
vn -0.0077 0.3393 -0.9406
vn -0.0077 -0.3393 -0.9406
vn 0.4663 0.8719 0.1492
vn 0.1852 0.8719 -0.4533
vn 0.7157 -0.3395 0.6104
vn 0.7157 0.3395 0.6104
vn 0.1851 -0.8719 -0.4533
vn 0.4663 -0.8719 0.1493
vn -0.7769 -0.3372 -0.5318
vn -0.7769 0.3372 -0.5318
vn -0.2210 -0.8680 0.4447
vn -0.4830 -0.8678 -0.1165
vn -0.0920 0.3373 0.9369
vn -0.0920 -0.3373 0.9369
vn -0.4831 0.8678 -0.1165
vn -0.2211 0.8680 0.4447
# 56 vertex normals

vt 0.5468 0.9798 0.0000
vt 0.5468 0.9679 0.0000
vt 0.5612 0.9679 0.0000
vt 0.5612 0.9798 0.0000
vt 0.7173 0.3409 0.0000
vt 0.7316 0.3409 0.0000
vt 0.7316 0.3562 0.0000
vt 0.7173 0.3562 0.0000
vt 0.7165 0.8099 0.0000
vt 0.7165 0.8545 0.0000
vt 0.7046 0.8545 0.0000
vt 0.7046 0.8099 0.0000
vt 0.7316 0.3889 0.0000
vt 0.7316 0.4335 0.0000
vt 0.7173 0.4335 0.0000
vt 0.7173 0.3889 0.0000
vt 0.6965 0.8099 0.0000
vt 0.6965 0.8545 0.0000
vt 0.6846 0.8545 0.0000
vt 0.6846 0.8099 0.0000
vt 0.6715 0.7948 0.0000
vt 0.6715 0.8395 0.0000
vt 0.6571 0.8395 0.0000
vt 0.6571 0.7948 0.0000
vt 0.8100 0.9234 0.0000
vt 0.8240 0.9236 0.0000
vt 0.8239 0.9389 0.0000
vt 0.8099 0.9389 0.0000
vt 0.8083 0.9371 0.0000
vt 0.8084 0.9253 0.0000
vt 0.7316 0.2837 0.0000
vt 0.7316 0.2898 0.0000
vt 0.7173 0.2898 0.0000
vt 0.7173 0.2837 0.0000
vt 0.6835 0.5129 0.0000
vt 0.6695 0.5127 0.0000
vt 0.6696 0.4975 0.0000
vt 0.6836 0.4975 0.0000
vt 0.6852 0.4993 0.0000
vt 0.6851 0.5111 0.0000
vt 0.7173 0.3811 0.0000
vt 0.7173 0.3750 0.0000
vt 0.7316 0.3750 0.0000
vt 0.7316 0.3811 0.0000
vt 0.7316 0.4821 0.0000
vt 0.7173 0.4821 0.0000
vt 0.6733 0.4490 0.0000
vt 0.6796 0.4490 0.0000
vt 0.7173 0.2923 0.0000
vt 0.7316 0.2923 0.0000
vt 0.8146 0.8750 0.0000
vt 0.8210 0.8752 0.0000
vt 0.6715 0.8556 0.0000
vt 0.6571 0.8556 0.0000
vt 0.8203 0.9545 0.0000
vt 0.8136 0.9546 0.0000
vt 0.7316 0.3723 0.0000
vt 0.7173 0.3723 0.0000
vt 0.6796 0.5285 0.0000
vt 0.6728 0.5284 0.0000
vt 0.7025 0.8087 0.0000
vt 0.7046 0.8075 0.0000
vt 0.7165 0.8075 0.0000
vt 0.7186 0.8087 0.0000
vt 0.6986 0.8087 0.0000
vt 0.6965 0.8075 0.0000
vt 0.6846 0.8075 0.0000
vt 0.6825 0.8087 0.0000
vt 0.8075 0.9392 0.0000
vt 0.8076 0.9232 0.0000
vt 0.6859 0.5132 0.0000
vt 0.6860 0.4972 0.0000
vt 0.8126 0.8738 0.0000
vt 0.8148 0.8726 0.0000
vt 0.6795 0.4466 0.0000
vt 0.6817 0.4478 0.0000
vt 0.6712 0.4478 0.0000
vt 0.6734 0.4466 0.0000
vt 0.8209 0.8727 0.0000
vt 0.8231 0.8740 0.0000
vt 0.6817 0.5299 0.0000
vt 0.6792 0.5309 0.0000
vt 0.8139 0.9570 0.0000
vt 0.8115 0.9559 0.0000
vt 0.8224 0.9558 0.0000
vt 0.8200 0.9569 0.0000
vt 0.6731 0.5308 0.0000
vt 0.6708 0.5297 0.0000
vt 0.6571 0.7924 0.0000
vt 0.6715 0.7924 0.0000
vt 0.7173 0.3864 0.0000
vt 0.7316 0.3864 0.0000
vt 0.7189 0.8099 0.0000
vt 0.7189 0.8546 0.0000
vt 0.7022 0.8545 0.0000
vt 0.7022 0.8099 0.0000
vt 0.6822 0.8546 0.0000
vt 0.6822 0.8099 0.0000
vt 0.6989 0.8099 0.0000
vt 0.6989 0.8545 0.0000
vt 0.8264 0.9236 0.0000
vt 0.8263 0.9390 0.0000
vt 0.6671 0.5128 0.0000
vt 0.6672 0.4974 0.0000
vt 0.7173 0.2812 0.0000
vt 0.7316 0.2812 0.0000
vt 0.8122 0.8749 0.0000
vt 0.6820 0.4489 0.0000
vt 0.6709 0.4490 0.0000
vt 0.8234 0.8751 0.0000
vt 0.7316 0.3838 0.0000
vt 0.7173 0.3838 0.0000
vt 0.6820 0.5288 0.0000
vt 0.8112 0.9548 0.0000
vt 0.8228 0.9547 0.0000
vt 0.6704 0.5286 0.0000
# 116 texture coords

g chainsaw_starter_LP
s 1
f 5065/4249/4752 5066/4250/4753 5067/4251/4754 5068/4252/4755 
f 5069/4253/4756 5070/4254/4757 5071/4255/4758 5072/4256/4759 
f 5073/4257/4760 5074/4258/4761 5075/4259/4762 5076/4260/4763 
f 5077/4261/4764 5078/4262/4765 5079/4263/4766 5080/4264/4767 
f 5081/4265/4768 5082/4266/4769 5083/4267/4770 5084/4268/4771 
f 5085/4269/4772 5086/4270/4773 5087/4271/4774 5088/4272/4775 
f 5089/4273/4776 5090/4274/4777 5091/4275/4778 5092/4276/4779 5075/4277/4762 5074/4278/4761 
f 5093/4279/4780 5094/4280/4781 5095/4281/4782 5096/4282/4783 
f 5097/4283/4784 5098/4284/4785 5099/4285/4786 5100/4286/4787 5083/4287/4770 5082/4288/4769 
f 5101/4289/4788 5102/4290/4789 5103/4291/4790 5104/4292/4791 
f 5078/4262/4765 5105/4293/4792 5106/4294/4793 5079/4263/4766 
f 5099/4285/4786 5107/4295/4794 5108/4296/4795 5100/4286/4787 
f 5069/4253/4756 5109/4297/4796 5110/4298/4797 5070/4254/4757 
f 5089/4273/4776 5111/4299/4798 5112/4300/4799 5090/4274/4777 
f 5086/4270/4773 5113/4301/4800 5114/4302/4801 5087/4271/4774 
f 5091/4275/4778 5115/4303/4802 5116/4304/4803 5092/4276/4779 
f 5071/4255/4758 5117/4305/4804 5118/4306/4805 5072/4256/4759 
f 5097/4283/4784 5119/4307/4806 5120/4308/4807 5098/4284/4785 
f 5076/4260/4763 5085/4309/4772 5068/4310/4755 
f 5067/4311/4754 5080/4312/4767 5073/4257/4760 
f 5088/4313/4775 5081/4265/4768 5065/4314/4752 
f 5066/4315/4753 5084/4268/4771 5077/4316/4764 
f 5075/4277/4762 5092/4276/4779 5086/4317/4773 
f 5079/4318/4766 5089/4273/4776 5074/4278/4761 
f 5087/4319/4774 5097/4283/4784 5082/4288/4769 
f 5083/4287/4770 5100/4286/4787 5078/4320/4765 
f 5106/4321/4793 5096/4322/4783 5111/4299/4798 
f 5108/4296/4795 5093/4323/4780 5105/4324/4792 
f 5110/4325/4797 5094/4326/4781 5107/4295/4794 
f 5112/4300/4799 5095/4327/4782 5109/4328/4796 
f 5114/4329/4801 5104/4330/4791 5119/4307/4806 
f 5116/4304/4803 5101/4331/4788 5113/4332/4800 
f 5118/4333/4805 5102/4334/4789 5115/4303/4802 
f 5120/4308/4807 5103/4335/4790 5117/4336/4804 
f 5085/4269/4772 5088/4272/4775 5065/4337/4752 5068/4338/4755 
f 5081/4265/4768 5084/4268/4771 5066/4315/4753 5065/4314/4752 
f 5077/4261/4764 5080/4264/4767 5067/4339/4754 5066/4340/4753 
f 5073/4257/4760 5076/4260/4763 5068/4310/4755 5067/4311/4754 
f 5080/4341/4767 5079/4342/4766 5074/4258/4761 5073/4257/4760 
f 5086/4343/4773 5085/4344/4772 5076/4260/4763 5075/4259/4762 
f 5084/4268/4771 5083/4267/4770 5078/4345/4765 5077/4346/4764 
f 5088/4347/4775 5087/4348/4774 5082/4266/4769 5081/4265/4768 
f 5091/4275/4778 5090/4274/4777 5069/4349/4756 5072/4350/4759 
f 5099/4285/4786 5098/4284/4785 5071/4351/4758 5070/4352/4757 
f 5106/4353/4793 5105/4354/4792 5093/4279/4780 5096/4282/4783 
f 5108/4296/4795 5107/4295/4794 5094/4326/4781 5093/4323/4780 
f 5110/4298/4797 5109/4297/4796 5095/4281/4782 5094/4280/4781 
f 5112/4300/4799 5111/4299/4798 5096/4322/4783 5095/4327/4782 
f 5089/4273/4776 5079/4318/4766 5106/4355/4793 5111/4299/4798 
f 5100/4286/4787 5108/4296/4795 5105/4356/4792 5078/4320/4765 
f 5099/4285/4786 5070/4352/4757 5110/4357/4797 5107/4295/4794 
f 5090/4274/4777 5112/4300/4799 5109/4358/4796 5069/4349/4756 
f 5114/4359/4801 5113/4360/4800 5101/4289/4788 5104/4292/4791 
f 5116/4304/4803 5115/4303/4802 5102/4334/4789 5101/4331/4788 
f 5118/4306/4805 5117/4305/4804 5103/4291/4790 5102/4290/4789 
f 5120/4308/4807 5119/4307/4806 5104/4330/4791 5103/4335/4790 
f 5097/4283/4784 5087/4319/4774 5114/4361/4801 5119/4307/4806 
f 5092/4276/4779 5116/4304/4803 5113/4362/4800 5086/4317/4773 
f 5091/4275/4778 5072/4350/4759 5118/4363/4805 5115/4303/4802 
f 5098/4284/4785 5120/4308/4807 5117/4364/4804 5071/4351/4758 
# 44 polygons - 16 triangles

#
# object chainsaw_topButton_LP
#

v  -0.2277 7.9366 3.8347
v  -0.2193 7.9636 3.8378
v  -0.2519 7.9636 3.8392
v  -0.2519 7.9272 3.8350
v  -0.2193 9.9131 3.9872
v  -0.2519 9.9130 3.9930
v  -0.2954 9.9130 3.9930
v  -0.2954 7.9636 3.8392
v  -0.2954 7.9272 3.8350
v  -0.2193 7.9207 3.6820
v  -0.2519 7.9085 3.6843
v  -0.2519 7.9083 3.6799
v  -0.2193 7.9205 3.6776
v  -0.2193 7.9216 3.7028
v  -0.2519 7.9094 3.7046
v  -0.2954 7.9085 3.6843
v  -0.2954 7.9094 3.7046
v  -0.2954 7.9083 3.6799
v  -0.2084 7.9573 3.6706
v  -0.2084 7.9575 3.6753
v  -0.2084 9.9260 3.2949
v  -0.2084 9.9257 3.3145
v  -0.2084 9.9239 3.4057
v  -0.2084 7.9583 3.6973
v  -0.3716 9.9688 3.2867
v  -0.3716 9.9684 3.3066
v  -0.3389 9.9827 3.3040
v  -0.3389 9.9831 3.2840
v  -0.3716 9.9667 3.3994
v  -0.3389 9.9809 3.3973
v  -0.2954 9.9827 3.3040
v  -0.2954 9.9809 3.3973
v  -0.2954 9.9831 3.2840
v  -0.3824 9.9260 3.2949
v  -0.3824 9.9257 3.3145
v  -0.3824 7.9573 3.6706
v  -0.3824 7.9575 3.6753
v  -0.3824 9.9239 3.4057
v  -0.3824 7.9583 3.6973
v  -0.3716 7.9270 3.8310
v  -0.3389 7.9149 3.8302
v  -0.3389 7.9272 3.8350
v  -0.3631 7.9366 3.8347
v  -0.3716 7.9261 3.8096
v  -0.3389 7.9139 3.8092
v  -0.2954 7.9149 3.8302
v  -0.2954 7.9139 3.8092
v  -0.2193 9.9576 3.8771
v  -0.2193 9.9558 3.9727
v  -0.2084 9.9134 3.9697
v  -0.2084 9.9152 3.8757
v  -0.2277 9.9445 3.9850
v  -0.2084 7.9634 3.8336
v  -0.2084 7.9626 3.8109
v  -0.2519 9.9699 3.9737
v  -0.2519 9.9554 3.9904
v  -0.2519 9.9717 3.8776
v  -0.2954 9.9699 3.9737
v  -0.2954 9.9717 3.8776
v  -0.2954 9.9554 3.9904
v  -0.3824 7.9634 3.8336
v  -0.3824 7.9626 3.8109
v  -0.3716 7.9636 3.8378
v  -0.3824 9.9134 3.9697
v  -0.3716 9.9131 3.9872
v  -0.3824 9.9152 3.8757
v  -0.3716 7.9238 3.7561
v  -0.3389 7.9116 3.7568
v  -0.3716 7.9216 3.7028
v  -0.3389 7.9094 3.7046
v  -0.2954 7.9116 3.7568
v  -0.2193 9.9621 3.6378
v  -0.2084 9.9196 3.6403
v  -0.2193 9.9667 3.3994
v  -0.2084 7.9604 3.7540
v  -0.2519 9.9763 3.6370
v  -0.2519 9.9809 3.3973
v  -0.2954 9.9763 3.6370
v  -0.3824 7.9604 3.7540
v  -0.3824 9.9196 3.6403
v  -0.3389 9.9554 3.9904
v  -0.3389 9.9130 3.9930
v  -0.3631 9.9445 3.9850
v  -0.3389 7.9636 3.8392
v  -0.3389 7.9085 3.6843
v  -0.3716 7.9207 3.6820
v  -0.3389 7.9083 3.6799
v  -0.3716 7.9205 3.6776
v  -0.2519 9.9827 3.3040
v  -0.2193 9.9684 3.3066
v  -0.2193 9.9688 3.2867
v  -0.2519 9.9831 3.2840
v  -0.2519 7.9139 3.8092
v  -0.2519 7.9149 3.8302
v  -0.2193 7.9261 3.8096
v  -0.2193 7.9270 3.8310
v  -0.3389 9.9717 3.8776
v  -0.3389 9.9699 3.9737
v  -0.3716 9.9576 3.8771
v  -0.3716 9.9558 3.9727
v  -0.2519 7.9116 3.7568
v  -0.2193 7.9238 3.7561
v  -0.3389 9.9763 3.6370
v  -0.3716 9.9621 3.6378
# 104 vertices

vn 0.1461 -0.1784 0.9731
vn 0.2146 -0.1264 0.9685
vn 0.0233 -0.0977 0.9949
vn 0.0456 -0.2488 0.9675
vn 0.5699 0.0712 0.8186
vn 0.0949 -0.0009 0.9955
vn 0.0000 -0.0087 1.0000
vn 0.0000 -0.0967 0.9953
vn 0.0000 -0.2411 0.9705
vn 0.7329 -0.6796 0.0300
vn 0.1792 -0.9828 0.0441
vn 0.1821 -0.9823 0.0447
vn 0.7523 -0.6582 0.0299
vn 0.7324 -0.6803 0.0286
vn 0.1789 -0.9830 0.0424
vn 0.0000 -0.9990 0.0449
vn 0.0000 -0.9991 0.0432
vn 0.0000 -0.9990 0.0455
vn 0.9916 -0.1295 0.0055
vn 0.9898 -0.1422 0.0057
vn 0.9900 0.1409 0.0023
vn 0.9921 0.1251 0.0022
vn 0.9922 0.1247 0.0024
vn 0.9897 -0.1429 0.0054
vn -0.7313 0.6819 0.0137
vn -0.7622 0.6472 0.0125
vn -0.2040 0.9788 0.0192
vn -0.1984 0.9799 0.0196
vn -0.7615 0.6481 0.0122
vn -0.2030 0.9790 0.0187
vn 0.0000 0.9998 0.0196
vn 0.0000 0.9998 0.0192
vn 0.0000 0.9998 0.0200
vn -0.9902 0.1397 0.0023
vn -0.9923 0.1240 0.0021
vn -0.9917 -0.1283 0.0055
vn -0.9900 -0.1410 0.0056
vn -0.9923 0.1236 0.0024
vn -0.9899 -0.1417 0.0054
vn -0.6119 -0.5844 0.5330
vn -0.1399 -0.8221 0.5519
vn -0.0455 -0.2487 0.9675
vn -0.1454 -0.1780 0.9732
vn -0.7306 -0.6822 0.0293
vn -0.1773 -0.9831 0.0448
vn 0.0000 -0.8120 0.5836
vn 0.0000 -0.9990 0.0457
vn 0.7604 0.6494 0.0122
vn 0.7058 0.5986 0.3788
vn 0.9534 0.1117 0.2802
vn 0.9921 0.1254 0.0024
vn 0.4744 0.3012 0.8272
vn 0.8244 -0.1608 0.5426
vn 0.9894 -0.1448 0.0055
vn 0.2028 0.9130 0.3540
vn 0.1877 0.4588 0.8685
vn 0.2028 0.9790 0.0185
vn 0.0000 0.9335 0.3587
vn 0.0000 0.9998 0.0189
vn 0.0000 0.4426 0.8967
vn -0.8247 -0.1585 0.5429
vn -0.9896 -0.1436 0.0055
vn -0.2174 -0.1254 0.9680
vn -0.9538 0.1104 0.2794
vn -0.5721 0.0713 0.8171
vn -0.9922 0.1243 0.0024
vn -0.7317 -0.6811 0.0290
vn -0.1778 -0.9832 0.0423
vn -0.7329 -0.6797 0.0286
vn -0.1784 -0.9831 0.0424
vn 0.0000 -0.9991 0.0430
vn 0.7611 0.6486 0.0124
vn 0.9921 0.1253 0.0023
vn 0.7611 0.6485 0.0123
vn 0.9896 -0.1440 0.0058
vn 0.2037 0.9788 0.0188
vn 0.2036 0.9789 0.0187
vn -0.9897 -0.1427 0.0058
vn -0.9922 0.1243 0.0023
vn -0.1877 0.4588 0.8685
vn -0.0947 -0.0009 0.9955
vn -0.4732 0.3009 0.8279
vn -0.0233 -0.0977 0.9949
vn -0.1787 -0.9829 0.0441
vn -0.7334 -0.6791 0.0300
vn -0.1816 -0.9824 0.0447
vn -0.7528 -0.6575 0.0299
vn 0.2045 0.9787 0.0192
vn 0.7618 0.6476 0.0125
vn 0.7311 0.6822 0.0137
vn 0.1989 0.9798 0.0196
vn 0.1778 -0.9831 0.0448
vn 0.1403 -0.8221 0.5518
vn 0.7301 -0.6828 0.0293
vn 0.6114 -0.5851 0.5328
vn -0.2023 0.9791 0.0185
vn -0.2025 0.9130 0.3542
vn -0.7607 0.6490 0.0122
vn -0.7060 0.5978 0.3798
vn 0.1783 -0.9831 0.0423
vn 0.7311 -0.6816 0.0290
vn -0.2032 0.9790 0.0188
vn -0.7614 0.6482 0.0124
# 103 vertex normals

vt 0.1293 0.9232 0.0000
vt 0.1294 0.9238 0.0000
vt 0.1288 0.9238 0.0000
vt 0.1288 0.9230 0.0000
vt 0.1293 0.9634 0.0000
vt 0.1286 0.9634 0.0000
vt 0.1277 0.9634 0.0000
vt 0.1279 0.9238 0.0000
vt 0.1279 0.9230 0.0000
vt 0.9810 0.9930 0.0000
vt 0.9803 0.9931 0.0000
vt 0.9803 0.9930 0.0000
vt 0.9810 0.9929 0.0000
vt 0.9810 0.9934 0.0000
vt 0.9803 0.9935 0.0000
vt 0.9795 0.9931 0.0000
vt 0.9795 0.9935 0.0000
vt 0.9795 0.9930 0.0000
vt 0.6922 0.7000 0.0000
vt 0.6930 0.6999 0.0000
vt 0.6930 0.7000 0.0000
vt 0.6922 0.7001 0.0000
vt 0.7325 0.6924 0.0000
vt 0.7325 0.6927 0.0000
vt 0.7325 0.6946 0.0000
vt 0.6930 0.7004 0.0000
vt 0.6922 0.7006 0.0000
vt 0.9811 0.9780 0.0000
vt 0.9811 0.9784 0.0000
vt 0.9804 0.9783 0.0000
vt 0.9804 0.9779 0.0000
vt 0.9811 0.9802 0.0000
vt 0.9804 0.9802 0.0000
vt 0.9795 0.9783 0.0000
vt 0.9795 0.9802 0.0000
vt 0.9795 0.9779 0.0000
vt 0.6931 0.6773 0.0000
vt 0.6931 0.6777 0.0000
vt 0.6922 0.6776 0.0000
vt 0.6922 0.6772 0.0000
vt 0.7326 0.6849 0.0000
vt 0.7326 0.6850 0.0000
vt 0.6931 0.6795 0.0000
vt 0.7326 0.6854 0.0000
vt 0.6922 0.6794 0.0000
vt 0.1263 0.9230 0.0000
vt 0.1270 0.9228 0.0000
vt 0.1270 0.9230 0.0000
vt 0.1265 0.9232 0.0000
vt 0.9779 0.9956 0.0000
vt 0.9786 0.9956 0.0000
vt 0.9786 0.9960 0.0000
vt 0.9779 0.9960 0.0000
vt 0.9795 0.9960 0.0000
vt 0.9795 0.9956 0.0000
vt 0.1279 0.9228 0.0000
vt 0.7332 0.7040 0.0000
vt 0.7331 0.7060 0.0000
vt 0.7322 0.7059 0.0000
vt 0.7323 0.7040 0.0000
vt 0.1291 0.9641 0.0000
vt 0.1297 0.9634 0.0000
vt 0.1293 0.9643 0.0000
vt 0.1297 0.9238 0.0000
vt 0.6931 0.7027 0.0000
vt 0.6931 0.7032 0.0000
vt 0.1287 0.9647 0.0000
vt 0.1286 0.9643 0.0000
vt 0.9779 0.9917 0.0000
vt 0.9779 0.9898 0.0000
vt 0.9786 0.9898 0.0000
vt 0.9786 0.9917 0.0000
vt 0.9795 0.9917 0.0000
vt 0.9795 0.9898 0.0000
vt 0.1277 0.9643 0.0000
vt 0.1277 0.9648 0.0000
vt 0.7333 0.6881 0.0000
vt 0.7325 0.6881 0.0000
vt 0.7325 0.6877 0.0000
vt 0.7333 0.6877 0.0000
vt 0.1264 0.9238 0.0000
vt 0.1261 0.9238 0.0000
vt 0.1258 0.9634 0.0000
vt 0.1262 0.9634 0.0000
vt 0.6933 0.6890 0.0000
vt 0.6933 0.6909 0.0000
vt 0.9779 0.9945 0.0000
vt 0.9786 0.9945 0.0000
vt 0.9779 0.9934 0.0000
vt 0.9786 0.9935 0.0000
vt 0.9795 0.9945 0.0000
vt 0.7333 0.6992 0.0000
vt 0.7324 0.6993 0.0000
vt 0.7333 0.6945 0.0000
vt 0.6930 0.7016 0.0000
vt 0.9779 0.9850 0.0000
vt 0.9786 0.9850 0.0000
vt 0.9779 0.9802 0.0000
vt 0.9786 0.9802 0.0000
vt 0.9795 0.9850 0.0000
vt 0.7334 0.6855 0.0000
vt 0.7333 0.6866 0.0000
vt 0.7326 0.6865 0.0000
vt 0.6932 0.6843 0.0000
vt 0.1269 0.9643 0.0000
vt 0.1269 0.9634 0.0000
vt 0.1264 0.9640 0.0000
vt 0.1270 0.9238 0.0000
vt 0.9786 0.9931 0.0000
vt 0.9779 0.9930 0.0000
vt 0.9786 0.9930 0.0000
vt 0.9779 0.9929 0.0000
vt 0.9786 0.9783 0.0000
vt 0.9779 0.9784 0.0000
vt 0.9779 0.9780 0.0000
vt 0.9786 0.9779 0.0000
vt 0.9803 0.9956 0.0000
vt 0.9803 0.9960 0.0000
vt 0.9810 0.9956 0.0000
vt 0.9810 0.9960 0.0000
vt 0.1288 0.9228 0.0000
vt 0.1295 0.9230 0.0000
vt 0.9804 0.9898 0.0000
vt 0.9804 0.9917 0.0000
vt 0.9811 0.9898 0.0000
vt 0.9811 0.9917 0.0000
vt 0.1268 0.9647 0.0000
vt 0.1261 0.9643 0.0000
vt 0.9803 0.9945 0.0000
vt 0.9810 0.9945 0.0000
vt 0.9804 0.9850 0.0000
vt 0.9811 0.9850 0.0000
vt 0.7334 0.6922 0.0000
vt 0.7334 0.6926 0.0000
vt 0.6924 0.6890 0.0000
vt 0.6925 0.6909 0.0000
vt 0.6923 0.6842 0.0000
vt 0.7334 0.6850 0.0000
vt 0.7334 0.6851 0.0000
vt 0.6923 0.7031 0.0000
vt 0.6923 0.7027 0.0000
vt 0.6923 0.7016 0.0000
# 142 texture coords

g chainsaw_topButton_LP
s 1
f 5121/4365/4808 5122/4366/4809 5123/4367/4810 5124/4368/4811 
f 5125/4369/4812 5126/4370/4813 5123/4367/4810 5122/4366/4809 
f 5123/4367/4810 5126/4370/4813 5127/4371/4814 5128/4372/4815 
f 5129/4373/4816 5124/4368/4811 5123/4367/4810 5128/4372/4815 
f 5130/4374/4817 5131/4375/4818 5132/4376/4819 5133/4377/4820 
f 5134/4378/4821 5135/4379/4822 5131/4375/4818 5130/4374/4817 
f 5136/4380/4823 5131/4375/4818 5135/4379/4822 5137/4381/4824 
f 5138/4382/4825 5132/4376/4819 5131/4375/4818 5136/4380/4823 
f 5133/4383/4820 5139/4384/4826 5140/4385/4827 5130/4386/4817 
f 5141/4387/4828 5142/4388/4829 5140/4385/4827 5139/4384/4826 
f 5140/4385/4827 5142/4388/4829 5143/4389/4830 5144/4390/4831 
f 5144/4390/4831 5134/4391/4821 5130/4386/4817 5140/4385/4827 
f 5145/4392/4832 5146/4393/4833 5147/4394/4834 5148/4395/4835 
f 5146/4393/4833 5149/4396/4836 5150/4397/4837 5147/4394/4834 
f 5151/4398/4838 5147/4394/4834 5150/4397/4837 5152/4399/4839 
f 5153/4400/4840 5148/4395/4835 5147/4394/4834 5151/4398/4838 
f 5154/4401/4841 5155/4402/4842 5146/4403/4833 5145/4404/4832 
f 5156/4405/4843 5157/4406/4844 5155/4402/4842 5154/4401/4841 
f 5158/4407/4845 5155/4402/4842 5157/4406/4844 5159/4408/4846 
f 5149/4409/4836 5146/4403/4833 5155/4402/4842 5158/4407/4845 
f 5160/4410/4847 5161/4411/4848 5162/4412/4849 5163/4413/4850 
f 5164/4414/4851 5165/4415/4852 5161/4416/4848 5160/4417/4847 
f 5166/4418/4853 5161/4416/4848 5165/4415/4852 5167/4419/4854 
f 5129/4373/4816 5162/4412/4849 5161/4411/4848 5166/4420/4853 
f 5168/4421/4855 5169/4422/4856 5170/4423/4857 5171/4424/4858 
f 5172/4425/4859 5125/4369/4812 5170/4426/4857 5169/4427/4856 
f 5173/4428/4860 5170/4426/4857 5125/4369/4812 5122/4366/4809 
f 5174/4429/4861 5171/4424/4858 5170/4423/4857 5173/4430/4860 
f 5172/4425/4859 5169/4427/4856 5175/4431/4862 5176/4432/4863 
f 5169/4433/4856 5168/4434/4855 5177/4435/4864 5175/4436/4862 
f 5178/4437/4865 5175/4436/4862 5177/4435/4864 5179/4438/4866 
f 5180/4439/4867 5176/4432/4863 5175/4431/4862 5178/4440/4865 
f 5160/4441/4847 5181/4442/4868 5182/4443/4869 5164/4444/4851 
f 5163/4413/4850 5183/4445/4870 5181/4446/4868 5160/4410/4847 
f 5184/4447/4871 5181/4446/4868 5183/4445/4870 5185/4448/4872 
f 5186/4449/4873 5182/4443/4869 5181/4442/4868 5184/4450/4871 
f 5187/4451/4874 5188/4452/4875 5165/4415/4852 5164/4414/4851 
f 5187/4451/4874 5189/4453/4876 5190/4454/4877 5188/4452/4875 
f 5191/4455/4878 5188/4452/4875 5190/4454/4877 5137/4381/4824 
f 5167/4419/4854 5165/4415/4852 5188/4452/4875 5191/4455/4878 
f 5192/4456/4879 5193/4457/4880 5143/4389/4830 5194/4458/4881 
f 5168/4421/4855 5171/4424/4858 5193/4457/4880 5192/4456/4879 
f 5195/4459/4882 5193/4457/4880 5171/4424/4858 5174/4429/4861 
f 5144/4390/4831 5143/4389/4830 5193/4457/4880 5195/4459/4882 
f 5192/4460/4879 5196/4461/4883 5177/4435/4864 5168/4434/4855 
f 5194/4462/4881 5197/4463/4884 5196/4461/4883 5192/4460/4879 
f 5198/4464/4839 5196/4461/4883 5197/4463/4884 5152/4399/4839 
f 5179/4438/4866 5177/4435/4864 5196/4461/4883 5198/4464/4839 
f 5189/4465/4876 5187/4466/4874 5199/4467/4885 5159/4408/4846 
f 5164/4444/4851 5182/4443/4869 5199/4467/4885 5187/4466/4874 
f 5200/4468/4886 5199/4467/4885 5182/4443/4869 5186/4449/4873 
f 5200/4468/4886 5158/4407/4845 5159/4408/4846 5199/4467/4885 
f 5201/4469/4887 5202/4470/4888 5127/4371/4814 5180/4439/4867 
f 5203/4471/4889 5185/4448/4872 5202/4470/4888 5201/4469/4887 
f 5204/4472/4890 5202/4470/4888 5185/4448/4872 5183/4445/4870 
f 5128/4372/4815 5127/4371/4814 5202/4470/4888 5204/4472/4890 
f 5190/4454/4877 5205/4473/4891 5136/4380/4823 5137/4381/4824 
f 5189/4453/4876 5206/4474/4892 5205/4473/4891 5190/4454/4877 
f 5207/4475/4893 5205/4473/4891 5206/4474/4892 5208/4476/4894 
f 5138/4382/4825 5136/4380/4823 5205/4473/4891 5207/4475/4893 
f 5197/4463/4884 5209/4477/4895 5151/4398/4838 5152/4399/4839 
f 5197/4463/4884 5194/4462/4881 5210/4478/4896 5209/4477/4895 
f 5211/4479/4897 5212/4480/4898 5209/4477/4895 5210/4478/4896 
f 5153/4400/4840 5151/4398/4838 5209/4477/4895 5212/4480/4898 
f 5213/4481/4899 5214/4482/4900 5166/4418/4853 5167/4419/4854 
f 5215/4483/4901 5216/4484/4902 5214/4482/4900 5213/4481/4899 
f 5124/4368/4811 5214/4485/4900 5216/4486/4902 5121/4365/4808 
f 5129/4373/4816 5166/4420/4853 5214/4485/4900 5124/4368/4811 
f 5217/4487/4903 5218/4488/4904 5178/4437/4865 5179/4438/4866 
f 5217/4487/4903 5219/4489/4905 5220/4490/4906 5218/4488/4904 
f 5203/4471/4889 5201/4469/4887 5218/4491/4904 5220/4492/4906 
f 5180/4439/4867 5178/4440/4865 5218/4491/4904 5201/4469/4887 
f 5135/4379/4822 5221/4493/4907 5191/4455/4878 5137/4381/4824 
f 5135/4379/4822 5134/4378/4821 5222/4494/4908 5221/4493/4907 
f 5213/4481/4899 5221/4493/4907 5222/4494/4908 5215/4483/4901 
f 5167/4419/4854 5191/4455/4878 5221/4493/4907 5213/4481/4899 
f 5150/4397/4837 5223/4495/4909 5198/4464/4839 5152/4399/4839 
f 5149/4396/4836 5224/4496/4910 5223/4495/4909 5150/4397/4837 
f 5217/4487/4903 5223/4495/4909 5224/4496/4910 5219/4489/4905 
f 5179/4438/4866 5198/4464/4839 5223/4495/4909 5217/4487/4903 
f 5172/4425/4859 5176/4432/4863 5126/4370/4813 5125/4369/4812 
f 5127/4371/4814 5126/4370/4813 5176/4432/4863 5180/4439/4867 
f 5141/4387/4828 5211/4497/4897 5210/4498/4896 5142/4388/4829 
f 5194/4458/4881 5143/4389/4830 5142/4388/4829 5210/4498/4896 
f 5203/4471/4889 5220/4492/4906 5184/4447/4871 5185/4448/4872 
f 5219/4499/4905 5186/4449/4873 5184/4450/4871 5220/4500/4906 
f 5219/4499/4905 5224/4501/4910 5200/4468/4886 5186/4449/4873 
f 5158/4407/4845 5200/4468/4886 5224/4501/4910 5149/4409/4836 
f 5208/4502/4894 5206/4503/4892 5157/4406/4844 5156/4405/4843 
f 5159/4408/4846 5157/4406/4844 5206/4503/4892 5189/4465/4876 
f 5121/4365/4808 5216/4486/4902 5173/4428/4860 5122/4366/4809 
f 5174/4429/4861 5173/4430/4860 5216/4504/4902 5215/4505/4901 
f 5215/4505/4901 5222/4506/4908 5195/4459/4882 5174/4429/4861 
f 5134/4391/4821 5144/4390/4831 5195/4459/4882 5222/4506/4908 
f 5163/4413/4850 5162/4412/4849 5204/4472/4890 5183/4445/4870 
f 5128/4372/4815 5204/4472/4890 5162/4412/4849 5129/4373/4816 
# 96 polygons

